[31956][1784860189624][requester][info]["DesktopLocationService ~ init initialized"]
[31956][1784860189632][requester][info]["NavigationService ~ Initialized: Success"]
[31956][1784860189633][requester][info]["initializeNavigation~boot - Success"]
[31956][1784860189644][requester][info]["EventBus~initialize - Success"]
[31956][1784860189645][requester][info]["Messaging~boot - Success"]
[31956][1784860189665][requester][info]["bootCrashReporter~ Success"]
[31956][1784860189667][requester][info]["Telemetry~boot - Success"]
[31956][1784860189669][requester][info]["bootConfigurations~initialize - Success"]
[31956][1784860189695][requester][info]["Settings~boot - Success"]
[31956][1784860189698][requester][info]["Initialize-db~sanitizeInitialMigrationContext: Bailing out"]
[31956][1784860189713][requester][info]["Migrations: Starting migrations"]
[31956][1784860189714][requester][info]["Migrations: Walking migration","0000_initial"]
[31956][1784860189714][requester][info]["Migrations: Walking migration","0001_add_archived_resources_table"]
[31956][1784860189714][requester][info]["Migrations: Walking migration","0002_add_variable_sessions_table"]
[31956][1784860189714][requester][info]["Migrations: Walking migration","0003_add_editor_tables"]
[31956][1784860189715][requester][info]["Migrations: Walking migration","0004_migrate_ws_session_data"]
[31956][1784860189715][requester][info]["Migrations: Walking migration","0005_cleanup_request_response_and_history_body"]
[31956][1784860189715][requester][info]["Migrations: Walking migration","0006_add_dbp_to_request_response_and_history"]
[31956][1784860189715][requester][info]["Migrations: Walking migration","0007_add_sync_client_buckets_by_order_id_table"]
[31956][1784860189715][requester][info]["Migrations: Walking migration","0008_migrate_to_sync_client_buckets_by_order_id"]
[31956][1784860189716][requester][info]["Migrations: Walking migration","0009_remove_sync_client_buckets_table"]
[31956][1784860189716][requester][info]["Migrations: Walking migration","0010_add_history_owner"]
[31956][1784860189716][requester][info]["Migrations: Walking migration","0011_add_history_response_table"]
[31956][1784860189716][requester][info]["Migrations: Walking migration","0012_add_user_data_table"]
[31956][1784860189716][requester][info]["Migrations: Walking migration","0013_sanitize_request_response_and_history_methods"]
[31956][1784860189716][requester][info]["Migrations: Walking migration","0014_sanitize_response_requestobject_rawmodedata"]
[31956][1784860189717][requester][info]["Migrations: Walking migration","0015_add_favorited_collections_table"]
[31956][1784860189717][requester][info]["Migrations: Walking migration","0016_add_permission_table"]
[31956][1784860189717][requester][info]["Migrations: Walking migration","0017_add_user_preferences_table"]
[31956][1784860189717][requester][info]["Migrations: Walking migration","0018_index_header_presets"]
[31956][1784860189718][requester][info]["Migrations: Walking migration","0019_migrate_favorite_collections_data"]
[31956][1784860189718][requester][info]["Migrations: Walking migration","0020_migrate_sync_client_revision"]
[31956][1784860189718][requester][info]["Migrations: Walking migration","0021_clear_permissions"]
[31956][1784860189718][requester][info]["Migrations: Walking migration","0022_add_workspace_header_presets"]
[31956][1784860189718][requester][info]["Migrations: Walking migration","0023_remove_collection_permissions_and_shared"]
[31956][1784860189718][requester][info]["Migrations: Walking migration","0024_add_console_timelines_table"]
[31956][1784860189718][requester][info]["Migrations: Walking migration","0025_add_console_events_table"]
[31956][1784860189718][requester][info]["Migrations: Walking migration","0026_index_console_events"]
[31956][1784860189719][requester][info]["Migrations: Walking migration","0027_add_console_blob_table"]
[31956][1784860189719][requester][info]["Migrations: Walking migration","0028_add_runner_data_table"]
[31956][1784860189719][requester][info]["Migrations: Walking migration","0029_add_api_schema_table"]
[31956][1784860189720][requester][info]["Migrations: Walking migration","0030_migrate_collection_runs"]
[31956][1784860189720][requester][info]["Migrations: Walking migration","0031_add_api_relation_table"]
[31956][1784860189720][requester][info]["Migrations: Walking migration","0032_index_workspacesession_editor"]
[31956][1784860189720][requester][info]["Migrations: Walking migration","0033_add_editor_data_cache_table"]
[31956][1784860189720][requester][info]["Migrations: Walking migration","0034_migrate_editor_data"]
[31956][1784860189720][requester][info]["Migrations: Walking migration","0035_remove_editors_table"]
[31956][1784860189720][requester][info]["Migrations: Walking migration","0036_add_auth_sessions_table"]
[31956][1784860189720][requester][info]["Migrations: Walking migration","0037_add_list_cache_table"]
[31956][1784860189720][requester][info]["Migrations: Walking migration","0038_add_cookies_table"]
[31956][1784860189721][requester][info]["Migrations: Walking migration","0039_add_runtime_preferences_table"]
[31956][1784860189721][requester][info]["Migrations: Walking migration","0040_index_cookies_table"]
[31956][1784860189721][requester][info]["Migrations: Walking migration","0041_update_collections_folder_request_response_with_owner_and_uid"]
[31956][1784860189721][requester][info]["Migrations: Walking migration","0042_migrate_runtime_user_preferences"]
[31956][1784860189721][requester][info]["Migrations: Walking migration","0043_cleanup_launchpad_bootcamp"]
[31956][1784860189721][requester][info]["Migrations: Walking migration","0044_migrate_tab_resource"]
[31956][1784860189721][requester][info]["Migrations: Walking migration","0045_add_runtime_entity_settings_table"]
[31956][1784860189721][requester][info]["Migrations: Walking migration","0046_migrate_responses_order"]
[31956][1784860189722][requester][info]["Migrations: Walking migration","0047_update_api_relation_v2_table_indexes"]
[31956][1784860189722][requester][info]["Migrations: Walking migration","0048_add_session_cookie_table"]
[31956][1784860189722][requester][info]["Migrations: Walking migration","0049_migrate_data_from_file_to_https"]
[31956][1784860189722][requester][info]["Migrations: Walking migration","0050_add_usage_table"]
[31956][1784860189722][requester][info]["Migrations: Walking migration","0051_add_collection_usage_table"]
[31956][1784860189722][requester][info]["Migrations: Walking migration","0052_add_ecitem_history_table"]
[31956][1784860189722][requester][info]["Migrations: Walking migration","0053_add_timestamp_runner_blob"]
[31956][1784860189723][requester][info]["Migrations: Walking migration","0054_encrypt_values_of_variable_sessions_table"]
[31956][1784860189723][requester][info]["Migrations: Walking migration","0055_encrypt_buffers_of_editor_models_table"]
[31956][1784860189723][requester][info]["Migrations: Walking migration","0056_add_local_runner_tables"]
[31956][1784860189724][requester][info]["Migrations: Starting migration","0000_initial"]
[31956][1784860189724][requester][info]["Migrations: Setting context before starting migration","0000_initial",{"0000_initial":"started"}]
[31956][1784860189725][requester][info]["Migrations: Applying migration","0000_initial"]
[31956][1784860189725][requester][info]["Migrations: Upgrading IndexedDB to version","0000_initial",1]
[31956][1784860189728][requester][info]["Migrations: Adding pending commit to queue","0000_initial"]
[31956][1784860189729][requester][info]["Migrations: Starting migration","0001_add_archived_resources_table"]
[31956][1784860189729][requester][info]["Migrations: Setting context before starting migration","0001_add_archived_resources_table",{"0000_initial":"started","0001_add_archived_resources_table":"started"}]
[31956][1784860189730][requester][info]["Migrations: Applying migration","0001_add_archived_resources_table"]
[31956][1784860189730][requester][info]["Migrations: Upgrading IndexedDB to version","0001_add_archived_resources_table",2]
[31956][1784860189731][requester][info]["Migrations: Adding pending commit to queue","0001_add_archived_resources_table"]
[31956][1784860189731][requester][info]["Migrations: Starting migration","0002_add_variable_sessions_table"]
[31956][1784860189732][requester][info]["Migrations: Setting context before starting migration","0002_add_variable_sessions_table",{"0000_initial":"started","0001_add_archived_resources_table":"started","0002_add_variable_sessions_table":"started"}]
[31956][1784860189732][requester][info]["Migrations: Applying migration","0002_add_variable_sessions_table"]
[31956][1784860189732][requester][info]["Migrations: Upgrading IndexedDB to version","0002_add_variable_sessions_table",3]
[31956][1784860189733][requester][info]["Migrations: Adding pending commit to queue","0002_add_variable_sessions_table"]
[31956][1784860189733][requester][info]["Migrations: Starting migration","0003_add_editor_tables"]
[31956][1784860189734][requester][info]["Migrations: Setting context before starting migration","0003_add_editor_tables",{"0000_initial":"started","0001_add_archived_resources_table":"started","0002_add_variable_sessions_table":"started","0003_add_editor_tables":"started"}]
[31956][1784860189734][requester][info]["Migrations: Applying migration","0003_add_editor_tables"]
[31956][1784860189734][requester][info]["Migrations: Upgrading IndexedDB to version","0003_add_editor_tables",4]
[31956][1784860189735][requester][info]["Migrations: Adding pending commit to queue","0003_add_editor_tables"]
[31956][1784860189735][requester][info]["Migrations: Starting migration","0004_migrate_ws_session_data"]
[31956][1784860189735][requester][info]["Migrations: Flushing pending migrations for","0004_migrate_ws_session_data"]
[31956][1784860189736][requester][info]["Migrations: Flushing pending commit for type","IndexeddbSchemaMigration"]
[31956][1784860189736][requester][info]["Migrations: Committing IndexedDB upgrade"]
[31956][1784860189756][requester][info]["Migrations: Updating status in migration context",{"0000_initial":"started","0001_add_archived_resources_table":"started","0002_add_variable_sessions_table":"started","0003_add_editor_tables":"started"}]
[31956][1784860189756][requester][info]["Migrations: Updated status in migration context",{"0000_initial":"finished","0001_add_archived_resources_table":"finished","0002_add_variable_sessions_table":"finished","0003_add_editor_tables":"finished"}]
[31956][1784860189757][requester][info]["Migrations: Setting context before starting migration","0004_migrate_ws_session_data",{"0000_initial":"finished","0001_add_archived_resources_table":"finished","0002_add_variable_sessions_table":"finished","0003_add_editor_tables":"finished","0004_migrate_ws_session_data":"started"}]
[31956][1784860189757][requester][info]["Migrations: Applying migration","0004_migrate_ws_session_data"]
[31956][1784860189758][requester][info]["Migrations: Processing IndexedDB data migration","0004_migrate_ws_session_data"]
[31956][1784860189763][requester][info]["Migration~Tabs: Starting migration"]
[31956][1784860189770][requester][info]["Migration~Tabs: Completed transformation"]
[31956][1784860189771][requester][info]["Migration~Tabs: Creating editors"]
[31956][1784860189772][requester][info]["Migration~Tabs: Creating editor models"]
[31956][1784860189774][requester][info]["Migrations: Saving migration context after completion","0004_migrate_ws_session_data",{"0000_initial":"finished","0001_add_archived_resources_table":"finished","0002_add_variable_sessions_table":"finished","0003_add_editor_tables":"finished","0004_migrate_ws_session_data":"started"}]
[31956][1784860189775][requester][info]["Migrations: Starting migration","0005_cleanup_request_response_and_history_body"]
[31956][1784860189775][requester][info]["Migrations: Flushing pending migrations for","0005_cleanup_request_response_and_history_body"]
[31956][1784860189775][requester][info]["Migrations: Updating status in migration context",{"0000_initial":"finished","0001_add_archived_resources_table":"finished","0002_add_variable_sessions_table":"finished","0003_add_editor_tables":"finished","0004_migrate_ws_session_data":"finished"}]
[31956][1784860189775][requester][info]["Migrations: Updated status in migration context",{"0000_initial":"finished","0001_add_archived_resources_table":"finished","0002_add_variable_sessions_table":"finished","0003_add_editor_tables":"finished","0004_migrate_ws_session_data":"finished"}]
[31956][1784860189776][requester][info]["Migrations: Setting context before starting migration","0005_cleanup_request_response_and_history_body",{"0000_initial":"finished","0001_add_archived_resources_table":"finished","0002_add_variable_sessions_table":"finished","0003_add_editor_tables":"finished","0004_migrate_ws_session_data":"finished","0005_cleanup_request_response_and_history_body":"started"}]
[31956][1784860189776][requester][info]["Migrations: Applying migration","0005_cleanup_request_response_and_history_body"]
[31956][1784860189776][requester][info]["Migrations: Processing IndexedDB data migration","0005_cleanup_request_response_and_history_body"]
[31956][1784860189784][requester][info]["Migrations: Saving migration context after completion","0005_cleanup_request_response_and_history_body",{"0000_initial":"finished","0001_add_archived_resources_table":"finished","0002_add_variable_sessions_table":"finished","0003_add_editor_tables":"finished","0004_migrate_ws_session_data":"finished","0005_cleanup_request_response_and_history_body":"started"}]
[31956][1784860189785][requester][info]["Migrations: Starting migration","0006_add_dbp_to_request_response_and_history"]
[31956][1784860189785][requester][info]["Migrations: Flushing pending migrations for","0006_add_dbp_to_request_response_and_history"]
[31956][1784860189785][requester][info]["Migrations: Updating status in migration context",{"0000_initial":"finished","0001_add_archived_resources_table":"finished","0002_add_variable_sessions_table":"finished","0003_add_editor_tables":"finished","0004_migrate_ws_session_data":"finished","0005_cleanup_request_response_and_history_body":"finished"}]
[31956][1784860189786][requester][info]["Migrations: Updated status in migration context",{"0000_initial":"finished","0001_add_archived_resources_table":"finished","0002_add_variable_sessions_table":"finished","0003_add_editor_tables":"finished","0004_migrate_ws_session_data":"finished","0005_cleanup_request_response_and_history_body":"finished"}]
[31956][1784860189786][requester][info]["Migrations: Setting context before starting migration","0006_add_dbp_to_request_response_and_history",{"0000_initial":"finished","0001_add_archived_resources_table":"finished","0002_add_variable_sessions_table":"finished","0003_add_editor_tables":"finished","0004_migrate_ws_session_data":"finished","0005_cleanup_request_response_and_history_body":"finished","0006_add_dbp_to_request_response_and_history":"started"}]
[31956][1784860189787][requester][info]["Migrations: Applying migration","0006_add_dbp_to_request_response_and_history"]
[31956][1784860189787][requester][info]["Migrations: Processing IndexedDB data migration","0006_add_dbp_to_request_response_and_history"]
[31956][1784860189796][requester][info]["Migrations: Saving migration context after completion","0006_add_dbp_to_request_response_and_history",{"0000_initial":"finished","0001_add_archived_resources_table":"finished","0002_add_variable_sessions_table":"finished","0003_add_editor_tables":"finished","0004_migrate_ws_session_data":"finished","0005_cleanup_request_response_and_history_body":"finished","0006_add_dbp_to_request_response_and_history":"started"}]
[31956][1784860189797][requester][info]["Migrations: Starting migration","0007_add_sync_client_buckets_by_order_id_table"]
[31956][1784860189797][requester][info]["Migrations: Setting context before starting migration","0007_add_sync_client_buckets_by_order_id_table",{"0000_initial":"finished","0001_add_archived_resources_table":"finished","0002_add_variable_sessions_table":"finished","0003_add_editor_tables":"finished","0004_migrate_ws_session_data":"finished","0005_cleanup_request_response_and_history_body":"finished","0006_add_dbp_to_request_response_and_history":"finished","0007_add_sync_client_buckets_by_order_id_table":"started"}]
[31956][1784860189797][requester][info]["Migrations: Applying migration","0007_add_sync_client_buckets_by_order_id_table"]
[31956][1784860189798][requester][info]["Migrations: Upgrading IndexedDB to version","0007_add_sync_client_buckets_by_order_id_table",5]
[31956][1784860189799][requester][info]["Migrations: Adding pending commit to queue","0007_add_sync_client_buckets_by_order_id_table"]
[31956][1784860189799][requester][info]["Migrations: Starting migration","0008_migrate_to_sync_client_buckets_by_order_id"]
[31956][1784860189799][requester][info]["Migrations: Flushing pending migrations for","0008_migrate_to_sync_client_buckets_by_order_id"]
[31956][1784860189800][requester][info]["Migrations: Flushing pending commit for type","IndexeddbSchemaMigration"]
[31956][1784860189800][requester][info]["Migrations: Committing IndexedDB upgrade"]
[31956][1784860189809][requester][info]["Migrations: Updating status in migration context",{"0000_initial":"finished","0001_add_archived_resources_table":"finished","0002_add_variable_sessions_table":"finished","0003_add_editor_tables":"finished","0004_migrate_ws_session_data":"finished","0005_cleanup_request_response_and_history_body":"finished","0006_add_dbp_to_request_response_and_history":"finished","0007_add_sync_client_buckets_by_order_id_table":"started"}]
[31956][1784860189810][requester][info]["Migrations: Updated status in migration context",{"0000_initial":"finished","0001_add_archived_resources_table":"finished","0002_add_variable_sessions_table":"finished","0003_add_editor_tables":"finished","0004_migrate_ws_session_data":"finished","0005_cleanup_request_response_and_history_body":"finished","0006_add_dbp_to_request_response_and_history":"finished","0007_add_sync_client_buckets_by_order_id_table":"finished"}]
[31956][1784860189810][requester][info]["Migrations: Setting context before starting migration","0008_migrate_to_sync_client_buckets_by_order_id",{"0000_initial":"finished","0001_add_archived_resources_table":"finished","0002_add_variable_sessions_table":"finished","0003_add_editor_tables":"finished","0004_migrate_ws_session_data":"finished","0005_cleanup_request_response_and_history_body":"finished","0006_add_dbp_to_request_response_and_history":"finished","0007_add_sync_client_buckets_by_order_id_table":"finished","0008_migrate_to_sync_client_buckets_by_order_id":"started"}]
[31956][1784860189811][requester][info]["Migrations: Applying migration","0008_migrate_to_sync_client_buckets_by_order_id"]
[31956][1784860189811][requester][info]["Migrations: Processing IndexedDB data migration","0008_migrate_to_sync_client_buckets_by_order_id"]
[31956][1784860189817][requester][info]["Migrations: Saving migration context after completion","0008_migrate_to_sync_client_buckets_by_order_id",{"0000_initial":"finished","0001_add_archived_resources_table":"finished","0002_add_variable_sessions_table":"finished","0003_add_editor_tables":"finished","0004_migrate_ws_session_data":"finished","0005_cleanup_request_response_and_history_body":"finished","0006_add_dbp_to_request_response_and_history":"finished","0007_add_sync_client_buckets_by_order_id_table":"finished","0008_migrate_to_sync_client_buckets_by_order_id":"started"}]
[31956][1784860189817][requester][info]["Migrations: Starting migration","0009_remove_sync_client_buckets_table"]
[31956][1784860189817][requester][info]["Migrations: Setting context before starting migration","0009_remove_sync_client_buckets_table",{"0000_initial":"finished","0001_add_archived_resources_table":"finished","0002_add_variable_sessions_table":"finished","0003_add_editor_tables":"finished","0004_migrate_ws_session_data":"finished","0005_cleanup_request_response_and_history_body":"finished","0006_add_dbp_to_request_response_and_history":"finished","0007_add_sync_client_buckets_by_order_id_table":"finished","0008_migrate_to_sync_client_buckets_by_order_id":"finished","0009_remove_sync_client_buckets_table":"started"}]
[31956][1784860189818][requester][info]["Migrations: Applying migration","0009_remove_sync_client_buckets_table"]
[31956][1784860189818][requester][info]["Migrations: Upgrading IndexedDB to version","0009_remove_sync_client_buckets_table",6]
[31956][1784860189819][requester][info]["Migrations: Adding pending commit to queue","0009_remove_sync_client_buckets_table"]
[31956][1784860189819][requester][info]["Migrations: Starting migration","0010_add_history_owner"]
[31956][1784860189820][requester][info]["Migrations: Flushing pending migrations for","0010_add_history_owner"]
[31956][1784860189820][requester][info]["Migrations: Flushing pending commit for type","IndexeddbSchemaMigration"]
[31956][1784860189820][requester][info]["Migrations: Committing IndexedDB upgrade"]
[31956][1784860189826][requester][info]["Migrations: Updating status in migration context",{"0000_initial":"finished","0001_add_archived_resources_table":"finished","0002_add_variable_sessions_table":"finished","0003_add_editor_tables":"finished","0004_migrate_ws_session_data":"finished","0005_cleanup_request_response_and_history_body":"finished","0006_add_dbp_to_request_response_and_history":"finished","0007_add_sync_client_buckets_by_order_id_table":"finished","0008_migrate_to_sync_client_buckets_by_order_id":"finished","0009_remove_sync_client_buckets_table":"started"}]
[31956][1784860189827][requester][info]["Migrations: Updated status in migration context",{"0000_initial":"finished","0001_add_archived_resources_table":"finished","0002_add_variable_sessions_table":"finished","0003_add_editor_tables":"finished","0004_migrate_ws_session_data":"finished","0005_cleanup_request_response_and_history_body":"finished","0006_add_dbp_to_request_response_and_history":"finished","0007_add_sync_client_buckets_by_order_id_table":"finished","0008_migrate_to_sync_client_buckets_by_order_id":"finished","0009_remove_sync_client_buckets_table":"finished"}]
[31956][1784860189827][requester][info]["Migrations: Setting context before starting migration","0010_add_history_owner",{"0000_initial":"finished","0001_add_archived_resources_table":"finished","0002_add_variable_sessions_table":"finished","0003_add_editor_tables":"finished","0004_migrate_ws_session_data":"finished","0005_cleanup_request_response_and_history_body":"finished","0006_add_dbp_to_request_response_and_history":"finished","0007_add_sync_client_buckets_by_order_id_table":"finished","0008_migrate_to_sync_client_buckets_by_order_id":"finished","0009_remove_sync_client_buckets_table":"finished","0010_add_history_owner":"started"}]
[31956][1784860189828][requester][info]["Migrations: Applying migration","0010_add_history_owner"]
[31956][1784860189828][requester][info]["Migrations: Processing IndexedDB data migration","0010_add_history_owner"]
[31956][1784860189834][requester][info]["Migrations: Saving migration context after completion","0010_add_history_owner",{"0000_initial":"finished","0001_add_archived_resources_table":"finished","0002_add_variable_sessions_table":"finished","0003_add_editor_tables":"finished","0004_migrate_ws_session_data":"finished","0005_cleanup_request_response_and_history_body":"finished","0006_add_dbp_to_request_response_and_history":"finished","0007_add_sync_client_buckets_by_order_id_table":"finished","0008_migrate_to_sync_client_buckets_by_order_id":"finished","0009_remove_sync_client_buckets_table":"finished","0010_add_history_owner":"started"}]
[31956][1784860189835][requester][info]["Migrations: Starting migration","0011_add_history_response_table"]
[31956][1784860189835][requester][info]["Migrations: Setting context before starting migration","0011_add_history_response_table",{"0000_initial":"finished","0001_add_archived_resources_table":"finished","0002_add_variable_sessions_table":"finished","0003_add_editor_tables":"finished","0004_migrate_ws_session_data":"finished","0005_cleanup_request_response_and_history_body":"finished","0006_add_dbp_to_request_response_and_history":"finished","0007_add_sync_client_buckets_by_order_id_table":"finished","0008_migrate_to_sync_client_buckets_by_order_id":"finished","0009_remove_sync_client_buckets_table":"finished","0010_add_history_owner":"finished","0011_add_history_response_table":"started"}]
[31956][1784860189835][requester][info]["Migrations: Applying migration","0011_add_history_response_table"]
[31956][1784860189836][requester][info]["Migrations: Upgrading IndexedDB to version","0011_add_history_response_table",7]
[31956][1784860189837][requester][info]["Migrations: Adding pending commit to queue","0011_add_history_response_table"]
[31956][1784860189837][requester][info]["Migrations: Starting migration","0012_add_user_data_table"]
[31956][1784860189837][requester][info]["Migrations: Setting context before starting migration","0012_add_user_data_table",{"0000_initial":"finished","0001_add_archived_resources_table":"finished","0002_add_variable_sessions_table":"finished","0003_add_editor_tables":"finished","0004_migrate_ws_session_data":"finished","0005_cleanup_request_response_and_history_body":"finished","0006_add_dbp_to_request_response_and_history":"finished","0007_add_sync_client_buckets_by_order_id_table":"finished","0008_migrate_to_sync_client_buckets_by_order_id":"finished","0009_remove_sync_client_buckets_table":"finished","0010_add_history_owner":"finished","0011_add_history_response_table":"started","0012_add_user_data_table":"started"}]
[31956][1784860189837][requester][info]["Migrations: Applying migration","0012_add_user_data_table"]
[31956][1784860189838][requester][info]["Migrations: Upgrading IndexedDB to version","0012_add_user_data_table",8]
[31956][1784860189838][requester][info]["Migrations: Adding pending commit to queue","0012_add_user_data_table"]
[31956][1784860189839][requester][info]["Migrations: Starting migration","0013_sanitize_request_response_and_history_methods"]
[31956][1784860189839][requester][info]["Migrations: Flushing pending migrations for","0013_sanitize_request_response_and_history_methods"]
[31956][1784860189839][requester][info]["Migrations: Flushing pending commit for type","IndexeddbSchemaMigration"]
[31956][1784860189839][requester][info]["Migrations: Committing IndexedDB upgrade"]
[31956][1784860189847][requester][info]["Migrations: Updating status in migration context",{"0000_initial":"finished","0001_add_archived_resources_table":"finished","0002_add_variable_sessions_table":"finished","0003_add_editor_tables":"finished","0004_migrate_ws_session_data":"finished","0005_cleanup_request_response_and_history_body":"finished","0006_add_dbp_to_request_response_and_history":"finished","0007_add_sync_client_buckets_by_order_id_table":"finished","0008_migrate_to_sync_client_buckets_by_order_id":"finished","0009_remove_sync_client_buckets_table":"finished","0010_add_history_owner":"finished","0011_add_history_response_table":"started","0012_add_user_data_table":"started"}]
[31956][1784860189847][requester][info]["Migrations: Updated status in migration context",{"0000_initial":"finished","0001_add_archived_resources_table":"finished","0002_add_variable_sessions_table":"finished","0003_add_editor_tables":"finished","0004_migrate_ws_session_data":"finished","0005_cleanup_request_response_and_history_body":"finished","0006_add_dbp_to_request_response_and_history":"finished","0007_add_sync_client_buckets_by_order_id_table":"finished","0008_migrate_to_sync_client_buckets_by_order_id":"finished","0009_remove_sync_client_buckets_table":"finished","0010_add_history_owner":"finished","0011_add_history_response_table":"finished","0012_add_user_data_table":"finished"}]
[31956][1784860189848][requester][info]["Migrations: Setting context before starting migration","0013_sanitize_request_response_and_history_methods",{"0000_initial":"finished","0001_add_archived_resources_table":"finished","0002_add_variable_sessions_table":"finished","0003_add_editor_tables":"finished","0004_migrate_ws_session_data":"finished","0005_cleanup_request_response_and_history_body":"finished","0006_add_dbp_to_request_response_and_history":"finished","0007_add_sync_client_buckets_by_order_id_table":"finished","0008_migrate_to_sync_client_buckets_by_order_id":"finished","0009_remove_sync_client_buckets_table":"finished","0010_add_history_owner":"finished","0011_add_history_response_table":"finished","0012_add_user_data_table":"finished","0013_sanitize_request_response_and_history_methods":"started"}]
[31956][1784860189848][requester][info]["Migrations: Applying migration","0013_sanitize_request_response_and_history_methods"]
[31956][1784860189848][requester][info]["Migrations: Processing IndexedDB data migration","0013_sanitize_request_response_and_history_methods"]
[31956][1784860189856][requester][info]["Migrations: Saving migration context after completion","0013_sanitize_request_response_and_history_methods",{"0000_initial":"finished","0001_add_archived_resources_table":"finished","0002_add_variable_sessions_table":"finished","0003_add_editor_tables":"finished","0004_migrate_ws_session_data":"finished","0005_cleanup_request_response_and_history_body":"finished","0006_add_dbp_to_request_response_and_history":"finished","0007_add_sync_client_buckets_by_order_id_table":"finished","0008_migrate_to_sync_client_buckets_by_order_id":"finished","0009_remove_sync_client_buckets_table":"finished","0010_add_history_owner":"finished","0011_add_history_response_table":"finished","0012_add_user_data_table":"finished","0013_sanitize_request_response_and_history_methods":"started"}]
[31956][1784860189857][requester][info]["Migrations: Starting migration","0014_sanitize_response_requestobject_rawmodedata"]
[31956][1784860189857][requester][info]["Migrations: Flushing pending migrations for","0014_sanitize_response_requestobject_rawmodedata"]
[31956][1784860189857][requester][info]["Migrations: Updating status in migration context",{"0000_initial":"finished","0001_add_archived_resources_table":"finished","0002_add_variable_sessions_table":"finished","0003_add_editor_tables":"finished","0004_migrate_ws_session_data":"finished","0005_cleanup_request_response_and_history_body":"finished","0006_add_dbp_to_request_response_and_history":"finished","0007_add_sync_client_buckets_by_order_id_table":"finished","0008_migrate_to_sync_client_buckets_by_order_id":"finished","0009_remove_sync_client_buckets_table":"finished","0010_add_history_owner":"finished","0011_add_history_response_table":"finished","0012_add_user_data_table":"finished","0013_sanitize_request_response_and_history_methods":"finished"}]
[31956][1784860189858][requester][info]["Migrations: Updated status in migration context",{"0000_initial":"finished","0001_add_archived_resources_table":"finished","0002_add_variable_sessions_table":"finished","0003_add_editor_tables":"finished","0004_migrate_ws_session_data":"finished","0005_cleanup_request_response_and_history_body":"finished","0006_add_dbp_to_request_response_and_history":"finished","0007_add_sync_client_buckets_by_order_id_table":"finished","0008_migrate_to_sync_client_buckets_by_order_id":"finished","0009_remove_sync_client_buckets_table":"finished","0010_add_history_owner":"finished","0011_add_history_response_table":"finished","0012_add_user_data_table":"finished","0013_sanitize_request_response_and_history_methods":"finished"}]
[31956][1784860189858][requester][info]["Migrations: Setting context before starting migration","0014_sanitize_response_requestobject_rawmodedata",{"0000_initial":"finished","0001_add_archived_resources_table":"finished","0002_add_variable_sessions_table":"finished","0003_add_editor_tables":"finished","0004_migrate_ws_session_data":"finished","0005_cleanup_request_response_and_history_body":"finished","0006_add_dbp_to_request_response_and_history":"finished","0007_add_sync_client_buckets_by_order_id_table":"finished","0008_migrate_to_sync_client_buckets_by_order_id":"finished","0009_remove_sync_client_buckets_table":"finished","0010_add_history_owner":"finished","0011_add_history_response_table":"finished","0012_add_user_data_table":"finished","0013_sanitize_request_response_and_history_methods":"finished","0014_sanitize_response_requestobject_rawmodedata":"started"}]
[31956][1784860189861][requester][info]["Migrations: Applying migration","0014_sanitize_response_requestobject_rawmodedata"]
[31956][1784860189862][requester][info]["Migrations: Processing IndexedDB data migration","0014_sanitize_response_requestobject_rawmodedata"]
[31956][1784860189867][requester][info]["Migrations: Saving migration context after completion","0014_sanitize_response_requestobject_rawmodedata",{"0000_initial":"finished","0001_add_archived_resources_table":"finished","0002_add_variable_sessions_table":"finished","0003_add_editor_tables":"finished","0004_migrate_ws_session_data":"finished","0005_cleanup_request_response_and_history_body":"finished","0006_add_dbp_to_request_response_and_history":"finished","0007_add_sync_client_buckets_by_order_id_table":"finished","0008_migrate_to_sync_client_buckets_by_order_id":"finished","0009_remove_sync_client_buckets_table":"finished","0010_add_history_owner":"finished","0011_add_history_response_table":"finished","0012_add_user_data_table":"finished","0013_sanitize_request_response_and_history_methods":"finished","0014_sanitize_response_requestobject_rawmodedata":"started"}]
[31956][1784860189868][requester][info]["Migrations: Starting migration","0015_add_favorited_collections_table"]
[31956][1784860189869][requester][info]["Migrations: Setting context before starting migration","0015_add_favorited_collections_table",{"0000_initial":"finished","0001_add_archived_resources_table":"finished","0002_add_variable_sessions_table":"finished","0003_add_editor_tables":"finished","0004_migrate_ws_session_data":"finished","0005_cleanup_request_response_and_history_body":"finished","0006_add_dbp_to_request_response_and_history":"finished","0007_add_sync_client_buckets_by_order_id_table":"finished","0008_migrate_to_sync_client_buckets_by_order_id":"finished","0009_remove_sync_client_buckets_table":"finished","0010_add_history_owner":"finished","0011_add_history_response_table":"finished","0012_add_user_data_table":"finished","0013_sanitize_request_response_and_history_methods":"finished","0014_sanitize_response_requestobject_rawmodedata":"finished","0015_add_favorited_collections_table":"started"}]
[31956][1784860189869][requester][info]["Migrations: Applying migration","0015_add_favorited_collections_table"]
[31956][1784860189869][requester][info]["Migrations: Upgrading IndexedDB to version","0015_add_favorited_collections_table",9]
[31956][1784860189871][requester][info]["Migrations: Adding pending commit to queue","0015_add_favorited_collections_table"]
[31956][1784860189871][requester][info]["Migrations: Starting migration","0016_add_permission_table"]
[31956][1784860189871][requester][info]["Migrations: Setting context before starting migration","0016_add_permission_table",{"0000_initial":"finished","0001_add_archived_resources_table":"finished","0002_add_variable_sessions_table":"finished","0003_add_editor_tables":"finished","0004_migrate_ws_session_data":"finished","0005_cleanup_request_response_and_history_body":"finished","0006_add_dbp_to_request_response_and_history":"finished","0007_add_sync_client_buckets_by_order_id_table":"finished","0008_migrate_to_sync_client_buckets_by_order_id":"finished","0009_remove_sync_client_buckets_table":"finished","0010_add_history_owner":"finished","0011_add_history_response_table":"finished","0012_add_user_data_table":"finished","0013_sanitize_request_response_and_history_methods":"finished","0014_sanitize_response_requestobject_rawmodedata":"finished","0015_add_favorited_collections_table":"started","0016_add_permission_table":"started"}]
[31956][1784860189872][requester][info]["Migrations: Applying migration","0016_add_permission_table"]
[31956][1784860189872][requester][info]["Migrations: Upgrading IndexedDB to version","0016_add_permission_table",10]
[31956][1784860189873][requester][info]["Migrations: Adding pending commit to queue","0016_add_permission_table"]
[31956][1784860189873][requester][info]["Migrations: Starting migration","0017_add_user_preferences_table"]
[31956][1784860189874][requester][info]["Migrations: Setting context before starting migration","0017_add_user_preferences_table",{"0000_initial":"finished","0001_add_archived_resources_table":"finished","0002_add_variable_sessions_table":"finished","0003_add_editor_tables":"finished","0004_migrate_ws_session_data":"finished","0005_cleanup_request_response_and_history_body":"finished","0006_add_dbp_to_request_response_and_history":"finished","0007_add_sync_client_buckets_by_order_id_table":"finished","0008_migrate_to_sync_client_buckets_by_order_id":"finished","0009_remove_sync_client_buckets_table":"finished","0010_add_history_owner":"finished","0011_add_history_response_table":"finished","0012_add_user_data_table":"finished","0013_sanitize_request_response_and_history_methods":"finished","0014_sanitize_response_requestobject_rawmodedata":"finished","0015_add_favorited_collections_table":"started","0016_add_permission_table":"started","0017_add_user_preferences_table":"started"}]
[31956][1784860189874][requester][info]["Migrations: Applying migration","0017_add_user_preferences_table"]
[31956][1784860189874][requester][info]["Migrations: Upgrading IndexedDB to version","0017_add_user_preferences_table",11]
[31956][1784860189875][requester][info]["Migrations: Adding pending commit to queue","0017_add_user_preferences_table"]
[31956][1784860189875][requester][info]["Migrations: Starting migration","0018_index_header_presets"]
[31956][1784860189875][requester][info]["Migrations: Setting context before starting migration","0018_index_header_presets",{"0000_initial":"finished","0001_add_archived_resources_table":"finished","0002_add_variable_sessions_table":"finished","0003_add_editor_tables":"finished","0004_migrate_ws_session_data":"finished","0005_cleanup_request_response_and_history_body":"finished","0006_add_dbp_to_request_response_and_history":"finished","0007_add_sync_client_buckets_by_order_id_table":"finished","0008_migrate_to_sync_client_buckets_by_order_id":"finished","0009_remove_sync_client_buckets_table":"finished","0010_add_history_owner":"finished","0011_add_history_response_table":"finished","0012_add_user_data_table":"finished","0013_sanitize_request_response_and_history_methods":"finished","0014_sanitize_response_requestobject_rawmodedata":"finished","0015_add_favorited_collections_table":"started","0016_add_permission_table":"started","0017_add_user_preferences_table":"started","0018_index_header_presets":"started"}]
[31956][1784860189876][requester][info]["Migrations: Applying migration","0018_index_header_presets"]
[31956][1784860189876][requester][info]["Migrations: Upgrading IndexedDB to version","0018_index_header_presets",12]
[31956][1784860189878][requester][info]["Migrations: Adding pending commit to queue","0018_index_header_presets"]
[31956][1784860189878][requester][info]["Migrations: Starting migration","0019_migrate_favorite_collections_data"]
[31956][1784860189878][requester][info]["Migrations: Flushing pending migrations for","0019_migrate_favorite_collections_data"]
[31956][1784860189878][requester][info]["Migrations: Flushing pending commit for type","IndexeddbSchemaMigration"]
[31956][1784860189878][requester][info]["Migrations: Committing IndexedDB upgrade"]
[31956][1784860189890][requester][info]["Migrations: Updating status in migration context",{"0000_initial":"finished","0001_add_archived_resources_table":"finished","0002_add_variable_sessions_table":"finished","0003_add_editor_tables":"finished","0004_migrate_ws_session_data":"finished","0005_cleanup_request_response_and_history_body":"finished","0006_add_dbp_to_request_response_and_history":"finished","0007_add_sync_client_buckets_by_order_id_table":"finished","0008_migrate_to_sync_client_buckets_by_order_id":"finished","0009_remove_sync_client_buckets_table":"finished","0010_add_history_owner":"finished","0011_add_history_response_table":"finished","0012_add_user_data_table":"finished","0013_sanitize_request_response_and_history_methods":"finished","0014_sanitize_response_requestobject_rawmodedata":"finished","0015_add_favorited_collections_table":"started","0016_add_permission_table":"started","0017_add_user_preferences_table":"started","0018_index_header_presets":"started"}]
[31956][1784860189893][requester][info]["Migrations: Updated status in migration context",{"0000_initial":"finished","0001_add_archived_resources_table":"finished","0002_add_variable_sessions_table":"finished","0003_add_editor_tables":"finished","0004_migrate_ws_session_data":"finished","0005_cleanup_request_response_and_history_body":"finished","0006_add_dbp_to_request_response_and_history":"finished","0007_add_sync_client_buckets_by_order_id_table":"finished","0008_migrate_to_sync_client_buckets_by_order_id":"finished","0009_remove_sync_client_buckets_table":"finished","0010_add_history_owner":"finished","0011_add_history_response_table":"finished","0012_add_user_data_table":"finished","0013_sanitize_request_response_and_history_methods":"finished","0014_sanitize_response_requestobject_rawmodedata":"finished","0015_add_favorited_collections_table":"finished","0016_add_permission_table":"finished","0017_add_user_preferences_table":"finished","0018_index_header_presets":"finished"}]
[31956][1784860189894][requester][info]["Migrations: Setting context before starting migration","0019_migrate_favorite_collections_data",{"0000_initial":"finished","0001_add_archived_resources_table":"finished","0002_add_variable_sessions_table":"finished","0003_add_editor_tables":"finished","0004_migrate_ws_session_data":"finished","0005_cleanup_request_response_and_history_body":"finished","0006_add_dbp_to_request_response_and_history":"finished","0007_add_sync_client_buckets_by_order_id_table":"finished","0008_migrate_to_sync_client_buckets_by_order_id":"finished","0009_remove_sync_client_buckets_table":"finished","0010_add_history_owner":"finished","0011_add_history_response_table":"finished","0012_add_user_data_table":"finished","0013_sanitize_request_response_and_history_methods":"finished","0014_sanitize_response_requestobject_rawmodedata":"finished","0015_add_favorited_collections_table":"finished","0016_add_permission_table":"finished","0017_add_user_preferences_table":"finished","0018_index_header_presets":"finished","0019_migrate_favorite_collections_data":"started"}]
[31956][1784860189895][requester][info]["Migrations: Applying migration","0019_migrate_favorite_collections_data"]
[31956][1784860189895][requester][info]["Migrations: Processing IndexedDB data migration","0019_migrate_favorite_collections_data"]
[31956][1784860189899][requester][info]["Migration~FavoriteCollections: Starting migration"]
[31956][1784860189903][requester][info]["Migrations: Saving migration context after completion","0019_migrate_favorite_collections_data",{"0000_initial":"finished","0001_add_archived_resources_table":"finished","0002_add_variable_sessions_table":"finished","0003_add_editor_tables":"finished","0004_migrate_ws_session_data":"finished","0005_cleanup_request_response_and_history_body":"finished","0006_add_dbp_to_request_response_and_history":"finished","0007_add_sync_client_buckets_by_order_id_table":"finished","0008_migrate_to_sync_client_buckets_by_order_id":"finished","0009_remove_sync_client_buckets_table":"finished","0010_add_history_owner":"finished","0011_add_history_response_table":"finished","0012_add_user_data_table":"finished","0013_sanitize_request_response_and_history_methods":"finished","0014_sanitize_response_requestobject_rawmodedata":"finished","0015_add_favorited_collections_table":"finished","0016_add_permission_table":"finished","0017_add_user_preferences_table":"finished","0018_index_header_presets":"finished","0019_migrate_favorite_collections_data":"started"}]
[31956][1784860189904][requester][info]["Migrations: Starting migration","0020_migrate_sync_client_revision"]
[31956][1784860189904][requester][info]["Migrations: Flushing pending migrations for","0020_migrate_sync_client_revision"]
[31956][1784860189904][requester][info]["Migrations: Updating status in migration context",{"0000_initial":"finished","0001_add_archived_resources_table":"finished","0002_add_variable_sessions_table":"finished","0003_add_editor_tables":"finished","0004_migrate_ws_session_data":"finished","0005_cleanup_request_response_and_history_body":"finished","0006_add_dbp_to_request_response_and_history":"finished","0007_add_sync_client_buckets_by_order_id_table":"finished","0008_migrate_to_sync_client_buckets_by_order_id":"finished","0009_remove_sync_client_buckets_table":"finished","0010_add_history_owner":"finished","0011_add_history_response_table":"finished","0012_add_user_data_table":"finished","0013_sanitize_request_response_and_history_methods":"finished","0014_sanitize_response_requestobject_rawmodedata":"finished","0015_add_favorited_collections_table":"finished","0016_add_permission_table":"finished","0017_add_user_preferences_table":"finished","0018_index_header_presets":"finished","0019_migrate_favorite_collections_data":"finished"}]
[31956][1784860189905][requester][info]["Migrations: Updated status in migration context",{"0000_initial":"finished","0001_add_archived_resources_table":"finished","0002_add_variable_sessions_table":"finished","0003_add_editor_tables":"finished","0004_migrate_ws_session_data":"finished","0005_cleanup_request_response_and_history_body":"finished","0006_add_dbp_to_request_response_and_history":"finished","0007_add_sync_client_buckets_by_order_id_table":"finished","0008_migrate_to_sync_client_buckets_by_order_id":"finished","0009_remove_sync_client_buckets_table":"finished","0010_add_history_owner":"finished","0011_add_history_response_table":"finished","0012_add_user_data_table":"finished","0013_sanitize_request_response_and_history_methods":"finished","0014_sanitize_response_requestobject_rawmodedata":"finished","0015_add_favorited_collections_table":"finished","0016_add_permission_table":"finished","0017_add_user_preferences_table":"finished","0018_index_header_presets":"finished","0019_migrate_favorite_collections_data":"finished"}]
[31956][1784860189905][requester][info]["Migrations: Setting context before starting migration","0020_migrate_sync_client_revision",{"0000_initial":"finished","0001_add_archived_resources_table":"finished","0002_add_variable_sessions_table":"finished","0003_add_editor_tables":"finished","0004_migrate_ws_session_data":"finished","0005_cleanup_request_response_and_history_body":"finished","0006_add_dbp_to_request_response_and_history":"finished","0007_add_sync_client_buckets_by_order_id_table":"finished","0008_migrate_to_sync_client_buckets_by_order_id":"finished","0009_remove_sync_client_buckets_table":"finished","0010_add_history_owner":"finished","0011_add_history_response_table":"finished","0012_add_user_data_table":"finished","0013_sanitize_request_response_and_history_methods":"finished","0014_sanitize_response_requestobject_rawmodedata":"finished","0015_add_favorited_collections_table":"finished","0016_add_permission_table":"finished","0017_add_user_preferences_table":"finished","0018_index_header_presets":"finished","0019_migrate_favorite_collections_data":"finished","0020_migrate_sync_client_revision":"started"}]
[31956][1784860189905][requester][info]["Migrations: Applying migration","0020_migrate_sync_client_revision"]
[31956][1784860189905][requester][info]["Migrations: Processing IndexedDB data migration","0020_migrate_sync_client_revision"]
[31956][1784860189908][requester][info]["Migration~SyncClientRevision: Migrating revision id for timelines"]
[31956][1784860189912][requester][info]["Migrations: Saving migration context after completion","0020_migrate_sync_client_revision",{"0000_initial":"finished","0001_add_archived_resources_table":"finished","0002_add_variable_sessions_table":"finished","0003_add_editor_tables":"finished","0004_migrate_ws_session_data":"finished","0005_cleanup_request_response_and_history_body":"finished","0006_add_dbp_to_request_response_and_history":"finished","0007_add_sync_client_buckets_by_order_id_table":"finished","0008_migrate_to_sync_client_buckets_by_order_id":"finished","0009_remove_sync_client_buckets_table":"finished","0010_add_history_owner":"finished","0011_add_history_response_table":"finished","0012_add_user_data_table":"finished","0013_sanitize_request_response_and_history_methods":"finished","0014_sanitize_response_requestobject_rawmodedata":"finished","0015_add_favorited_collections_table":"finished","0016_add_permission_table":"finished","0017_add_user_preferences_table":"finished","0018_index_header_presets":"finished","0019_migrate_favorite_collections_data":"finished","0020_migrate_sync_client_revision":"started"}]
[31956][1784860189912][requester][info]["Migrations: Starting migration","0021_clear_permissions"]
[31956][1784860189913][requester][info]["Migrations: Flushing pending migrations for","0021_clear_permissions"]
[31956][1784860189913][requester][info]["Migrations: Updating status in migration context",{"0000_initial":"finished","0001_add_archived_resources_table":"finished","0002_add_variable_sessions_table":"finished","0003_add_editor_tables":"finished","0004_migrate_ws_session_data":"finished","0005_cleanup_request_response_and_history_body":"finished","0006_add_dbp_to_request_response_and_history":"finished","0007_add_sync_client_buckets_by_order_id_table":"finished","0008_migrate_to_sync_client_buckets_by_order_id":"finished","0009_remove_sync_client_buckets_table":"finished","0010_add_history_owner":"finished","0011_add_history_response_table":"finished","0012_add_user_data_table":"finished","0013_sanitize_request_response_and_history_methods":"finished","0014_sanitize_response_requestobject_rawmodedata":"finished","0015_add_favorited_collections_table":"finished","0016_add_permission_table":"finished","0017_add_user_preferences_table":"finished","0018_index_header_presets":"finished","0019_migrate_favorite_collections_data":"finished","0020_migrate_sync_client_revision":"finished"}]
[31956][1784860189913][requester][info]["Migrations: Updated status in migration context",{"0000_initial":"finished","0001_add_archived_resources_table":"finished","0002_add_variable_sessions_table":"finished","0003_add_editor_tables":"finished","0004_migrate_ws_session_data":"finished","0005_cleanup_request_response_and_history_body":"finished","0006_add_dbp_to_request_response_and_history":"finished","0007_add_sync_client_buckets_by_order_id_table":"finished","0008_migrate_to_sync_client_buckets_by_order_id":"finished","0009_remove_sync_client_buckets_table":"finished","0010_add_history_owner":"finished","0011_add_history_response_table":"finished","0012_add_user_data_table":"finished","0013_sanitize_request_response_and_history_methods":"finished","0014_sanitize_response_requestobject_rawmodedata":"finished","0015_add_favorited_collections_table":"finished","0016_add_permission_table":"finished","0017_add_user_preferences_table":"finished","0018_index_header_presets":"finished","0019_migrate_favorite_collections_data":"finished","0020_migrate_sync_client_revision":"finished"}]
[31956][1784860189913][requester][info]["Migrations: Setting context before starting migration","0021_clear_permissions",{"0000_initial":"finished","0001_add_archived_resources_table":"finished","0002_add_variable_sessions_table":"finished","0003_add_editor_tables":"finished","0004_migrate_ws_session_data":"finished","0005_cleanup_request_response_and_history_body":"finished","0006_add_dbp_to_request_response_and_history":"finished","0007_add_sync_client_buckets_by_order_id_table":"finished","0008_migrate_to_sync_client_buckets_by_order_id":"finished","0009_remove_sync_client_buckets_table":"finished","0010_add_history_owner":"finished","0011_add_history_response_table":"finished","0012_add_user_data_table":"finished","0013_sanitize_request_response_and_history_methods":"finished","0014_sanitize_response_requestobject_rawmodedata":"finished","0015_add_favorited_collections_table":"finished","0016_add_permission_table":"finished","0017_add_user_preferences_table":"finished","0018_index_header_presets":"finished","0019_migrate_favorite_collections_data":"finished","0020_migrate_sync_client_revision":"finished","0021_clear_permissions":"started"}]
[31956][1784860189914][requester][info]["Migrations: Applying migration","0021_clear_permissions"]
[31956][1784860189914][requester][info]["Migrations: Processing IndexedDB data migration","0021_clear_permissions"]
[31956][1784860189916][requester][info]["Migration~Permissions: Starting migration"]
[31956][1784860189918][requester][info]["Migrations: Saving migration context after completion","0021_clear_permissions",{"0000_initial":"finished","0001_add_archived_resources_table":"finished","0002_add_variable_sessions_table":"finished","0003_add_editor_tables":"finished","0004_migrate_ws_session_data":"finished","0005_cleanup_request_response_and_history_body":"finished","0006_add_dbp_to_request_response_and_history":"finished","0007_add_sync_client_buckets_by_order_id_table":"finished","0008_migrate_to_sync_client_buckets_by_order_id":"finished","0009_remove_sync_client_buckets_table":"finished","0010_add_history_owner":"finished","0011_add_history_response_table":"finished","0012_add_user_data_table":"finished","0013_sanitize_request_response_and_history_methods":"finished","0014_sanitize_response_requestobject_rawmodedata":"finished","0015_add_favorited_collections_table":"finished","0016_add_permission_table":"finished","0017_add_user_preferences_table":"finished","0018_index_header_presets":"finished","0019_migrate_favorite_collections_data":"finished","0020_migrate_sync_client_revision":"finished","0021_clear_permissions":"started"}]
[31956][1784860189919][requester][info]["Migrations: Starting migration","0022_add_workspace_header_presets"]
[31956][1784860189919][requester][info]["Migrations: Flushing pending migrations for","0022_add_workspace_header_presets"]
[31956][1784860189919][requester][info]["Migrations: Updating status in migration context",{"0000_initial":"finished","0001_add_archived_resources_table":"finished","0002_add_variable_sessions_table":"finished","0003_add_editor_tables":"finished","0004_migrate_ws_session_data":"finished","0005_cleanup_request_response_and_history_body":"finished","0006_add_dbp_to_request_response_and_history":"finished","0007_add_sync_client_buckets_by_order_id_table":"finished","0008_migrate_to_sync_client_buckets_by_order_id":"finished","0009_remove_sync_client_buckets_table":"finished","0010_add_history_owner":"finished","0011_add_history_response_table":"finished","0012_add_user_data_table":"finished","0013_sanitize_request_response_and_history_methods":"finished","0014_sanitize_response_requestobject_rawmodedata":"finished","0015_add_favorited_collections_table":"finished","0016_add_permission_table":"finished","0017_add_user_preferences_table":"finished","0018_index_header_presets":"finished","0019_migrate_favorite_collections_data":"finished","0020_migrate_sync_client_revision":"finished","0021_clear_permissions":"finished"}]
[31956][1784860189919][requester][info]["Migrations: Updated status in migration context",{"0000_initial":"finished","0001_add_archived_resources_table":"finished","0002_add_variable_sessions_table":"finished","0003_add_editor_tables":"finished","0004_migrate_ws_session_data":"finished","0005_cleanup_request_response_and_history_body":"finished","0006_add_dbp_to_request_response_and_history":"finished","0007_add_sync_client_buckets_by_order_id_table":"finished","0008_migrate_to_sync_client_buckets_by_order_id":"finished","0009_remove_sync_client_buckets_table":"finished","0010_add_history_owner":"finished","0011_add_history_response_table":"finished","0012_add_user_data_table":"finished","0013_sanitize_request_response_and_history_methods":"finished","0014_sanitize_response_requestobject_rawmodedata":"finished","0015_add_favorited_collections_table":"finished","0016_add_permission_table":"finished","0017_add_user_preferences_table":"finished","0018_index_header_presets":"finished","0019_migrate_favorite_collections_data":"finished","0020_migrate_sync_client_revision":"finished","0021_clear_permissions":"finished"}]
[31956][1784860189920][requester][info]["Migrations: Setting context before starting migration","0022_add_workspace_header_presets",{"0000_initial":"finished","0001_add_archived_resources_table":"finished","0002_add_variable_sessions_table":"finished","0003_add_editor_tables":"finished","0004_migrate_ws_session_data":"finished","0005_cleanup_request_response_and_history_body":"finished","0006_add_dbp_to_request_response_and_history":"finished","0007_add_sync_client_buckets_by_order_id_table":"finished","0008_migrate_to_sync_client_buckets_by_order_id":"finished","0009_remove_sync_client_buckets_table":"finished","0010_add_history_owner":"finished","0011_add_history_response_table":"finished","0012_add_user_data_table":"finished","0013_sanitize_request_response_and_history_methods":"finished","0014_sanitize_response_requestobject_rawmodedata":"finished","0015_add_favorited_collections_table":"finished","0016_add_permission_table":"finished","0017_add_user_preferences_table":"finished","0018_index_header_presets":"finished","0019_migrate_favorite_collections_data":"finished","0020_migrate_sync_client_revision":"finished","0021_clear_permissions":"finished","0022_add_workspace_header_presets":"started"}]
[31956][1784860189920][requester][info]["Migrations: Applying migration","0022_add_workspace_header_presets"]
[31956][1784860189920][requester][info]["Migrations: Processing IndexedDB data migration","0022_add_workspace_header_presets"]
[31956][1784860189923][requester][info]["Migration~HeaderPresets: Add workspace property in header presets"]
[31956][1784860189927][requester][info]["Migrations: Saving migration context after completion","0022_add_workspace_header_presets",{"0000_initial":"finished","0001_add_archived_resources_table":"finished","0002_add_variable_sessions_table":"finished","0003_add_editor_tables":"finished","0004_migrate_ws_session_data":"finished","0005_cleanup_request_response_and_history_body":"finished","0006_add_dbp_to_request_response_and_history":"finished","0007_add_sync_client_buckets_by_order_id_table":"finished","0008_migrate_to_sync_client_buckets_by_order_id":"finished","0009_remove_sync_client_buckets_table":"finished","0010_add_history_owner":"finished","0011_add_history_response_table":"finished","0012_add_user_data_table":"finished","0013_sanitize_request_response_and_history_methods":"finished","0014_sanitize_response_requestobject_rawmodedata":"finished","0015_add_favorited_collections_table":"finished","0016_add_permission_table":"finished","0017_add_user_preferences_table":"finished","0018_index_header_presets":"finished","0019_migrate_favorite_collections_data":"finished","0020_migrate_sync_client_revision":"finished","0021_clear_permissions":"finished","0022_add_workspace_header_presets":"started"}]
[31956][1784860189928][requester][info]["Migrations: Starting migration","0023_remove_collection_permissions_and_shared"]
[31956][1784860189928][requester][info]["Migrations: Flushing pending migrations for","0023_remove_collection_permissions_and_shared"]
[31956][1784860189928][requester][info]["Migrations: Updating status in migration context",{"0000_initial":"finished","0001_add_archived_resources_table":"finished","0002_add_variable_sessions_table":"finished","0003_add_editor_tables":"finished","0004_migrate_ws_session_data":"finished","0005_cleanup_request_response_and_history_body":"finished","0006_add_dbp_to_request_response_and_history":"finished","0007_add_sync_client_buckets_by_order_id_table":"finished","0008_migrate_to_sync_client_buckets_by_order_id":"finished","0009_remove_sync_client_buckets_table":"finished","0010_add_history_owner":"finished","0011_add_history_response_table":"finished","0012_add_user_data_table":"finished","0013_sanitize_request_response_and_history_methods":"finished","0014_sanitize_response_requestobject_rawmodedata":"finished","0015_add_favorited_collections_table":"finished","0016_add_permission_table":"finished","0017_add_user_preferences_table":"finished","0018_index_header_presets":"finished","0019_migrate_favorite_collections_data":"finished","0020_migrate_sync_client_revision":"finished","0021_clear_permissions":"finished","0022_add_workspace_header_presets":"finished"}]
[31956][1784860189929][requester][info]["Migrations: Updated status in migration context",{"0000_initial":"finished","0001_add_archived_resources_table":"finished","0002_add_variable_sessions_table":"finished","0003_add_editor_tables":"finished","0004_migrate_ws_session_data":"finished","0005_cleanup_request_response_and_history_body":"finished","0006_add_dbp_to_request_response_and_history":"finished","0007_add_sync_client_buckets_by_order_id_table":"finished","0008_migrate_to_sync_client_buckets_by_order_id":"finished","0009_remove_sync_client_buckets_table":"finished","0010_add_history_owner":"finished","0011_add_history_response_table":"finished","0012_add_user_data_table":"finished","0013_sanitize_request_response_and_history_methods":"finished","0014_sanitize_response_requestobject_rawmodedata":"finished","0015_add_favorited_collections_table":"finished","0016_add_permission_table":"finished","0017_add_user_preferences_table":"finished","0018_index_header_presets":"finished","0019_migrate_favorite_collections_data":"finished","0020_migrate_sync_client_revision":"finished","0021_clear_permissions":"finished","0022_add_workspace_header_presets":"finished"}]
[31956][1784860189929][requester][info]["Migrations: Setting context before starting migration","0023_remove_collection_permissions_and_shared",{"0000_initial":"finished","0001_add_archived_resources_table":"finished","0002_add_variable_sessions_table":"finished","0003_add_editor_tables":"finished","0004_migrate_ws_session_data":"finished","0005_cleanup_request_response_and_history_body":"finished","0006_add_dbp_to_request_response_and_history":"finished","0007_add_sync_client_buckets_by_order_id_table":"finished","0008_migrate_to_sync_client_buckets_by_order_id":"finished","0009_remove_sync_client_buckets_table":"finished","0010_add_history_owner":"finished","0011_add_history_response_table":"finished","0012_add_user_data_table":"finished","0013_sanitize_request_response_and_history_methods":"finished","0014_sanitize_response_requestobject_rawmodedata":"finished","0015_add_favorited_collections_table":"finished","0016_add_permission_table":"finished","0017_add_user_preferences_table":"finished","0018_index_header_presets":"finished","0019_migrate_favorite_collections_data":"finished","0020_migrate_sync_client_revision":"finished","0021_clear_permissions":"finished","0022_add_workspace_header_presets":"finished","0023_remove_collection_permissions_and_shared":"started"}]
[31956][1784860189929][requester][info]["Migrations: Applying migration","0023_remove_collection_permissions_and_shared"]
[31956][1784860189929][requester][info]["Migrations: Processing IndexedDB data migration","0023_remove_collection_permissions_and_shared"]
[31956][1784860189934][requester][info]["Migrations: Saving migration context after completion","0023_remove_collection_permissions_and_shared",{"0000_initial":"finished","0001_add_archived_resources_table":"finished","0002_add_variable_sessions_table":"finished","0003_add_editor_tables":"finished","0004_migrate_ws_session_data":"finished","0005_cleanup_request_response_and_history_body":"finished","0006_add_dbp_to_request_response_and_history":"finished","0007_add_sync_client_buckets_by_order_id_table":"finished","0008_migrate_to_sync_client_buckets_by_order_id":"finished","0009_remove_sync_client_buckets_table":"finished","0010_add_history_owner":"finished","0011_add_history_response_table":"finished","0012_add_user_data_table":"finished","0013_sanitize_request_response_and_history_methods":"finished","0014_sanitize_response_requestobject_rawmodedata":"finished","0015_add_favorited_collections_table":"finished","0016_add_permission_table":"finished","0017_add_user_preferences_table":"finished","0018_index_header_presets":"finished","0019_migrate_favorite_collections_data":"finished","0020_migrate_sync_client_revision":"finished","0021_clear_permissions":"finished","0022_add_workspace_header_presets":"finished","0023_remove_collection_permissions_and_shared":"started"}]
[31956][1784860189934][requester][info]["Migrations: Starting migration","0024_add_console_timelines_table"]
[31956][1784860189935][requester][info]["Migrations: Setting context before starting migration","0024_add_console_timelines_table",{"0000_initial":"finished","0001_add_archived_resources_table":"finished","0002_add_variable_sessions_table":"finished","0003_add_editor_tables":"finished","0004_migrate_ws_session_data":"finished","0005_cleanup_request_response_and_history_body":"finished","0006_add_dbp_to_request_response_and_history":"finished","0007_add_sync_client_buckets_by_order_id_table":"finished","0008_migrate_to_sync_client_buckets_by_order_id":"finished","0009_remove_sync_client_buckets_table":"finished","0010_add_history_owner":"finished","0011_add_history_response_table":"finished","0012_add_user_data_table":"finished","0013_sanitize_request_response_and_history_methods":"finished","0014_sanitize_response_requestobject_rawmodedata":"finished","0015_add_favorited_collections_table":"finished","0016_add_permission_table":"finished","0017_add_user_preferences_table":"finished","0018_index_header_presets":"finished","0019_migrate_favorite_collections_data":"finished","0020_migrate_sync_client_revision":"finished","0021_clear_permissions":"finished","0022_add_workspace_header_presets":"finished","0023_remove_collection_permissions_and_shared":"finished","0024_add_console_timelines_table":"started"}]
[31956][1784860189935][requester][info]["Migrations: Applying migration","0024_add_console_timelines_table"]
[31956][1784860189935][requester][info]["Migrations: Upgrading IndexedDB to version","0024_add_console_timelines_table",13]
[31956][1784860189936][requester][info]["Migrations: Adding pending commit to queue","0024_add_console_timelines_table"]
[31956][1784860189937][requester][info]["Migrations: Starting migration","0025_add_console_events_table"]
[31956][1784860189937][requester][info]["Migrations: Setting context before starting migration","0025_add_console_events_table",{"0000_initial":"finished","0001_add_archived_resources_table":"finished","0002_add_variable_sessions_table":"finished","0003_add_editor_tables":"finished","0004_migrate_ws_session_data":"finished","0005_cleanup_request_response_and_history_body":"finished","0006_add_dbp_to_request_response_and_history":"finished","0007_add_sync_client_buckets_by_order_id_table":"finished","0008_migrate_to_sync_client_buckets_by_order_id":"finished","0009_remove_sync_client_buckets_table":"finished","0010_add_history_owner":"finished","0011_add_history_response_table":"finished","0012_add_user_data_table":"finished","0013_sanitize_request_response_and_history_methods":"finished","0014_sanitize_response_requestobject_rawmodedata":"finished","0015_add_favorited_collections_table":"finished","0016_add_permission_table":"finished","0017_add_user_preferences_table":"finished","0018_index_header_presets":"finished","0019_migrate_favorite_collections_data":"finished","0020_migrate_sync_client_revision":"finished","0021_clear_permissions":"finished","0022_add_workspace_header_presets":"finished","0023_remove_collection_permissions_and_shared":"finished","0024_add_console_timelines_table":"started","0025_add_console_events_table":"started"}]
[31956][1784860189937][requester][info]["Migrations: Applying migration","0025_add_console_events_table"]
[31956][1784860189937][requester][info]["Migrations: Upgrading IndexedDB to version","0025_add_console_events_table",14]
[31956][1784860189938][requester][info]["Migrations: Adding pending commit to queue","0025_add_console_events_table"]
[31956][1784860189938][requester][info]["Migrations: Starting migration","0026_index_console_events"]
[31956][1784860189939][requester][info]["Migrations: Setting context before starting migration","0026_index_console_events",{"0000_initial":"finished","0001_add_archived_resources_table":"finished","0002_add_variable_sessions_table":"finished","0003_add_editor_tables":"finished","0004_migrate_ws_session_data":"finished","0005_cleanup_request_response_and_history_body":"finished","0006_add_dbp_to_request_response_and_history":"finished","0007_add_sync_client_buckets_by_order_id_table":"finished","0008_migrate_to_sync_client_buckets_by_order_id":"finished","0009_remove_sync_client_buckets_table":"finished","0010_add_history_owner":"finished","0011_add_history_response_table":"finished","0012_add_user_data_table":"finished","0013_sanitize_request_response_and_history_methods":"finished","0014_sanitize_response_requestobject_rawmodedata":"finished","0015_add_favorited_collections_table":"finished","0016_add_permission_table":"finished","0017_add_user_preferences_table":"finished","0018_index_header_presets":"finished","0019_migrate_favorite_collections_data":"finished","0020_migrate_sync_client_revision":"finished","0021_clear_permissions":"finished","0022_add_workspace_header_presets":"finished","0023_remove_collection_permissions_and_shared":"finished","0024_add_console_timelines_table":"started","0025_add_console_events_table":"started","0026_index_console_events":"started"}]
[31956][1784860189939][requester][info]["Migrations: Applying migration","0026_index_console_events"]
[31956][1784860189939][requester][info]["Migrations: Upgrading IndexedDB to version","0026_index_console_events",15]
[31956][1784860189940][requester][info]["Migrations: Adding pending commit to queue","0026_index_console_events"]
[31956][1784860189940][requester][info]["Migrations: Starting migration","0027_add_console_blob_table"]
[31956][1784860189940][requester][info]["Migrations: Setting context before starting migration","0027_add_console_blob_table",{"0000_initial":"finished","0001_add_archived_resources_table":"finished","0002_add_variable_sessions_table":"finished","0003_add_editor_tables":"finished","0004_migrate_ws_session_data":"finished","0005_cleanup_request_response_and_history_body":"finished","0006_add_dbp_to_request_response_and_history":"finished","0007_add_sync_client_buckets_by_order_id_table":"finished","0008_migrate_to_sync_client_buckets_by_order_id":"finished","0009_remove_sync_client_buckets_table":"finished","0010_add_history_owner":"finished","0011_add_history_response_table":"finished","0012_add_user_data_table":"finished","0013_sanitize_request_response_and_history_methods":"finished","0014_sanitize_response_requestobject_rawmodedata":"finished","0015_add_favorited_collections_table":"finished","0016_add_permission_table":"finished","0017_add_user_preferences_table":"finished","0018_index_header_presets":"finished","0019_migrate_favorite_collections_data":"finished","0020_migrate_sync_client_revision":"finished","0021_clear_permissions":"finished","0022_add_workspace_header_presets":"finished","0023_remove_collection_permissions_and_shared":"finished","0024_add_console_timelines_table":"started","0025_add_console_events_table":"started","0026_index_console_events":"started","0027_add_console_blob_table":"started"}]
[31956][1784860189941][requester][info]["Migrations: Applying migration","0027_add_console_blob_table"]
[31956][1784860189941][requester][info]["Migrations: Upgrading IndexedDB to version","0027_add_console_blob_table",16]
[31956][1784860189942][requester][info]["Migrations: Adding pending commit to queue","0027_add_console_blob_table"]
[31956][1784860189942][requester][info]["Migrations: Starting migration","0028_add_runner_data_table"]
[31956][1784860189942][requester][info]["Migrations: Setting context before starting migration","0028_add_runner_data_table",{"0000_initial":"finished","0001_add_archived_resources_table":"finished","0002_add_variable_sessions_table":"finished","0003_add_editor_tables":"finished","0004_migrate_ws_session_data":"finished","0005_cleanup_request_response_and_history_body":"finished","0006_add_dbp_to_request_response_and_history":"finished","0007_add_sync_client_buckets_by_order_id_table":"finished","0008_migrate_to_sync_client_buckets_by_order_id":"finished","0009_remove_sync_client_buckets_table":"finished","0010_add_history_owner":"finished","0011_add_history_response_table":"finished","0012_add_user_data_table":"finished","0013_sanitize_request_response_and_history_methods":"finished","0014_sanitize_response_requestobject_rawmodedata":"finished","0015_add_favorited_collections_table":"finished","0016_add_permission_table":"finished","0017_add_user_preferences_table":"finished","0018_index_header_presets":"finished","0019_migrate_favorite_collections_data":"finished","0020_migrate_sync_client_revision":"finished","0021_clear_permissions":"finished","0022_add_workspace_header_presets":"finished","0023_remove_collection_permissions_and_shared":"finished","0024_add_console_timelines_table":"started","0025_add_console_events_table":"started","0026_index_console_events":"started","0027_add_console_blob_table":"started","0028_add_runner_data_table":"started"}]
[31956][1784860189943][requester][info]["Migrations: Applying migration","0028_add_runner_data_table"]
[31956][1784860189943][requester][info]["Migrations: Upgrading IndexedDB to version","0028_add_runner_data_table",17]
[31956][1784860189944][requester][info]["Migrations: Adding pending commit to queue","0028_add_runner_data_table"]
[31956][1784860189945][requester][info]["Migrations: Starting migration","0029_add_api_schema_table"]
[31956][1784860189945][requester][info]["Migrations: Setting context before starting migration","0029_add_api_schema_table",{"0000_initial":"finished","0001_add_archived_resources_table":"finished","0002_add_variable_sessions_table":"finished","0003_add_editor_tables":"finished","0004_migrate_ws_session_data":"finished","0005_cleanup_request_response_and_history_body":"finished","0006_add_dbp_to_request_response_and_history":"finished","0007_add_sync_client_buckets_by_order_id_table":"finished","0008_migrate_to_sync_client_buckets_by_order_id":"finished","0009_remove_sync_client_buckets_table":"finished","0010_add_history_owner":"finished","0011_add_history_response_table":"finished","0012_add_user_data_table":"finished","0013_sanitize_request_response_and_history_methods":"finished","0014_sanitize_response_requestobject_rawmodedata":"finished","0015_add_favorited_collections_table":"finished","0016_add_permission_table":"finished","0017_add_user_preferences_table":"finished","0018_index_header_presets":"finished","0019_migrate_favorite_collections_data":"finished","0020_migrate_sync_client_revision":"finished","0021_clear_permissions":"finished","0022_add_workspace_header_presets":"finished","0023_remove_collection_permissions_and_shared":"finished","0024_add_console_timelines_table":"started","0025_add_console_events_table":"started","0026_index_console_events":"started","0027_add_console_blob_table":"started","0028_add_runner_data_table":"started","0029_add_api_schema_table":"started"}]
[31956][1784860189946][requester][info]["Migrations: Applying migration","0029_add_api_schema_table"]
[31956][1784860189946][requester][info]["Migrations: Upgrading IndexedDB to version","0029_add_api_schema_table",18]
[31956][1784860189947][requester][info]["Migrations: Adding pending commit to queue","0029_add_api_schema_table"]
[31956][1784860189947][requester][info]["Migrations: Starting migration","0030_migrate_collection_runs"]
[31956][1784860189947][requester][info]["Migrations: Flushing pending migrations for","0030_migrate_collection_runs"]
[31956][1784860189948][requester][info]["Migrations: Flushing pending commit for type","IndexeddbSchemaMigration"]
[31956][1784860189948][requester][info]["Migrations: Committing IndexedDB upgrade"]
[31956][1784860189966][requester][info]["Migrations: Updating status in migration context",{"0000_initial":"finished","0001_add_archived_resources_table":"finished","0002_add_variable_sessions_table":"finished","0003_add_editor_tables":"finished","0004_migrate_ws_session_data":"finished","0005_cleanup_request_response_and_history_body":"finished","0006_add_dbp_to_request_response_and_history":"finished","0007_add_sync_client_buckets_by_order_id_table":"finished","0008_migrate_to_sync_client_buckets_by_order_id":"finished","0009_remove_sync_client_buckets_table":"finished","0010_add_history_owner":"finished","0011_add_history_response_table":"finished","0012_add_user_data_table":"finished","0013_sanitize_request_response_and_history_methods":"finished","0014_sanitize_response_requestobject_rawmodedata":"finished","0015_add_favorited_collections_table":"finished","0016_add_permission_table":"finished","0017_add_user_preferences_table":"finished","0018_index_header_presets":"finished","0019_migrate_favorite_collections_data":"finished","0020_migrate_sync_client_revision":"finished","0021_clear_permissions":"finished","0022_add_workspace_header_presets":"finished","0023_remove_collection_permissions_and_shared":"finished","0024_add_console_timelines_table":"started","0025_add_console_events_table":"started","0026_index_console_events":"started","0027_add_console_blob_table":"started","0028_add_runner_data_table":"started","0029_add_api_schema_table":"started"}]
[31956][1784860189967][requester][info]["Migrations: Updated status in migration context",{"0000_initial":"finished","0001_add_archived_resources_table":"finished","0002_add_variable_sessions_table":"finished","0003_add_editor_tables":"finished","0004_migrate_ws_session_data":"finished","0005_cleanup_request_response_and_history_body":"finished","0006_add_dbp_to_request_response_and_history":"finished","0007_add_sync_client_buckets_by_order_id_table":"finished","0008_migrate_to_sync_client_buckets_by_order_id":"finished","0009_remove_sync_client_buckets_table":"finished","0010_add_history_owner":"finished","0011_add_history_response_table":"finished","0012_add_user_data_table":"finished","0013_sanitize_request_response_and_history_methods":"finished","0014_sanitize_response_requestobject_rawmodedata":"finished","0015_add_favorited_collections_table":"finished","0016_add_permission_table":"finished","0017_add_user_preferences_table":"finished","0018_index_header_presets":"finished","0019_migrate_favorite_collections_data":"finished","0020_migrate_sync_client_revision":"finished","0021_clear_permissions":"finished","0022_add_workspace_header_presets":"finished","0023_remove_collection_permissions_and_shared":"finished","0024_add_console_timelines_table":"finished","0025_add_console_events_table":"finished","0026_index_console_events":"finished","0027_add_console_blob_table":"finished","0028_add_runner_data_table":"finished","0029_add_api_schema_table":"finished"}]
[31956][1784860189967][requester][info]["Migrations: Setting context before starting migration","0030_migrate_collection_runs",{"0000_initial":"finished","0001_add_archived_resources_table":"finished","0002_add_variable_sessions_table":"finished","0003_add_editor_tables":"finished","0004_migrate_ws_session_data":"finished","0005_cleanup_request_response_and_history_body":"finished","0006_add_dbp_to_request_response_and_history":"finished","0007_add_sync_client_buckets_by_order_id_table":"finished","0008_migrate_to_sync_client_buckets_by_order_id":"finished","0009_remove_sync_client_buckets_table":"finished","0010_add_history_owner":"finished","0011_add_history_response_table":"finished","0012_add_user_data_table":"finished","0013_sanitize_request_response_and_history_methods":"finished","0014_sanitize_response_requestobject_rawmodedata":"finished","0015_add_favorited_collections_table":"finished","0016_add_permission_table":"finished","0017_add_user_preferences_table":"finished","0018_index_header_presets":"finished","0019_migrate_favorite_collections_data":"finished","0020_migrate_sync_client_revision":"finished","0021_clear_permissions":"finished","0022_add_workspace_header_presets":"finished","0023_remove_collection_permissions_and_shared":"finished","0024_add_console_timelines_table":"finished","0025_add_console_events_table":"finished","0026_index_console_events":"finished","0027_add_console_blob_table":"finished","0028_add_runner_data_table":"finished","0029_add_api_schema_table":"finished","0030_migrate_collection_runs":"started"}]
[31956][1784860189967][requester][info]["Migrations: Applying migration","0030_migrate_collection_runs"]
[31956][1784860189967][requester][info]["Migrations: Processing IndexedDB data migration","0030_migrate_collection_runs"]
[31956][1784860189970][requester][info]["Migration~CollectionRun: Migrating collection runs"]
[31956][1784860189973][requester][info]["Migrations: Saving migration context after completion","0030_migrate_collection_runs",{"0000_initial":"finished","0001_add_archived_resources_table":"finished","0002_add_variable_sessions_table":"finished","0003_add_editor_tables":"finished","0004_migrate_ws_session_data":"finished","0005_cleanup_request_response_and_history_body":"finished","0006_add_dbp_to_request_response_and_history":"finished","0007_add_sync_client_buckets_by_order_id_table":"finished","0008_migrate_to_sync_client_buckets_by_order_id":"finished","0009_remove_sync_client_buckets_table":"finished","0010_add_history_owner":"finished","0011_add_history_response_table":"finished","0012_add_user_data_table":"finished","0013_sanitize_request_response_and_history_methods":"finished","0014_sanitize_response_requestobject_rawmodedata":"finished","0015_add_favorited_collections_table":"finished","0016_add_permission_table":"finished","0017_add_user_preferences_table":"finished","0018_index_header_presets":"finished","0019_migrate_favorite_collections_data":"finished","0020_migrate_sync_client_revision":"finished","0021_clear_permissions":"finished","0022_add_workspace_header_presets":"finished","0023_remove_collection_permissions_and_shared":"finished","0024_add_console_timelines_table":"finished","0025_add_console_events_table":"finished","0026_index_console_events":"finished","0027_add_console_blob_table":"finished","0028_add_runner_data_table":"finished","0029_add_api_schema_table":"finished","0030_migrate_collection_runs":"started"}]
[31956][1784860189974][requester][info]["Migrations: Starting migration","0031_add_api_relation_table"]
[31956][1784860189974][requester][info]["Migrations: Setting context before starting migration","0031_add_api_relation_table",{"0000_initial":"finished","0001_add_archived_resources_table":"finished","0002_add_variable_sessions_table":"finished","0003_add_editor_tables":"finished","0004_migrate_ws_session_data":"finished","0005_cleanup_request_response_and_history_body":"finished","0006_add_dbp_to_request_response_and_history":"finished","0007_add_sync_client_buckets_by_order_id_table":"finished","0008_migrate_to_sync_client_buckets_by_order_id":"finished","0009_remove_sync_client_buckets_table":"finished","0010_add_history_owner":"finished","0011_add_history_response_table":"finished","0012_add_user_data_table":"finished","0013_sanitize_request_response_and_history_methods":"finished","0014_sanitize_response_requestobject_rawmodedata":"finished","0015_add_favorited_collections_table":"finished","0016_add_permission_table":"finished","0017_add_user_preferences_table":"finished","0018_index_header_presets":"finished","0019_migrate_favorite_collections_data":"finished","0020_migrate_sync_client_revision":"finished","0021_clear_permissions":"finished","0022_add_workspace_header_presets":"finished","0023_remove_collection_permissions_and_shared":"finished","0024_add_console_timelines_table":"finished","0025_add_console_events_table":"finished","0026_index_console_events":"finished","0027_add_console_blob_table":"finished","0028_add_runner_data_table":"finished","0029_add_api_schema_table":"finished","0030_migrate_collection_runs":"finished","0031_add_api_relation_table":"started"}]
[31956][1784860189974][requester][info]["Migrations: Applying migration","0031_add_api_relation_table"]
[31956][1784860189975][requester][info]["Migrations: Upgrading IndexedDB to version","0031_add_api_relation_table",19]
[31956][1784860189977][requester][info]["Migrations: Adding pending commit to queue","0031_add_api_relation_table"]
[31956][1784860189977][requester][info]["Migrations: Starting migration","0032_index_workspacesession_editor"]
[31956][1784860189978][requester][info]["Migrations: Setting context before starting migration","0032_index_workspacesession_editor",{"0000_initial":"finished","0001_add_archived_resources_table":"finished","0002_add_variable_sessions_table":"finished","0003_add_editor_tables":"finished","0004_migrate_ws_session_data":"finished","0005_cleanup_request_response_and_history_body":"finished","0006_add_dbp_to_request_response_and_history":"finished","0007_add_sync_client_buckets_by_order_id_table":"finished","0008_migrate_to_sync_client_buckets_by_order_id":"finished","0009_remove_sync_client_buckets_table":"finished","0010_add_history_owner":"finished","0011_add_history_response_table":"finished","0012_add_user_data_table":"finished","0013_sanitize_request_response_and_history_methods":"finished","0014_sanitize_response_requestobject_rawmodedata":"finished","0015_add_favorited_collections_table":"finished","0016_add_permission_table":"finished","0017_add_user_preferences_table":"finished","0018_index_header_presets":"finished","0019_migrate_favorite_collections_data":"finished","0020_migrate_sync_client_revision":"finished","0021_clear_permissions":"finished","0022_add_workspace_header_presets":"finished","0023_remove_collection_permissions_and_shared":"finished","0024_add_console_timelines_table":"finished","0025_add_console_events_table":"finished","0026_index_console_events":"finished","0027_add_console_blob_table":"finished","0028_add_runner_data_table":"finished","0029_add_api_schema_table":"finished","0030_migrate_collection_runs":"finished","0031_add_api_relation_table":"started","0032_index_workspacesession_editor":"started"}]
[31956][1784860189978][requester][info]["Migrations: Applying migration","0032_index_workspacesession_editor"]
[31956][1784860189978][requester][info]["Migrations: Upgrading IndexedDB to version","0032_index_workspacesession_editor",20]
[31956][1784860189979][requester][info]["Migrations: Adding pending commit to queue","0032_index_workspacesession_editor"]
[31956][1784860189979][requester][info]["Migrations: Starting migration","0033_add_editor_data_cache_table"]
[31956][1784860189979][requester][info]["Migrations: Setting context before starting migration","0033_add_editor_data_cache_table",{"0000_initial":"finished","0001_add_archived_resources_table":"finished","0002_add_variable_sessions_table":"finished","0003_add_editor_tables":"finished","0004_migrate_ws_session_data":"finished","0005_cleanup_request_response_and_history_body":"finished","0006_add_dbp_to_request_response_and_history":"finished","0007_add_sync_client_buckets_by_order_id_table":"finished","0008_migrate_to_sync_client_buckets_by_order_id":"finished","0009_remove_sync_client_buckets_table":"finished","0010_add_history_owner":"finished","0011_add_history_response_table":"finished","0012_add_user_data_table":"finished","0013_sanitize_request_response_and_history_methods":"finished","0014_sanitize_response_requestobject_rawmodedata":"finished","0015_add_favorited_collections_table":"finished","0016_add_permission_table":"finished","0017_add_user_preferences_table":"finished","0018_index_header_presets":"finished","0019_migrate_favorite_collections_data":"finished","0020_migrate_sync_client_revision":"finished","0021_clear_permissions":"finished","0022_add_workspace_header_presets":"finished","0023_remove_collection_permissions_and_shared":"finished","0024_add_console_timelines_table":"finished","0025_add_console_events_table":"finished","0026_index_console_events":"finished","0027_add_console_blob_table":"finished","0028_add_runner_data_table":"finished","0029_add_api_schema_table":"finished","0030_migrate_collection_runs":"finished","0031_add_api_relation_table":"started","0032_index_workspacesession_editor":"started","0033_add_editor_data_cache_table":"started"}]
[31956][1784860189980][requester][info]["Migrations: Applying migration","0033_add_editor_data_cache_table"]
[31956][1784860189980][requester][info]["Migrations: Upgrading IndexedDB to version","0033_add_editor_data_cache_table",21]
[31956][1784860189981][requester][info]["Migrations: Adding pending commit to queue","0033_add_editor_data_cache_table"]
[31956][1784860189981][requester][info]["Migrations: Starting migration","0034_migrate_editor_data"]
[31956][1784860189981][requester][info]["Migrations: Flushing pending migrations for","0034_migrate_editor_data"]
[31956][1784860189981][requester][info]["Migrations: Flushing pending commit for type","IndexeddbSchemaMigration"]
[31956][1784860189981][requester][info]["Migrations: Committing IndexedDB upgrade"]
[31956][1784860189992][requester][info]["Migrations: Updating status in migration context",{"0000_initial":"finished","0001_add_archived_resources_table":"finished","0002_add_variable_sessions_table":"finished","0003_add_editor_tables":"finished","0004_migrate_ws_session_data":"finished","0005_cleanup_request_response_and_history_body":"finished","0006_add_dbp_to_request_response_and_history":"finished","0007_add_sync_client_buckets_by_order_id_table":"finished","0008_migrate_to_sync_client_buckets_by_order_id":"finished","0009_remove_sync_client_buckets_table":"finished","0010_add_history_owner":"finished","0011_add_history_response_table":"finished","0012_add_user_data_table":"finished","0013_sanitize_request_response_and_history_methods":"finished","0014_sanitize_response_requestobject_rawmodedata":"finished","0015_add_favorited_collections_table":"finished","0016_add_permission_table":"finished","0017_add_user_preferences_table":"finished","0018_index_header_presets":"finished","0019_migrate_favorite_collections_data":"finished","0020_migrate_sync_client_revision":"finished","0021_clear_permissions":"finished","0022_add_workspace_header_presets":"finished","0023_remove_collection_permissions_and_shared":"finished","0024_add_console_timelines_table":"finished","0025_add_console_events_table":"finished","0026_index_console_events":"finished","0027_add_console_blob_table":"finished","0028_add_runner_data_table":"finished","0029_add_api_schema_table":"finished","0030_migrate_collection_runs":"finished","0031_add_api_relation_table":"started","0032_index_workspacesession_editor":"started","0033_add_editor_data_cache_table":"started"}]
[31956][1784860189993][requester][info]["Migrations: Updated status in migration context",{"0000_initial":"finished","0001_add_archived_resources_table":"finished","0002_add_variable_sessions_table":"finished","0003_add_editor_tables":"finished","0004_migrate_ws_session_data":"finished","0005_cleanup_request_response_and_history_body":"finished","0006_add_dbp_to_request_response_and_history":"finished","0007_add_sync_client_buckets_by_order_id_table":"finished","0008_migrate_to_sync_client_buckets_by_order_id":"finished","0009_remove_sync_client_buckets_table":"finished","0010_add_history_owner":"finished","0011_add_history_response_table":"finished","0012_add_user_data_table":"finished","0013_sanitize_request_response_and_history_methods":"finished","0014_sanitize_response_requestobject_rawmodedata":"finished","0015_add_favorited_collections_table":"finished","0016_add_permission_table":"finished","0017_add_user_preferences_table":"finished","0018_index_header_presets":"finished","0019_migrate_favorite_collections_data":"finished","0020_migrate_sync_client_revision":"finished","0021_clear_permissions":"finished","0022_add_workspace_header_presets":"finished","0023_remove_collection_permissions_and_shared":"finished","0024_add_console_timelines_table":"finished","0025_add_console_events_table":"finished","0026_index_console_events":"finished","0027_add_console_blob_table":"finished","0028_add_runner_data_table":"finished","0029_add_api_schema_table":"finished","0030_migrate_collection_runs":"finished","0031_add_api_relation_table":"finished","0032_index_workspacesession_editor":"finished","0033_add_editor_data_cache_table":"finished"}]
[31956][1784860189994][requester][info]["Migrations: Setting context before starting migration","0034_migrate_editor_data",{"0000_initial":"finished","0001_add_archived_resources_table":"finished","0002_add_variable_sessions_table":"finished","0003_add_editor_tables":"finished","0004_migrate_ws_session_data":"finished","0005_cleanup_request_response_and_history_body":"finished","0006_add_dbp_to_request_response_and_history":"finished","0007_add_sync_client_buckets_by_order_id_table":"finished","0008_migrate_to_sync_client_buckets_by_order_id":"finished","0009_remove_sync_client_buckets_table":"finished","0010_add_history_owner":"finished","0011_add_history_response_table":"finished","0012_add_user_data_table":"finished","0013_sanitize_request_response_and_history_methods":"finished","0014_sanitize_response_requestobject_rawmodedata":"finished","0015_add_favorited_collections_table":"finished","0016_add_permission_table":"finished","0017_add_user_preferences_table":"finished","0018_index_header_presets":"finished","0019_migrate_favorite_collections_data":"finished","0020_migrate_sync_client_revision":"finished","0021_clear_permissions":"finished","0022_add_workspace_header_presets":"finished","0023_remove_collection_permissions_and_shared":"finished","0024_add_console_timelines_table":"finished","0025_add_console_events_table":"finished","0026_index_console_events":"finished","0027_add_console_blob_table":"finished","0028_add_runner_data_table":"finished","0029_add_api_schema_table":"finished","0030_migrate_collection_runs":"finished","0031_add_api_relation_table":"finished","0032_index_workspacesession_editor":"finished","0033_add_editor_data_cache_table":"finished","0034_migrate_editor_data":"started"}]
[31956][1784860189994][requester][info]["Migrations: Applying migration","0034_migrate_editor_data"]
[31956][1784860189995][requester][info]["Migrations: Processing IndexedDB data migration","0034_migrate_editor_data"]
[31956][1784860189998][requester][info]["Migration~EditorsData: Migrating editors data"]
[31956][1784860190001][requester][info]["Migrations: Saving migration context after completion","0034_migrate_editor_data",{"0000_initial":"finished","0001_add_archived_resources_table":"finished","0002_add_variable_sessions_table":"finished","0003_add_editor_tables":"finished","0004_migrate_ws_session_data":"finished","0005_cleanup_request_response_and_history_body":"finished","0006_add_dbp_to_request_response_and_history":"finished","0007_add_sync_client_buckets_by_order_id_table":"finished","0008_migrate_to_sync_client_buckets_by_order_id":"finished","0009_remove_sync_client_buckets_table":"finished","0010_add_history_owner":"finished","0011_add_history_response_table":"finished","0012_add_user_data_table":"finished","0013_sanitize_request_response_and_history_methods":"finished","0014_sanitize_response_requestobject_rawmodedata":"finished","0015_add_favorited_collections_table":"finished","0016_add_permission_table":"finished","0017_add_user_preferences_table":"finished","0018_index_header_presets":"finished","0019_migrate_favorite_collections_data":"finished","0020_migrate_sync_client_revision":"finished","0021_clear_permissions":"finished","0022_add_workspace_header_presets":"finished","0023_remove_collection_permissions_and_shared":"finished","0024_add_console_timelines_table":"finished","0025_add_console_events_table":"finished","0026_index_console_events":"finished","0027_add_console_blob_table":"finished","0028_add_runner_data_table":"finished","0029_add_api_schema_table":"finished","0030_migrate_collection_runs":"finished","0031_add_api_relation_table":"finished","0032_index_workspacesession_editor":"finished","0033_add_editor_data_cache_table":"finished","0034_migrate_editor_data":"started"}]
[31956][1784860190002][requester][info]["Migrations: Starting migration","0035_remove_editors_table"]
[31956][1784860190002][requester][info]["Migrations: Setting context before starting migration","0035_remove_editors_table",{"0000_initial":"finished","0001_add_archived_resources_table":"finished","0002_add_variable_sessions_table":"finished","0003_add_editor_tables":"finished","0004_migrate_ws_session_data":"finished","0005_cleanup_request_response_and_history_body":"finished","0006_add_dbp_to_request_response_and_history":"finished","0007_add_sync_client_buckets_by_order_id_table":"finished","0008_migrate_to_sync_client_buckets_by_order_id":"finished","0009_remove_sync_client_buckets_table":"finished","0010_add_history_owner":"finished","0011_add_history_response_table":"finished","0012_add_user_data_table":"finished","0013_sanitize_request_response_and_history_methods":"finished","0014_sanitize_response_requestobject_rawmodedata":"finished","0015_add_favorited_collections_table":"finished","0016_add_permission_table":"finished","0017_add_user_preferences_table":"finished","0018_index_header_presets":"finished","0019_migrate_favorite_collections_data":"finished","0020_migrate_sync_client_revision":"finished","0021_clear_permissions":"finished","0022_add_workspace_header_presets":"finished","0023_remove_collection_permissions_and_shared":"finished","0024_add_console_timelines_table":"finished","0025_add_console_events_table":"finished","0026_index_console_events":"finished","0027_add_console_blob_table":"finished","0028_add_runner_data_table":"finished","0029_add_api_schema_table":"finished","0030_migrate_collection_runs":"finished","0031_add_api_relation_table":"finished","0032_index_workspacesession_editor":"finished","0033_add_editor_data_cache_table":"finished","0034_migrate_editor_data":"finished","0035_remove_editors_table":"started"}]
[31956][1784860190002][requester][info]["Migrations: Applying migration","0035_remove_editors_table"]
[31956][1784860190003][requester][info]["Migrations: Upgrading IndexedDB to version","0035_remove_editors_table",22]
[31956][1784860190004][requester][info]["Migrations: Adding pending commit to queue","0035_remove_editors_table"]
[31956][1784860190004][requester][info]["Migrations: Starting migration","0036_add_auth_sessions_table"]
[31956][1784860190004][requester][info]["Migrations: Setting context before starting migration","0036_add_auth_sessions_table",{"0000_initial":"finished","0001_add_archived_resources_table":"finished","0002_add_variable_sessions_table":"finished","0003_add_editor_tables":"finished","0004_migrate_ws_session_data":"finished","0005_cleanup_request_response_and_history_body":"finished","0006_add_dbp_to_request_response_and_history":"finished","0007_add_sync_client_buckets_by_order_id_table":"finished","0008_migrate_to_sync_client_buckets_by_order_id":"finished","0009_remove_sync_client_buckets_table":"finished","0010_add_history_owner":"finished","0011_add_history_response_table":"finished","0012_add_user_data_table":"finished","0013_sanitize_request_response_and_history_methods":"finished","0014_sanitize_response_requestobject_rawmodedata":"finished","0015_add_favorited_collections_table":"finished","0016_add_permission_table":"finished","0017_add_user_preferences_table":"finished","0018_index_header_presets":"finished","0019_migrate_favorite_collections_data":"finished","0020_migrate_sync_client_revision":"finished","0021_clear_permissions":"finished","0022_add_workspace_header_presets":"finished","0023_remove_collection_permissions_and_shared":"finished","0024_add_console_timelines_table":"finished","0025_add_console_events_table":"finished","0026_index_console_events":"finished","0027_add_console_blob_table":"finished","0028_add_runner_data_table":"finished","0029_add_api_schema_table":"finished","0030_migrate_collection_runs":"finished","0031_add_api_relation_table":"finished","0032_index_workspacesession_editor":"finished","0033_add_editor_data_cache_table":"finished","0034_migrate_editor_data":"finished","0035_remove_editors_table":"started","0036_add_auth_sessions_table":"started"}]
[31956][1784860190004][requester][info]["Migrations: Applying migration","0036_add_auth_sessions_table"]
[31956][1784860190005][requester][info]["Migrations: Upgrading IndexedDB to version","0036_add_auth_sessions_table",23]
[31956][1784860190006][requester][info]["Migrations: Adding pending commit to queue","0036_add_auth_sessions_table"]
[31956][1784860190006][requester][info]["Migrations: Starting migration","0037_add_list_cache_table"]
[31956][1784860190006][requester][info]["Migrations: Setting context before starting migration","0037_add_list_cache_table",{"0000_initial":"finished","0001_add_archived_resources_table":"finished","0002_add_variable_sessions_table":"finished","0003_add_editor_tables":"finished","0004_migrate_ws_session_data":"finished","0005_cleanup_request_response_and_history_body":"finished","0006_add_dbp_to_request_response_and_history":"finished","0007_add_sync_client_buckets_by_order_id_table":"finished","0008_migrate_to_sync_client_buckets_by_order_id":"finished","0009_remove_sync_client_buckets_table":"finished","0010_add_history_owner":"finished","0011_add_history_response_table":"finished","0012_add_user_data_table":"finished","0013_sanitize_request_response_and_history_methods":"finished","0014_sanitize_response_requestobject_rawmodedata":"finished","0015_add_favorited_collections_table":"finished","0016_add_permission_table":"finished","0017_add_user_preferences_table":"finished","0018_index_header_presets":"finished","0019_migrate_favorite_collections_data":"finished","0020_migrate_sync_client_revision":"finished","0021_clear_permissions":"finished","0022_add_workspace_header_presets":"finished","0023_remove_collection_permissions_and_shared":"finished","0024_add_console_timelines_table":"finished","0025_add_console_events_table":"finished","0026_index_console_events":"finished","0027_add_console_blob_table":"finished","0028_add_runner_data_table":"finished","0029_add_api_schema_table":"finished","0030_migrate_collection_runs":"finished","0031_add_api_relation_table":"finished","0032_index_workspacesession_editor":"finished","0033_add_editor_data_cache_table":"finished","0034_migrate_editor_data":"finished","0035_remove_editors_table":"started","0036_add_auth_sessions_table":"started","0037_add_list_cache_table":"started"}]
[31956][1784860190007][requester][info]["Migrations: Applying migration","0037_add_list_cache_table"]
[31956][1784860190007][requester][info]["Migrations: Upgrading IndexedDB to version","0037_add_list_cache_table",24]
[31956][1784860190008][requester][info]["Migrations: Adding pending commit to queue","0037_add_list_cache_table"]
[31956][1784860190008][requester][info]["Migrations: Starting migration","0038_add_cookies_table"]
[31956][1784860190008][requester][info]["Migrations: Setting context before starting migration","0038_add_cookies_table",{"0000_initial":"finished","0001_add_archived_resources_table":"finished","0002_add_variable_sessions_table":"finished","0003_add_editor_tables":"finished","0004_migrate_ws_session_data":"finished","0005_cleanup_request_response_and_history_body":"finished","0006_add_dbp_to_request_response_and_history":"finished","0007_add_sync_client_buckets_by_order_id_table":"finished","0008_migrate_to_sync_client_buckets_by_order_id":"finished","0009_remove_sync_client_buckets_table":"finished","0010_add_history_owner":"finished","0011_add_history_response_table":"finished","0012_add_user_data_table":"finished","0013_sanitize_request_response_and_history_methods":"finished","0014_sanitize_response_requestobject_rawmodedata":"finished","0015_add_favorited_collections_table":"finished","0016_add_permission_table":"finished","0017_add_user_preferences_table":"finished","0018_index_header_presets":"finished","0019_migrate_favorite_collections_data":"finished","0020_migrate_sync_client_revision":"finished","0021_clear_permissions":"finished","0022_add_workspace_header_presets":"finished","0023_remove_collection_permissions_and_shared":"finished","0024_add_console_timelines_table":"finished","0025_add_console_events_table":"finished","0026_index_console_events":"finished","0027_add_console_blob_table":"finished","0028_add_runner_data_table":"finished","0029_add_api_schema_table":"finished","0030_migrate_collection_runs":"finished","0031_add_api_relation_table":"finished","0032_index_workspacesession_editor":"finished","0033_add_editor_data_cache_table":"finished","0034_migrate_editor_data":"finished","0035_remove_editors_table":"started","0036_add_auth_sessions_table":"started","0037_add_list_cache_table":"started","0038_add_cookies_table":"started"}]
[31956][1784860190009][requester][info]["Migrations: Applying migration","0038_add_cookies_table"]
[31956][1784860190009][requester][info]["Migrations: Upgrading IndexedDB to version","0038_add_cookies_table",25]
[31956][1784860190010][requester][info]["Migrations: Adding pending commit to queue","0038_add_cookies_table"]
[31956][1784860190011][requester][info]["Migrations: Starting migration","0039_add_runtime_preferences_table"]
[31956][1784860190011][requester][info]["Migrations: Setting context before starting migration","0039_add_runtime_preferences_table",{"0000_initial":"finished","0001_add_archived_resources_table":"finished","0002_add_variable_sessions_table":"finished","0003_add_editor_tables":"finished","0004_migrate_ws_session_data":"finished","0005_cleanup_request_response_and_history_body":"finished","0006_add_dbp_to_request_response_and_history":"finished","0007_add_sync_client_buckets_by_order_id_table":"finished","0008_migrate_to_sync_client_buckets_by_order_id":"finished","0009_remove_sync_client_buckets_table":"finished","0010_add_history_owner":"finished","0011_add_history_response_table":"finished","0012_add_user_data_table":"finished","0013_sanitize_request_response_and_history_methods":"finished","0014_sanitize_response_requestobject_rawmodedata":"finished","0015_add_favorited_collections_table":"finished","0016_add_permission_table":"finished","0017_add_user_preferences_table":"finished","0018_index_header_presets":"finished","0019_migrate_favorite_collections_data":"finished","0020_migrate_sync_client_revision":"finished","0021_clear_permissions":"finished","0022_add_workspace_header_presets":"finished","0023_remove_collection_permissions_and_shared":"finished","0024_add_console_timelines_table":"finished","0025_add_console_events_table":"finished","0026_index_console_events":"finished","0027_add_console_blob_table":"finished","0028_add_runner_data_table":"finished","0029_add_api_schema_table":"finished","0030_migrate_collection_runs":"finished","0031_add_api_relation_table":"finished","0032_index_workspacesession_editor":"finished","0033_add_editor_data_cache_table":"finished","0034_migrate_editor_data":"finished","0035_remove_editors_table":"started","0036_add_auth_sessions_table":"started","0037_add_list_cache_table":"started","0038_add_cookies_table":"started","0039_add_runtime_preferences_table":"started"}]
[31956][1784860190011][requester][info]["Migrations: Applying migration","0039_add_runtime_preferences_table"]
[31956][1784860190011][requester][info]["Migrations: Upgrading IndexedDB to version","0039_add_runtime_preferences_table",26]
[31956][1784860190012][requester][info]["Migrations: Adding pending commit to queue","0039_add_runtime_preferences_table"]
[31956][1784860190012][requester][info]["Migrations: Starting migration","0040_index_cookies_table"]
[31956][1784860190013][requester][info]["Migrations: Setting context before starting migration","0040_index_cookies_table",{"0000_initial":"finished","0001_add_archived_resources_table":"finished","0002_add_variable_sessions_table":"finished","0003_add_editor_tables":"finished","0004_migrate_ws_session_data":"finished","0005_cleanup_request_response_and_history_body":"finished","0006_add_dbp_to_request_response_and_history":"finished","0007_add_sync_client_buckets_by_order_id_table":"finished","0008_migrate_to_sync_client_buckets_by_order_id":"finished","0009_remove_sync_client_buckets_table":"finished","0010_add_history_owner":"finished","0011_add_history_response_table":"finished","0012_add_user_data_table":"finished","0013_sanitize_request_response_and_history_methods":"finished","0014_sanitize_response_requestobject_rawmodedata":"finished","0015_add_favorited_collections_table":"finished","0016_add_permission_table":"finished","0017_add_user_preferences_table":"finished","0018_index_header_presets":"finished","0019_migrate_favorite_collections_data":"finished","0020_migrate_sync_client_revision":"finished","0021_clear_permissions":"finished","0022_add_workspace_header_presets":"finished","0023_remove_collection_permissions_and_shared":"finished","0024_add_console_timelines_table":"finished","0025_add_console_events_table":"finished","0026_index_console_events":"finished","0027_add_console_blob_table":"finished","0028_add_runner_data_table":"finished","0029_add_api_schema_table":"finished","0030_migrate_collection_runs":"finished","0031_add_api_relation_table":"finished","0032_index_workspacesession_editor":"finished","0033_add_editor_data_cache_table":"finished","0034_migrate_editor_data":"finished","0035_remove_editors_table":"started","0036_add_auth_sessions_table":"started","0037_add_list_cache_table":"started","0038_add_cookies_table":"started","0039_add_runtime_preferences_table":"started","0040_index_cookies_table":"started"}]
[31956][1784860190013][requester][info]["Migrations: Applying migration","0040_index_cookies_table"]
[31956][1784860190013][requester][info]["Migrations: Upgrading IndexedDB to version","0040_index_cookies_table",27]
[31956][1784860190014][requester][info]["Migrations: Adding pending commit to queue","0040_index_cookies_table"]
[31956][1784860190015][requester][info]["Migrations: Starting migration","0041_update_collections_folder_request_response_with_owner_and_uid"]
[31956][1784860190015][requester][info]["Migrations: Flushing pending migrations for","0041_update_collections_folder_request_response_with_owner_and_uid"]
[31956][1784860190015][requester][info]["Migrations: Flushing pending commit for type","IndexeddbSchemaMigration"]
[31956][1784860190015][requester][info]["Migrations: Committing IndexedDB upgrade"]
[31956][1784860190029][requester][info]["Migrations: Updating status in migration context",{"0000_initial":"finished","0001_add_archived_resources_table":"finished","0002_add_variable_sessions_table":"finished","0003_add_editor_tables":"finished","0004_migrate_ws_session_data":"finished","0005_cleanup_request_response_and_history_body":"finished","0006_add_dbp_to_request_response_and_history":"finished","0007_add_sync_client_buckets_by_order_id_table":"finished","0008_migrate_to_sync_client_buckets_by_order_id":"finished","0009_remove_sync_client_buckets_table":"finished","0010_add_history_owner":"finished","0011_add_history_response_table":"finished","0012_add_user_data_table":"finished","0013_sanitize_request_response_and_history_methods":"finished","0014_sanitize_response_requestobject_rawmodedata":"finished","0015_add_favorited_collections_table":"finished","0016_add_permission_table":"finished","0017_add_user_preferences_table":"finished","0018_index_header_presets":"finished","0019_migrate_favorite_collections_data":"finished","0020_migrate_sync_client_revision":"finished","0021_clear_permissions":"finished","0022_add_workspace_header_presets":"finished","0023_remove_collection_permissions_and_shared":"finished","0024_add_console_timelines_table":"finished","0025_add_console_events_table":"finished","0026_index_console_events":"finished","0027_add_console_blob_table":"finished","0028_add_runner_data_table":"finished","0029_add_api_schema_table":"finished","0030_migrate_collection_runs":"finished","0031_add_api_relation_table":"finished","0032_index_workspacesession_editor":"finished","0033_add_editor_data_cache_table":"finished","0034_migrate_editor_data":"finished","0035_remove_editors_table":"started","0036_add_auth_sessions_table":"started","0037_add_list_cache_table":"started","0038_add_cookies_table":"started","0039_add_runtime_preferences_table":"started","0040_index_cookies_table":"started"}]
[31956][1784860190030][requester][info]["Migrations: Updated status in migration context",{"0000_initial":"finished","0001_add_archived_resources_table":"finished","0002_add_variable_sessions_table":"finished","0003_add_editor_tables":"finished","0004_migrate_ws_session_data":"finished","0005_cleanup_request_response_and_history_body":"finished","0006_add_dbp_to_request_response_and_history":"finished","0007_add_sync_client_buckets_by_order_id_table":"finished","0008_migrate_to_sync_client_buckets_by_order_id":"finished","0009_remove_sync_client_buckets_table":"finished","0010_add_history_owner":"finished","0011_add_history_response_table":"finished","0012_add_user_data_table":"finished","0013_sanitize_request_response_and_history_methods":"finished","0014_sanitize_response_requestobject_rawmodedata":"finished","0015_add_favorited_collections_table":"finished","0016_add_permission_table":"finished","0017_add_user_preferences_table":"finished","0018_index_header_presets":"finished","0019_migrate_favorite_collections_data":"finished","0020_migrate_sync_client_revision":"finished","0021_clear_permissions":"finished","0022_add_workspace_header_presets":"finished","0023_remove_collection_permissions_and_shared":"finished","0024_add_console_timelines_table":"finished","0025_add_console_events_table":"finished","0026_index_console_events":"finished","0027_add_console_blob_table":"finished","0028_add_runner_data_table":"finished","0029_add_api_schema_table":"finished","0030_migrate_collection_runs":"finished","0031_add_api_relation_table":"finished","0032_index_workspacesession_editor":"finished","0033_add_editor_data_cache_table":"finished","0034_migrate_editor_data":"finished","0035_remove_editors_table":"finished","0036_add_auth_sessions_table":"finished","0037_add_list_cache_table":"finished","0038_add_cookies_table":"finished","0039_add_runtime_preferences_table":"finished","0040_index_cookies_table":"finished"}]
[31956][1784860190030][requester][info]["Migrations: Setting context before starting migration","0041_update_collections_folder_request_response_with_owner_and_uid",{"0000_initial":"finished","0001_add_archived_resources_table":"finished","0002_add_variable_sessions_table":"finished","0003_add_editor_tables":"finished","0004_migrate_ws_session_data":"finished","0005_cleanup_request_response_and_history_body":"finished","0006_add_dbp_to_request_response_and_history":"finished","0007_add_sync_client_buckets_by_order_id_table":"finished","0008_migrate_to_sync_client_buckets_by_order_id":"finished","0009_remove_sync_client_buckets_table":"finished","0010_add_history_owner":"finished","0011_add_history_response_table":"finished","0012_add_user_data_table":"finished","0013_sanitize_request_response_and_history_methods":"finished","0014_sanitize_response_requestobject_rawmodedata":"finished","0015_add_favorited_collections_table":"finished","0016_add_permission_table":"finished","0017_add_user_preferences_table":"finished","0018_index_header_presets":"finished","0019_migrate_favorite_collections_data":"finished","0020_migrate_sync_client_revision":"finished","0021_clear_permissions":"finished","0022_add_workspace_header_presets":"finished","0023_remove_collection_permissions_and_shared":"finished","0024_add_console_timelines_table":"finished","0025_add_console_events_table":"finished","0026_index_console_events":"finished","0027_add_console_blob_table":"finished","0028_add_runner_data_table":"finished","0029_add_api_schema_table":"finished","0030_migrate_collection_runs":"finished","0031_add_api_relation_table":"finished","0032_index_workspacesession_editor":"finished","0033_add_editor_data_cache_table":"finished","0034_migrate_editor_data":"finished","0035_remove_editors_table":"finished","0036_add_auth_sessions_table":"finished","0037_add_list_cache_table":"finished","0038_add_cookies_table":"finished","0039_add_runtime_preferences_table":"finished","0040_index_cookies_table":"finished","0041_update_collections_folder_request_response_with_owner_and_uid":"started"}]
[31956][1784860190031][requester][info]["Migrations: Applying migration","0041_update_collections_folder_request_response_with_owner_and_uid"]
[31956][1784860190031][requester][info]["Migrations: Processing IndexedDB data migration","0041_update_collections_folder_request_response_with_owner_and_uid"]
[31956][1784860190034][requester][info]["Migrations: Saving migration context after completion","0041_update_collections_folder_request_response_with_owner_and_uid",{"0000_initial":"finished","0001_add_archived_resources_table":"finished","0002_add_variable_sessions_table":"finished","0003_add_editor_tables":"finished","0004_migrate_ws_session_data":"finished","0005_cleanup_request_response_and_history_body":"finished","0006_add_dbp_to_request_response_and_history":"finished","0007_add_sync_client_buckets_by_order_id_table":"finished","0008_migrate_to_sync_client_buckets_by_order_id":"finished","0009_remove_sync_client_buckets_table":"finished","0010_add_history_owner":"finished","0011_add_history_response_table":"finished","0012_add_user_data_table":"finished","0013_sanitize_request_response_and_history_methods":"finished","0014_sanitize_response_requestobject_rawmodedata":"finished","0015_add_favorited_collections_table":"finished","0016_add_permission_table":"finished","0017_add_user_preferences_table":"finished","0018_index_header_presets":"finished","0019_migrate_favorite_collections_data":"finished","0020_migrate_sync_client_revision":"finished","0021_clear_permissions":"finished","0022_add_workspace_header_presets":"finished","0023_remove_collection_permissions_and_shared":"finished","0024_add_console_timelines_table":"finished","0025_add_console_events_table":"finished","0026_index_console_events":"finished","0027_add_console_blob_table":"finished","0028_add_runner_data_table":"finished","0029_add_api_schema_table":"finished","0030_migrate_collection_runs":"finished","0031_add_api_relation_table":"finished","0032_index_workspacesession_editor":"finished","0033_add_editor_data_cache_table":"finished","0034_migrate_editor_data":"finished","0035_remove_editors_table":"finished","0036_add_auth_sessions_table":"finished","0037_add_list_cache_table":"finished","0038_add_cookies_table":"finished","0039_add_runtime_preferences_table":"finished","0040_index_cookies_table":"finished","0041_update_collections_folder_request_response_with_owner_and_uid":"started"}]
[31956][1784860190034][requester][info]["Migrations: Starting migration","0042_migrate_runtime_user_preferences"]
[31956][1784860190034][requester][info]["Migrations: Flushing pending migrations for","0042_migrate_runtime_user_preferences"]
[31956][1784860190035][requester][info]["Migrations: Updating status in migration context",{"0000_initial":"finished","0001_add_archived_resources_table":"finished","0002_add_variable_sessions_table":"finished","0003_add_editor_tables":"finished","0004_migrate_ws_session_data":"finished","0005_cleanup_request_response_and_history_body":"finished","0006_add_dbp_to_request_response_and_history":"finished","0007_add_sync_client_buckets_by_order_id_table":"finished","0008_migrate_to_sync_client_buckets_by_order_id":"finished","0009_remove_sync_client_buckets_table":"finished","0010_add_history_owner":"finished","0011_add_history_response_table":"finished","0012_add_user_data_table":"finished","0013_sanitize_request_response_and_history_methods":"finished","0014_sanitize_response_requestobject_rawmodedata":"finished","0015_add_favorited_collections_table":"finished","0016_add_permission_table":"finished","0017_add_user_preferences_table":"finished","0018_index_header_presets":"finished","0019_migrate_favorite_collections_data":"finished","0020_migrate_sync_client_revision":"finished","0021_clear_permissions":"finished","0022_add_workspace_header_presets":"finished","0023_remove_collection_permissions_and_shared":"finished","0024_add_console_timelines_table":"finished","0025_add_console_events_table":"finished","0026_index_console_events":"finished","0027_add_console_blob_table":"finished","0028_add_runner_data_table":"finished","0029_add_api_schema_table":"finished","0030_migrate_collection_runs":"finished","0031_add_api_relation_table":"finished","0032_index_workspacesession_editor":"finished","0033_add_editor_data_cache_table":"finished","0034_migrate_editor_data":"finished","0035_remove_editors_table":"finished","0036_add_auth_sessions_table":"finished","0037_add_list_cache_table":"finished","0038_add_cookies_table":"finished","0039_add_runtime_preferences_table":"finished","0040_index_cookies_table":"finished","0041_update_collections_folder_request_response_with_owner_and_uid":"finished"}]
[31956][1784860190035][requester][info]["Migrations: Updated status in migration context",{"0000_initial":"finished","0001_add_archived_resources_table":"finished","0002_add_variable_sessions_table":"finished","0003_add_editor_tables":"finished","0004_migrate_ws_session_data":"finished","0005_cleanup_request_response_and_history_body":"finished","0006_add_dbp_to_request_response_and_history":"finished","0007_add_sync_client_buckets_by_order_id_table":"finished","0008_migrate_to_sync_client_buckets_by_order_id":"finished","0009_remove_sync_client_buckets_table":"finished","0010_add_history_owner":"finished","0011_add_history_response_table":"finished","0012_add_user_data_table":"finished","0013_sanitize_request_response_and_history_methods":"finished","0014_sanitize_response_requestobject_rawmodedata":"finished","0015_add_favorited_collections_table":"finished","0016_add_permission_table":"finished","0017_add_user_preferences_table":"finished","0018_index_header_presets":"finished","0019_migrate_favorite_collections_data":"finished","0020_migrate_sync_client_revision":"finished","0021_clear_permissions":"finished","0022_add_workspace_header_presets":"finished","0023_remove_collection_permissions_and_shared":"finished","0024_add_console_timelines_table":"finished","0025_add_console_events_table":"finished","0026_index_console_events":"finished","0027_add_console_blob_table":"finished","0028_add_runner_data_table":"finished","0029_add_api_schema_table":"finished","0030_migrate_collection_runs":"finished","0031_add_api_relation_table":"finished","0032_index_workspacesession_editor":"finished","0033_add_editor_data_cache_table":"finished","0034_migrate_editor_data":"finished","0035_remove_editors_table":"finished","0036_add_auth_sessions_table":"finished","0037_add_list_cache_table":"finished","0038_add_cookies_table":"finished","0039_add_runtime_preferences_table":"finished","0040_index_cookies_table":"finished","0041_update_collections_folder_request_response_with_owner_and_uid":"finished"}]
[31956][1784860190035][requester][info]["Migrations: Setting context before starting migration","0042_migrate_runtime_user_preferences",{"0000_initial":"finished","0001_add_archived_resources_table":"finished","0002_add_variable_sessions_table":"finished","0003_add_editor_tables":"finished","0004_migrate_ws_session_data":"finished","0005_cleanup_request_response_and_history_body":"finished","0006_add_dbp_to_request_response_and_history":"finished","0007_add_sync_client_buckets_by_order_id_table":"finished","0008_migrate_to_sync_client_buckets_by_order_id":"finished","0009_remove_sync_client_buckets_table":"finished","0010_add_history_owner":"finished","0011_add_history_response_table":"finished","0012_add_user_data_table":"finished","0013_sanitize_request_response_and_history_methods":"finished","0014_sanitize_response_requestobject_rawmodedata":"finished","0015_add_favorited_collections_table":"finished","0016_add_permission_table":"finished","0017_add_user_preferences_table":"finished","0018_index_header_presets":"finished","0019_migrate_favorite_collections_data":"finished","0020_migrate_sync_client_revision":"finished","0021_clear_permissions":"finished","0022_add_workspace_header_presets":"finished","0023_remove_collection_permissions_and_shared":"finished","0024_add_console_timelines_table":"finished","0025_add_console_events_table":"finished","0026_index_console_events":"finished","0027_add_console_blob_table":"finished","0028_add_runner_data_table":"finished","0029_add_api_schema_table":"finished","0030_migrate_collection_runs":"finished","0031_add_api_relation_table":"finished","0032_index_workspacesession_editor":"finished","0033_add_editor_data_cache_table":"finished","0034_migrate_editor_data":"finished","0035_remove_editors_table":"finished","0036_add_auth_sessions_table":"finished","0037_add_list_cache_table":"finished","0038_add_cookies_table":"finished","0039_add_runtime_preferences_table":"finished","0040_index_cookies_table":"finished","0041_update_collections_folder_request_response_with_owner_and_uid":"finished","0042_migrate_runtime_user_preferences":"started"}]
[31956][1784860190036][requester][info]["Migrations: Applying migration","0042_migrate_runtime_user_preferences"]
[31956][1784860190036][requester][info]["Migrations: Processing IndexedDB data migration","0042_migrate_runtime_user_preferences"]
[31956][1784860190039][requester][info]["Migration~RuntimeUserPreferences: Migrating Runtime Preferences"]
[31956][1784860190044][requester][info]["Migrations: Saving migration context after completion","0042_migrate_runtime_user_preferences",{"0000_initial":"finished","0001_add_archived_resources_table":"finished","0002_add_variable_sessions_table":"finished","0003_add_editor_tables":"finished","0004_migrate_ws_session_data":"finished","0005_cleanup_request_response_and_history_body":"finished","0006_add_dbp_to_request_response_and_history":"finished","0007_add_sync_client_buckets_by_order_id_table":"finished","0008_migrate_to_sync_client_buckets_by_order_id":"finished","0009_remove_sync_client_buckets_table":"finished","0010_add_history_owner":"finished","0011_add_history_response_table":"finished","0012_add_user_data_table":"finished","0013_sanitize_request_response_and_history_methods":"finished","0014_sanitize_response_requestobject_rawmodedata":"finished","0015_add_favorited_collections_table":"finished","0016_add_permission_table":"finished","0017_add_user_preferences_table":"finished","0018_index_header_presets":"finished","0019_migrate_favorite_collections_data":"finished","0020_migrate_sync_client_revision":"finished","0021_clear_permissions":"finished","0022_add_workspace_header_presets":"finished","0023_remove_collection_permissions_and_shared":"finished","0024_add_console_timelines_table":"finished","0025_add_console_events_table":"finished","0026_index_console_events":"finished","0027_add_console_blob_table":"finished","0028_add_runner_data_table":"finished","0029_add_api_schema_table":"finished","0030_migrate_collection_runs":"finished","0031_add_api_relation_table":"finished","0032_index_workspacesession_editor":"finished","0033_add_editor_data_cache_table":"finished","0034_migrate_editor_data":"finished","0035_remove_editors_table":"finished","0036_add_auth_sessions_table":"finished","0037_add_list_cache_table":"finished","0038_add_cookies_table":"finished","0039_add_runtime_preferences_table":"finished","0040_index_cookies_table":"finished","0041_update_collections_folder_request_response_with_owner_and_uid":"finished","0042_migrate_runtime_user_preferences":"started"}]
[31956][1784860190045][requester][info]["Migrations: Starting migration","0043_cleanup_launchpad_bootcamp"]
[31956][1784860190045][requester][info]["Migrations: Flushing pending migrations for","0043_cleanup_launchpad_bootcamp"]
[31956][1784860190045][requester][info]["Migrations: Updating status in migration context",{"0000_initial":"finished","0001_add_archived_resources_table":"finished","0002_add_variable_sessions_table":"finished","0003_add_editor_tables":"finished","0004_migrate_ws_session_data":"finished","0005_cleanup_request_response_and_history_body":"finished","0006_add_dbp_to_request_response_and_history":"finished","0007_add_sync_client_buckets_by_order_id_table":"finished","0008_migrate_to_sync_client_buckets_by_order_id":"finished","0009_remove_sync_client_buckets_table":"finished","0010_add_history_owner":"finished","0011_add_history_response_table":"finished","0012_add_user_data_table":"finished","0013_sanitize_request_response_and_history_methods":"finished","0014_sanitize_response_requestobject_rawmodedata":"finished","0015_add_favorited_collections_table":"finished","0016_add_permission_table":"finished","0017_add_user_preferences_table":"finished","0018_index_header_presets":"finished","0019_migrate_favorite_collections_data":"finished","0020_migrate_sync_client_revision":"finished","0021_clear_permissions":"finished","0022_add_workspace_header_presets":"finished","0023_remove_collection_permissions_and_shared":"finished","0024_add_console_timelines_table":"finished","0025_add_console_events_table":"finished","0026_index_console_events":"finished","0027_add_console_blob_table":"finished","0028_add_runner_data_table":"finished","0029_add_api_schema_table":"finished","0030_migrate_collection_runs":"finished","0031_add_api_relation_table":"finished","0032_index_workspacesession_editor":"finished","0033_add_editor_data_cache_table":"finished","0034_migrate_editor_data":"finished","0035_remove_editors_table":"finished","0036_add_auth_sessions_table":"finished","0037_add_list_cache_table":"finished","0038_add_cookies_table":"finished","0039_add_runtime_preferences_table":"finished","0040_index_cookies_table":"finished","0041_update_collections_folder_request_response_with_owner_and_uid":"finished","0042_migrate_runtime_user_preferences":"finished"}]
[31956][1784860190046][requester][info]["Migrations: Updated status in migration context",{"0000_initial":"finished","0001_add_archived_resources_table":"finished","0002_add_variable_sessions_table":"finished","0003_add_editor_tables":"finished","0004_migrate_ws_session_data":"finished","0005_cleanup_request_response_and_history_body":"finished","0006_add_dbp_to_request_response_and_history":"finished","0007_add_sync_client_buckets_by_order_id_table":"finished","0008_migrate_to_sync_client_buckets_by_order_id":"finished","0009_remove_sync_client_buckets_table":"finished","0010_add_history_owner":"finished","0011_add_history_response_table":"finished","0012_add_user_data_table":"finished","0013_sanitize_request_response_and_history_methods":"finished","0014_sanitize_response_requestobject_rawmodedata":"finished","0015_add_favorited_collections_table":"finished","0016_add_permission_table":"finished","0017_add_user_preferences_table":"finished","0018_index_header_presets":"finished","0019_migrate_favorite_collections_data":"finished","0020_migrate_sync_client_revision":"finished","0021_clear_permissions":"finished","0022_add_workspace_header_presets":"finished","0023_remove_collection_permissions_and_shared":"finished","0024_add_console_timelines_table":"finished","0025_add_console_events_table":"finished","0026_index_console_events":"finished","0027_add_console_blob_table":"finished","0028_add_runner_data_table":"finished","0029_add_api_schema_table":"finished","0030_migrate_collection_runs":"finished","0031_add_api_relation_table":"finished","0032_index_workspacesession_editor":"finished","0033_add_editor_data_cache_table":"finished","0034_migrate_editor_data":"finished","0035_remove_editors_table":"finished","0036_add_auth_sessions_table":"finished","0037_add_list_cache_table":"finished","0038_add_cookies_table":"finished","0039_add_runtime_preferences_table":"finished","0040_index_cookies_table":"finished","0041_update_collections_folder_request_response_with_owner_and_uid":"finished","0042_migrate_runtime_user_preferences":"finished"}]
[31956][1784860190046][requester][info]["Migrations: Setting context before starting migration","0043_cleanup_launchpad_bootcamp",{"0000_initial":"finished","0001_add_archived_resources_table":"finished","0002_add_variable_sessions_table":"finished","0003_add_editor_tables":"finished","0004_migrate_ws_session_data":"finished","0005_cleanup_request_response_and_history_body":"finished","0006_add_dbp_to_request_response_and_history":"finished","0007_add_sync_client_buckets_by_order_id_table":"finished","0008_migrate_to_sync_client_buckets_by_order_id":"finished","0009_remove_sync_client_buckets_table":"finished","0010_add_history_owner":"finished","0011_add_history_response_table":"finished","0012_add_user_data_table":"finished","0013_sanitize_request_response_and_history_methods":"finished","0014_sanitize_response_requestobject_rawmodedata":"finished","0015_add_favorited_collections_table":"finished","0016_add_permission_table":"finished","0017_add_user_preferences_table":"finished","0018_index_header_presets":"finished","0019_migrate_favorite_collections_data":"finished","0020_migrate_sync_client_revision":"finished","0021_clear_permissions":"finished","0022_add_workspace_header_presets":"finished","0023_remove_collection_permissions_and_shared":"finished","0024_add_console_timelines_table":"finished","0025_add_console_events_table":"finished","0026_index_console_events":"finished","0027_add_console_blob_table":"finished","0028_add_runner_data_table":"finished","0029_add_api_schema_table":"finished","0030_migrate_collection_runs":"finished","0031_add_api_relation_table":"finished","0032_index_workspacesession_editor":"finished","0033_add_editor_data_cache_table":"finished","0034_migrate_editor_data":"finished","0035_remove_editors_table":"finished","0036_add_auth_sessions_table":"finished","0037_add_list_cache_table":"finished","0038_add_cookies_table":"finished","0039_add_runtime_preferences_table":"finished","0040_index_cookies_table":"finished","0041_update_collections_folder_request_response_with_owner_and_uid":"finished","0042_migrate_runtime_user_preferences":"finished","0043_cleanup_launchpad_bootcamp":"started"}]
[31956][1784860190047][requester][info]["Migrations: Applying migration","0043_cleanup_launchpad_bootcamp"]
[31956][1784860190047][requester][info]["Migrations: Processing IndexedDB data migration","0043_cleanup_launchpad_bootcamp"]
[31956][1784860190051][requester][info]["Migration~CleanupLaunchpadAndBootcamp: Cleaning up references of launchpad and bootcamp"]
[31956][1784860190053][requester][info]["Migrations: Saving migration context after completion","0043_cleanup_launchpad_bootcamp",{"0000_initial":"finished","0001_add_archived_resources_table":"finished","0002_add_variable_sessions_table":"finished","0003_add_editor_tables":"finished","0004_migrate_ws_session_data":"finished","0005_cleanup_request_response_and_history_body":"finished","0006_add_dbp_to_request_response_and_history":"finished","0007_add_sync_client_buckets_by_order_id_table":"finished","0008_migrate_to_sync_client_buckets_by_order_id":"finished","0009_remove_sync_client_buckets_table":"finished","0010_add_history_owner":"finished","0011_add_history_response_table":"finished","0012_add_user_data_table":"finished","0013_sanitize_request_response_and_history_methods":"finished","0014_sanitize_response_requestobject_rawmodedata":"finished","0015_add_favorited_collections_table":"finished","0016_add_permission_table":"finished","0017_add_user_preferences_table":"finished","0018_index_header_presets":"finished","0019_migrate_favorite_collections_data":"finished","0020_migrate_sync_client_revision":"finished","0021_clear_permissions":"finished","0022_add_workspace_header_presets":"finished","0023_remove_collection_permissions_and_shared":"finished","0024_add_console_timelines_table":"finished","0025_add_console_events_table":"finished","0026_index_console_events":"finished","0027_add_console_blob_table":"finished","0028_add_runner_data_table":"finished","0029_add_api_schema_table":"finished","0030_migrate_collection_runs":"finished","0031_add_api_relation_table":"finished","0032_index_workspacesession_editor":"finished","0033_add_editor_data_cache_table":"finished","0034_migrate_editor_data":"finished","0035_remove_editors_table":"finished","0036_add_auth_sessions_table":"finished","0037_add_list_cache_table":"finished","0038_add_cookies_table":"finished","0039_add_runtime_preferences_table":"finished","0040_index_cookies_table":"finished","0041_update_collections_folder_request_response_with_owner_and_uid":"finished","0042_migrate_runtime_user_preferences":"finished","0043_cleanup_launchpad_bootcamp":"started"}]
[31956][1784860190054][requester][info]["Migrations: Starting migration","0044_migrate_tab_resource"]
[31956][1784860190054][requester][info]["Migrations: Flushing pending migrations for","0044_migrate_tab_resource"]
[31956][1784860190054][requester][info]["Migrations: Updating status in migration context",{"0000_initial":"finished","0001_add_archived_resources_table":"finished","0002_add_variable_sessions_table":"finished","0003_add_editor_tables":"finished","0004_migrate_ws_session_data":"finished","0005_cleanup_request_response_and_history_body":"finished","0006_add_dbp_to_request_response_and_history":"finished","0007_add_sync_client_buckets_by_order_id_table":"finished","0008_migrate_to_sync_client_buckets_by_order_id":"finished","0009_remove_sync_client_buckets_table":"finished","0010_add_history_owner":"finished","0011_add_history_response_table":"finished","0012_add_user_data_table":"finished","0013_sanitize_request_response_and_history_methods":"finished","0014_sanitize_response_requestobject_rawmodedata":"finished","0015_add_favorited_collections_table":"finished","0016_add_permission_table":"finished","0017_add_user_preferences_table":"finished","0018_index_header_presets":"finished","0019_migrate_favorite_collections_data":"finished","0020_migrate_sync_client_revision":"finished","0021_clear_permissions":"finished","0022_add_workspace_header_presets":"finished","0023_remove_collection_permissions_and_shared":"finished","0024_add_console_timelines_table":"finished","0025_add_console_events_table":"finished","0026_index_console_events":"finished","0027_add_console_blob_table":"finished","0028_add_runner_data_table":"finished","0029_add_api_schema_table":"finished","0030_migrate_collection_runs":"finished","0031_add_api_relation_table":"finished","0032_index_workspacesession_editor":"finished","0033_add_editor_data_cache_table":"finished","0034_migrate_editor_data":"finished","0035_remove_editors_table":"finished","0036_add_auth_sessions_table":"finished","0037_add_list_cache_table":"finished","0038_add_cookies_table":"finished","0039_add_runtime_preferences_table":"finished","0040_index_cookies_table":"finished","0041_update_collections_folder_request_response_with_owner_and_uid":"finished","0042_migrate_runtime_user_preferences":"finished","0043_cleanup_launchpad_bootcamp":"finished"}]
[31956][1784860190054][requester][info]["Migrations: Updated status in migration context",{"0000_initial":"finished","0001_add_archived_resources_table":"finished","0002_add_variable_sessions_table":"finished","0003_add_editor_tables":"finished","0004_migrate_ws_session_data":"finished","0005_cleanup_request_response_and_history_body":"finished","0006_add_dbp_to_request_response_and_history":"finished","0007_add_sync_client_buckets_by_order_id_table":"finished","0008_migrate_to_sync_client_buckets_by_order_id":"finished","0009_remove_sync_client_buckets_table":"finished","0010_add_history_owner":"finished","0011_add_history_response_table":"finished","0012_add_user_data_table":"finished","0013_sanitize_request_response_and_history_methods":"finished","0014_sanitize_response_requestobject_rawmodedata":"finished","0015_add_favorited_collections_table":"finished","0016_add_permission_table":"finished","0017_add_user_preferences_table":"finished","0018_index_header_presets":"finished","0019_migrate_favorite_collections_data":"finished","0020_migrate_sync_client_revision":"finished","0021_clear_permissions":"finished","0022_add_workspace_header_presets":"finished","0023_remove_collection_permissions_and_shared":"finished","0024_add_console_timelines_table":"finished","0025_add_console_events_table":"finished","0026_index_console_events":"finished","0027_add_console_blob_table":"finished","0028_add_runner_data_table":"finished","0029_add_api_schema_table":"finished","0030_migrate_collection_runs":"finished","0031_add_api_relation_table":"finished","0032_index_workspacesession_editor":"finished","0033_add_editor_data_cache_table":"finished","0034_migrate_editor_data":"finished","0035_remove_editors_table":"finished","0036_add_auth_sessions_table":"finished","0037_add_list_cache_table":"finished","0038_add_cookies_table":"finished","0039_add_runtime_preferences_table":"finished","0040_index_cookies_table":"finished","0041_update_collections_folder_request_response_with_owner_and_uid":"finished","0042_migrate_runtime_user_preferences":"finished","0043_cleanup_launchpad_bootcamp":"finished"}]
[31956][1784860190055][requester][info]["Migrations: Setting context before starting migration","0044_migrate_tab_resource",{"0000_initial":"finished","0001_add_archived_resources_table":"finished","0002_add_variable_sessions_table":"finished","0003_add_editor_tables":"finished","0004_migrate_ws_session_data":"finished","0005_cleanup_request_response_and_history_body":"finished","0006_add_dbp_to_request_response_and_history":"finished","0007_add_sync_client_buckets_by_order_id_table":"finished","0008_migrate_to_sync_client_buckets_by_order_id":"finished","0009_remove_sync_client_buckets_table":"finished","0010_add_history_owner":"finished","0011_add_history_response_table":"finished","0012_add_user_data_table":"finished","0013_sanitize_request_response_and_history_methods":"finished","0014_sanitize_response_requestobject_rawmodedata":"finished","0015_add_favorited_collections_table":"finished","0016_add_permission_table":"finished","0017_add_user_preferences_table":"finished","0018_index_header_presets":"finished","0019_migrate_favorite_collections_data":"finished","0020_migrate_sync_client_revision":"finished","0021_clear_permissions":"finished","0022_add_workspace_header_presets":"finished","0023_remove_collection_permissions_and_shared":"finished","0024_add_console_timelines_table":"finished","0025_add_console_events_table":"finished","0026_index_console_events":"finished","0027_add_console_blob_table":"finished","0028_add_runner_data_table":"finished","0029_add_api_schema_table":"finished","0030_migrate_collection_runs":"finished","0031_add_api_relation_table":"finished","0032_index_workspacesession_editor":"finished","0033_add_editor_data_cache_table":"finished","0034_migrate_editor_data":"finished","0035_remove_editors_table":"finished","0036_add_auth_sessions_table":"finished","0037_add_list_cache_table":"finished","0038_add_cookies_table":"finished","0039_add_runtime_preferences_table":"finished","0040_index_cookies_table":"finished","0041_update_collections_folder_request_response_with_owner_and_uid":"finished","0042_migrate_runtime_user_preferences":"finished","0043_cleanup_launchpad_bootcamp":"finished","0044_migrate_tab_resource":"started"}]
[31956][1784860190055][requester][info]["Migrations: Applying migration","0044_migrate_tab_resource"]
[31956][1784860190055][requester][info]["Migrations: Processing IndexedDB data migration","0044_migrate_tab_resource"]
[31956][1784860190058][requester][info]["MigrateTabResource: Updating the older tab resource to newer format"]
[31956][1784860190062][requester][info]["Migrations: Saving migration context after completion","0044_migrate_tab_resource",{"0000_initial":"finished","0001_add_archived_resources_table":"finished","0002_add_variable_sessions_table":"finished","0003_add_editor_tables":"finished","0004_migrate_ws_session_data":"finished","0005_cleanup_request_response_and_history_body":"finished","0006_add_dbp_to_request_response_and_history":"finished","0007_add_sync_client_buckets_by_order_id_table":"finished","0008_migrate_to_sync_client_buckets_by_order_id":"finished","0009_remove_sync_client_buckets_table":"finished","0010_add_history_owner":"finished","0011_add_history_response_table":"finished","0012_add_user_data_table":"finished","0013_sanitize_request_response_and_history_methods":"finished","0014_sanitize_response_requestobject_rawmodedata":"finished","0015_add_favorited_collections_table":"finished","0016_add_permission_table":"finished","0017_add_user_preferences_table":"finished","0018_index_header_presets":"finished","0019_migrate_favorite_collections_data":"finished","0020_migrate_sync_client_revision":"finished","0021_clear_permissions":"finished","0022_add_workspace_header_presets":"finished","0023_remove_collection_permissions_and_shared":"finished","0024_add_console_timelines_table":"finished","0025_add_console_events_table":"finished","0026_index_console_events":"finished","0027_add_console_blob_table":"finished","0028_add_runner_data_table":"finished","0029_add_api_schema_table":"finished","0030_migrate_collection_runs":"finished","0031_add_api_relation_table":"finished","0032_index_workspacesession_editor":"finished","0033_add_editor_data_cache_table":"finished","0034_migrate_editor_data":"finished","0035_remove_editors_table":"finished","0036_add_auth_sessions_table":"finished","0037_add_list_cache_table":"finished","0038_add_cookies_table":"finished","0039_add_runtime_preferences_table":"finished","0040_index_cookies_table":"finished","0041_update_collections_folder_request_response_with_owner_and_uid":"finished","0042_migrate_runtime_user_preferences":"finished","0043_cleanup_launchpad_bootcamp":"finished","0044_migrate_tab_resource":"started"}]
[31956][1784860190063][requester][info]["Migrations: Starting migration","0045_add_runtime_entity_settings_table"]
[31956][1784860190063][requester][info]["Migrations: Setting context before starting migration","0045_add_runtime_entity_settings_table",{"0000_initial":"finished","0001_add_archived_resources_table":"finished","0002_add_variable_sessions_table":"finished","0003_add_editor_tables":"finished","0004_migrate_ws_session_data":"finished","0005_cleanup_request_response_and_history_body":"finished","0006_add_dbp_to_request_response_and_history":"finished","0007_add_sync_client_buckets_by_order_id_table":"finished","0008_migrate_to_sync_client_buckets_by_order_id":"finished","0009_remove_sync_client_buckets_table":"finished","0010_add_history_owner":"finished","0011_add_history_response_table":"finished","0012_add_user_data_table":"finished","0013_sanitize_request_response_and_history_methods":"finished","0014_sanitize_response_requestobject_rawmodedata":"finished","0015_add_favorited_collections_table":"finished","0016_add_permission_table":"finished","0017_add_user_preferences_table":"finished","0018_index_header_presets":"finished","0019_migrate_favorite_collections_data":"finished","0020_migrate_sync_client_revision":"finished","0021_clear_permissions":"finished","0022_add_workspace_header_presets":"finished","0023_remove_collection_permissions_and_shared":"finished","0024_add_console_timelines_table":"finished","0025_add_console_events_table":"finished","0026_index_console_events":"finished","0027_add_console_blob_table":"finished","0028_add_runner_data_table":"finished","0029_add_api_schema_table":"finished","0030_migrate_collection_runs":"finished","0031_add_api_relation_table":"finished","0032_index_workspacesession_editor":"finished","0033_add_editor_data_cache_table":"finished","0034_migrate_editor_data":"finished","0035_remove_editors_table":"finished","0036_add_auth_sessions_table":"finished","0037_add_list_cache_table":"finished","0038_add_cookies_table":"finished","0039_add_runtime_preferences_table":"finished","0040_index_cookies_table":"finished","0041_update_collections_folder_request_response_with_owner_and_uid":"finished","0042_migrate_runtime_user_preferences":"finished","0043_cleanup_launchpad_bootcamp":"finished","0044_migrate_tab_resource":"finished","0045_add_runtime_entity_settings_table":"started"}]
[31956][1784860190063][requester][info]["Migrations: Applying migration","0045_add_runtime_entity_settings_table"]
[31956][1784860190064][requester][info]["Migrations: Upgrading IndexedDB to version","0045_add_runtime_entity_settings_table",28]
[31956][1784860190065][requester][info]["Migrations: Adding pending commit to queue","0045_add_runtime_entity_settings_table"]
[31956][1784860190065][requester][info]["Migrations: Starting migration","0046_migrate_responses_order"]
[31956][1784860190065][requester][info]["Migrations: Flushing pending migrations for","0046_migrate_responses_order"]
[31956][1784860190065][requester][info]["Migrations: Flushing pending commit for type","IndexeddbSchemaMigration"]
[31956][1784860190065][requester][info]["Migrations: Committing IndexedDB upgrade"]
[31956][1784860190072][requester][info]["Migrations: Updating status in migration context",{"0000_initial":"finished","0001_add_archived_resources_table":"finished","0002_add_variable_sessions_table":"finished","0003_add_editor_tables":"finished","0004_migrate_ws_session_data":"finished","0005_cleanup_request_response_and_history_body":"finished","0006_add_dbp_to_request_response_and_history":"finished","0007_add_sync_client_buckets_by_order_id_table":"finished","0008_migrate_to_sync_client_buckets_by_order_id":"finished","0009_remove_sync_client_buckets_table":"finished","0010_add_history_owner":"finished","0011_add_history_response_table":"finished","0012_add_user_data_table":"finished","0013_sanitize_request_response_and_history_methods":"finished","0014_sanitize_response_requestobject_rawmodedata":"finished","0015_add_favorited_collections_table":"finished","0016_add_permission_table":"finished","0017_add_user_preferences_table":"finished","0018_index_header_presets":"finished","0019_migrate_favorite_collections_data":"finished","0020_migrate_sync_client_revision":"finished","0021_clear_permissions":"finished","0022_add_workspace_header_presets":"finished","0023_remove_collection_permissions_and_shared":"finished","0024_add_console_timelines_table":"finished","0025_add_console_events_table":"finished","0026_index_console_events":"finished","0027_add_console_blob_table":"finished","0028_add_runner_data_table":"finished","0029_add_api_schema_table":"finished","0030_migrate_collection_runs":"finished","0031_add_api_relation_table":"finished","0032_index_workspacesession_editor":"finished","0033_add_editor_data_cache_table":"finished","0034_migrate_editor_data":"finished","0035_remove_editors_table":"finished","0036_add_auth_sessions_table":"finished","0037_add_list_cache_table":"finished","0038_add_cookies_table":"finished","0039_add_runtime_preferences_table":"finished","0040_index_cookies_table":"finished","0041_update_collections_folder_request_response_with_owner_and_uid":"finished","0042_migrate_runtime_user_preferences":"finished","0043_cleanup_launchpad_bootcamp":"finished","0044_migrate_tab_resource":"finished","0045_add_runtime_entity_settings_table":"started"}]
[31956][1784860190074][requester][info]["Migrations: Updated status in migration context",{"0000_initial":"finished","0001_add_archived_resources_table":"finished","0002_add_variable_sessions_table":"finished","0003_add_editor_tables":"finished","0004_migrate_ws_session_data":"finished","0005_cleanup_request_response_and_history_body":"finished","0006_add_dbp_to_request_response_and_history":"finished","0007_add_sync_client_buckets_by_order_id_table":"finished","0008_migrate_to_sync_client_buckets_by_order_id":"finished","0009_remove_sync_client_buckets_table":"finished","0010_add_history_owner":"finished","0011_add_history_response_table":"finished","0012_add_user_data_table":"finished","0013_sanitize_request_response_and_history_methods":"finished","0014_sanitize_response_requestobject_rawmodedata":"finished","0015_add_favorited_collections_table":"finished","0016_add_permission_table":"finished","0017_add_user_preferences_table":"finished","0018_index_header_presets":"finished","0019_migrate_favorite_collections_data":"finished","0020_migrate_sync_client_revision":"finished","0021_clear_permissions":"finished","0022_add_workspace_header_presets":"finished","0023_remove_collection_permissions_and_shared":"finished","0024_add_console_timelines_table":"finished","0025_add_console_events_table":"finished","0026_index_console_events":"finished","0027_add_console_blob_table":"finished","0028_add_runner_data_table":"finished","0029_add_api_schema_table":"finished","0030_migrate_collection_runs":"finished","0031_add_api_relation_table":"finished","0032_index_workspacesession_editor":"finished","0033_add_editor_data_cache_table":"finished","0034_migrate_editor_data":"finished","0035_remove_editors_table":"finished","0036_add_auth_sessions_table":"finished","0037_add_list_cache_table":"finished","0038_add_cookies_table":"finished","0039_add_runtime_preferences_table":"finished","0040_index_cookies_table":"finished","0041_update_collections_folder_request_response_with_owner_and_uid":"finished","0042_migrate_runtime_user_preferences":"finished","0043_cleanup_launchpad_bootcamp":"finished","0044_migrate_tab_resource":"finished","0045_add_runtime_entity_settings_table":"finished"}]
[31956][1784860190076][requester][info]["Migrations: Setting context before starting migration","0046_migrate_responses_order",{"0000_initial":"finished","0001_add_archived_resources_table":"finished","0002_add_variable_sessions_table":"finished","0003_add_editor_tables":"finished","0004_migrate_ws_session_data":"finished","0005_cleanup_request_response_and_history_body":"finished","0006_add_dbp_to_request_response_and_history":"finished","0007_add_sync_client_buckets_by_order_id_table":"finished","0008_migrate_to_sync_client_buckets_by_order_id":"finished","0009_remove_sync_client_buckets_table":"finished","0010_add_history_owner":"finished","0011_add_history_response_table":"finished","0012_add_user_data_table":"finished","0013_sanitize_request_response_and_history_methods":"finished","0014_sanitize_response_requestobject_rawmodedata":"finished","0015_add_favorited_collections_table":"finished","0016_add_permission_table":"finished","0017_add_user_preferences_table":"finished","0018_index_header_presets":"finished","0019_migrate_favorite_collections_data":"finished","0020_migrate_sync_client_revision":"finished","0021_clear_permissions":"finished","0022_add_workspace_header_presets":"finished","0023_remove_collection_permissions_and_shared":"finished","0024_add_console_timelines_table":"finished","0025_add_console_events_table":"finished","0026_index_console_events":"finished","0027_add_console_blob_table":"finished","0028_add_runner_data_table":"finished","0029_add_api_schema_table":"finished","0030_migrate_collection_runs":"finished","0031_add_api_relation_table":"finished","0032_index_workspacesession_editor":"finished","0033_add_editor_data_cache_table":"finished","0034_migrate_editor_data":"finished","0035_remove_editors_table":"finished","0036_add_auth_sessions_table":"finished","0037_add_list_cache_table":"finished","0038_add_cookies_table":"finished","0039_add_runtime_preferences_table":"finished","0040_index_cookies_table":"finished","0041_update_collections_folder_request_response_with_owner_and_uid":"finished","0042_migrate_runtime_user_preferences":"finished","0043_cleanup_launchpad_bootcamp":"finished","0044_migrate_tab_resource":"finished","0045_add_runtime_entity_settings_table":"finished","0046_migrate_responses_order":"started"}]
[31956][1784860190077][requester][info]["Migrations: Applying migration","0046_migrate_responses_order"]
[31956][1784860190077][requester][info]["Migrations: Processing IndexedDB data migration","0046_migrate_responses_order"]
[31956][1784860190081][requester][info]["Migration~ResponsesOrder: Migrating Responses order"]
[31956][1784860190085][requester][info]["Migrations: Saving migration context after completion","0046_migrate_responses_order",{"0000_initial":"finished","0001_add_archived_resources_table":"finished","0002_add_variable_sessions_table":"finished","0003_add_editor_tables":"finished","0004_migrate_ws_session_data":"finished","0005_cleanup_request_response_and_history_body":"finished","0006_add_dbp_to_request_response_and_history":"finished","0007_add_sync_client_buckets_by_order_id_table":"finished","0008_migrate_to_sync_client_buckets_by_order_id":"finished","0009_remove_sync_client_buckets_table":"finished","0010_add_history_owner":"finished","0011_add_history_response_table":"finished","0012_add_user_data_table":"finished","0013_sanitize_request_response_and_history_methods":"finished","0014_sanitize_response_requestobject_rawmodedata":"finished","0015_add_favorited_collections_table":"finished","0016_add_permission_table":"finished","0017_add_user_preferences_table":"finished","0018_index_header_presets":"finished","0019_migrate_favorite_collections_data":"finished","0020_migrate_sync_client_revision":"finished","0021_clear_permissions":"finished","0022_add_workspace_header_presets":"finished","0023_remove_collection_permissions_and_shared":"finished","0024_add_console_timelines_table":"finished","0025_add_console_events_table":"finished","0026_index_console_events":"finished","0027_add_console_blob_table":"finished","0028_add_runner_data_table":"finished","0029_add_api_schema_table":"finished","0030_migrate_collection_runs":"finished","0031_add_api_relation_table":"finished","0032_index_workspacesession_editor":"finished","0033_add_editor_data_cache_table":"finished","0034_migrate_editor_data":"finished","0035_remove_editors_table":"finished","0036_add_auth_sessions_table":"finished","0037_add_list_cache_table":"finished","0038_add_cookies_table":"finished","0039_add_runtime_preferences_table":"finished","0040_index_cookies_table":"finished","0041_update_collections_folder_request_response_with_owner_and_uid":"finished","0042_migrate_runtime_user_preferences":"finished","0043_cleanup_launchpad_bootcamp":"finished","0044_migrate_tab_resource":"finished","0045_add_runtime_entity_settings_table":"finished","0046_migrate_responses_order":"started"}]
[31956][1784860190086][requester][info]["Migrations: Starting migration","0047_update_api_relation_v2_table_indexes"]
[31956][1784860190086][requester][info]["Migrations: Setting context before starting migration","0047_update_api_relation_v2_table_indexes",{"0000_initial":"finished","0001_add_archived_resources_table":"finished","0002_add_variable_sessions_table":"finished","0003_add_editor_tables":"finished","0004_migrate_ws_session_data":"finished","0005_cleanup_request_response_and_history_body":"finished","0006_add_dbp_to_request_response_and_history":"finished","0007_add_sync_client_buckets_by_order_id_table":"finished","0008_migrate_to_sync_client_buckets_by_order_id":"finished","0009_remove_sync_client_buckets_table":"finished","0010_add_history_owner":"finished","0011_add_history_response_table":"finished","0012_add_user_data_table":"finished","0013_sanitize_request_response_and_history_methods":"finished","0014_sanitize_response_requestobject_rawmodedata":"finished","0015_add_favorited_collections_table":"finished","0016_add_permission_table":"finished","0017_add_user_preferences_table":"finished","0018_index_header_presets":"finished","0019_migrate_favorite_collections_data":"finished","0020_migrate_sync_client_revision":"finished","0021_clear_permissions":"finished","0022_add_workspace_header_presets":"finished","0023_remove_collection_permissions_and_shared":"finished","0024_add_console_timelines_table":"finished","0025_add_console_events_table":"finished","0026_index_console_events":"finished","0027_add_console_blob_table":"finished","0028_add_runner_data_table":"finished","0029_add_api_schema_table":"finished","0030_migrate_collection_runs":"finished","0031_add_api_relation_table":"finished","0032_index_workspacesession_editor":"finished","0033_add_editor_data_cache_table":"finished","0034_migrate_editor_data":"finished","0035_remove_editors_table":"finished","0036_add_auth_sessions_table":"finished","0037_add_list_cache_table":"finished","0038_add_cookies_table":"finished","0039_add_runtime_preferences_table":"finished","0040_index_cookies_table":"finished","0041_update_collections_folder_request_response_with_owner_and_uid":"finished","0042_migrate_runtime_user_preferences":"finished","0043_cleanup_launchpad_bootcamp":"finished","0044_migrate_tab_resource":"finished","0045_add_runtime_entity_settings_table":"finished","0046_migrate_responses_order":"finished","0047_update_api_relation_v2_table_indexes":"started"}]
[31956][1784860190087][requester][info]["Migrations: Applying migration","0047_update_api_relation_v2_table_indexes"]
[31956][1784860190087][requester][info]["Migrations: Upgrading IndexedDB to version","0047_update_api_relation_v2_table_indexes",29]
[31956][1784860190088][requester][info]["Migrations: Adding pending commit to queue","0047_update_api_relation_v2_table_indexes"]
[31956][1784860190089][requester][info]["Migrations: Starting migration","0048_add_session_cookie_table"]
[31956][1784860190089][requester][info]["Migrations: Setting context before starting migration","0048_add_session_cookie_table",{"0000_initial":"finished","0001_add_archived_resources_table":"finished","0002_add_variable_sessions_table":"finished","0003_add_editor_tables":"finished","0004_migrate_ws_session_data":"finished","0005_cleanup_request_response_and_history_body":"finished","0006_add_dbp_to_request_response_and_history":"finished","0007_add_sync_client_buckets_by_order_id_table":"finished","0008_migrate_to_sync_client_buckets_by_order_id":"finished","0009_remove_sync_client_buckets_table":"finished","0010_add_history_owner":"finished","0011_add_history_response_table":"finished","0012_add_user_data_table":"finished","0013_sanitize_request_response_and_history_methods":"finished","0014_sanitize_response_requestobject_rawmodedata":"finished","0015_add_favorited_collections_table":"finished","0016_add_permission_table":"finished","0017_add_user_preferences_table":"finished","0018_index_header_presets":"finished","0019_migrate_favorite_collections_data":"finished","0020_migrate_sync_client_revision":"finished","0021_clear_permissions":"finished","0022_add_workspace_header_presets":"finished","0023_remove_collection_permissions_and_shared":"finished","0024_add_console_timelines_table":"finished","0025_add_console_events_table":"finished","0026_index_console_events":"finished","0027_add_console_blob_table":"finished","0028_add_runner_data_table":"finished","0029_add_api_schema_table":"finished","0030_migrate_collection_runs":"finished","0031_add_api_relation_table":"finished","0032_index_workspacesession_editor":"finished","0033_add_editor_data_cache_table":"finished","0034_migrate_editor_data":"finished","0035_remove_editors_table":"finished","0036_add_auth_sessions_table":"finished","0037_add_list_cache_table":"finished","0038_add_cookies_table":"finished","0039_add_runtime_preferences_table":"finished","0040_index_cookies_table":"finished","0041_update_collections_folder_request_response_with_owner_and_uid":"finished","0042_migrate_runtime_user_preferences":"finished","0043_cleanup_launchpad_bootcamp":"finished","0044_migrate_tab_resource":"finished","0045_add_runtime_entity_settings_table":"finished","0046_migrate_responses_order":"finished","0047_update_api_relation_v2_table_indexes":"started","0048_add_session_cookie_table":"started"}]
[31956][1784860190089][requester][info]["Migrations: Applying migration","0048_add_session_cookie_table"]
[31956][1784860190089][requester][info]["Migrations: Upgrading IndexedDB to version","0048_add_session_cookie_table",30]
[31956][1784860190090][requester][info]["Migrations: Adding pending commit to queue","0048_add_session_cookie_table"]
[31956][1784860190091][requester][info]["Migrations: Starting migration","0049_migrate_data_from_file_to_https"]
[31956][1784860190091][requester][info]["Migrations: Flushing pending migrations for","0049_migrate_data_from_file_to_https"]
[31956][1784860190092][requester][info]["Migrations: Flushing pending commit for type","IndexeddbSchemaMigration"]
[31956][1784860190092][requester][info]["Migrations: Committing IndexedDB upgrade"]
[31956][1784860190118][requester][info]["Migrations: Updating status in migration context",{"0000_initial":"finished","0001_add_archived_resources_table":"finished","0002_add_variable_sessions_table":"finished","0003_add_editor_tables":"finished","0004_migrate_ws_session_data":"finished","0005_cleanup_request_response_and_history_body":"finished","0006_add_dbp_to_request_response_and_history":"finished","0007_add_sync_client_buckets_by_order_id_table":"finished","0008_migrate_to_sync_client_buckets_by_order_id":"finished","0009_remove_sync_client_buckets_table":"finished","0010_add_history_owner":"finished","0011_add_history_response_table":"finished","0012_add_user_data_table":"finished","0013_sanitize_request_response_and_history_methods":"finished","0014_sanitize_response_requestobject_rawmodedata":"finished","0015_add_favorited_collections_table":"finished","0016_add_permission_table":"finished","0017_add_user_preferences_table":"finished","0018_index_header_presets":"finished","0019_migrate_favorite_collections_data":"finished","0020_migrate_sync_client_revision":"finished","0021_clear_permissions":"finished","0022_add_workspace_header_presets":"finished","0023_remove_collection_permissions_and_shared":"finished","0024_add_console_timelines_table":"finished","0025_add_console_events_table":"finished","0026_index_console_events":"finished","0027_add_console_blob_table":"finished","0028_add_runner_data_table":"finished","0029_add_api_schema_table":"finished","0030_migrate_collection_runs":"finished","0031_add_api_relation_table":"finished","0032_index_workspacesession_editor":"finished","0033_add_editor_data_cache_table":"finished","0034_migrate_editor_data":"finished","0035_remove_editors_table":"finished","0036_add_auth_sessions_table":"finished","0037_add_list_cache_table":"finished","0038_add_cookies_table":"finished","0039_add_runtime_preferences_table":"finished","0040_index_cookies_table":"finished","0041_update_collections_folder_request_response_with_owner_and_uid":"finished","0042_migrate_runtime_user_preferences":"finished","0043_cleanup_launchpad_bootcamp":"finished","0044_migrate_tab_resource":"finished","0045_add_runtime_entity_settings_table":"finished","0046_migrate_responses_order":"finished","0047_update_api_relation_v2_table_indexes":"started","0048_add_session_cookie_table":"started"}]
[31956][1784860190119][requester][info]["Migrations: Updated status in migration context",{"0000_initial":"finished","0001_add_archived_resources_table":"finished","0002_add_variable_sessions_table":"finished","0003_add_editor_tables":"finished","0004_migrate_ws_session_data":"finished","0005_cleanup_request_response_and_history_body":"finished","0006_add_dbp_to_request_response_and_history":"finished","0007_add_sync_client_buckets_by_order_id_table":"finished","0008_migrate_to_sync_client_buckets_by_order_id":"finished","0009_remove_sync_client_buckets_table":"finished","0010_add_history_owner":"finished","0011_add_history_response_table":"finished","0012_add_user_data_table":"finished","0013_sanitize_request_response_and_history_methods":"finished","0014_sanitize_response_requestobject_rawmodedata":"finished","0015_add_favorited_collections_table":"finished","0016_add_permission_table":"finished","0017_add_user_preferences_table":"finished","0018_index_header_presets":"finished","0019_migrate_favorite_collections_data":"finished","0020_migrate_sync_client_revision":"finished","0021_clear_permissions":"finished","0022_add_workspace_header_presets":"finished","0023_remove_collection_permissions_and_shared":"finished","0024_add_console_timelines_table":"finished","0025_add_console_events_table":"finished","0026_index_console_events":"finished","0027_add_console_blob_table":"finished","0028_add_runner_data_table":"finished","0029_add_api_schema_table":"finished","0030_migrate_collection_runs":"finished","0031_add_api_relation_table":"finished","0032_index_workspacesession_editor":"finished","0033_add_editor_data_cache_table":"finished","0034_migrate_editor_data":"finished","0035_remove_editors_table":"finished","0036_add_auth_sessions_table":"finished","0037_add_list_cache_table":"finished","0038_add_cookies_table":"finished","0039_add_runtime_preferences_table":"finished","0040_index_cookies_table":"finished","0041_update_collections_folder_request_response_with_owner_and_uid":"finished","0042_migrate_runtime_user_preferences":"finished","0043_cleanup_launchpad_bootcamp":"finished","0044_migrate_tab_resource":"finished","0045_add_runtime_entity_settings_table":"finished","0046_migrate_responses_order":"finished","0047_update_api_relation_v2_table_indexes":"finished","0048_add_session_cookie_table":"finished"}]
[31956][1784860190120][requester][info]["Migrations: Setting context before starting migration","0049_migrate_data_from_file_to_https",{"0000_initial":"finished","0001_add_archived_resources_table":"finished","0002_add_variable_sessions_table":"finished","0003_add_editor_tables":"finished","0004_migrate_ws_session_data":"finished","0005_cleanup_request_response_and_history_body":"finished","0006_add_dbp_to_request_response_and_history":"finished","0007_add_sync_client_buckets_by_order_id_table":"finished","0008_migrate_to_sync_client_buckets_by_order_id":"finished","0009_remove_sync_client_buckets_table":"finished","0010_add_history_owner":"finished","0011_add_history_response_table":"finished","0012_add_user_data_table":"finished","0013_sanitize_request_response_and_history_methods":"finished","0014_sanitize_response_requestobject_rawmodedata":"finished","0015_add_favorited_collections_table":"finished","0016_add_permission_table":"finished","0017_add_user_preferences_table":"finished","0018_index_header_presets":"finished","0019_migrate_favorite_collections_data":"finished","0020_migrate_sync_client_revision":"finished","0021_clear_permissions":"finished","0022_add_workspace_header_presets":"finished","0023_remove_collection_permissions_and_shared":"finished","0024_add_console_timelines_table":"finished","0025_add_console_events_table":"finished","0026_index_console_events":"finished","0027_add_console_blob_table":"finished","0028_add_runner_data_table":"finished","0029_add_api_schema_table":"finished","0030_migrate_collection_runs":"finished","0031_add_api_relation_table":"finished","0032_index_workspacesession_editor":"finished","0033_add_editor_data_cache_table":"finished","0034_migrate_editor_data":"finished","0035_remove_editors_table":"finished","0036_add_auth_sessions_table":"finished","0037_add_list_cache_table":"finished","0038_add_cookies_table":"finished","0039_add_runtime_preferences_table":"finished","0040_index_cookies_table":"finished","0041_update_collections_folder_request_response_with_owner_and_uid":"finished","0042_migrate_runtime_user_preferences":"finished","0043_cleanup_launchpad_bootcamp":"finished","0044_migrate_tab_resource":"finished","0045_add_runtime_entity_settings_table":"finished","0046_migrate_responses_order":"finished","0047_update_api_relation_v2_table_indexes":"finished","0048_add_session_cookie_table":"finished","0049_migrate_data_from_file_to_https":"started"}]
[31956][1784860190120][requester][info]["Migrations: Applying migration","0049_migrate_data_from_file_to_https"]
[31956][1784860190120][requester][info]["Migrations: Processing IndexedDB data migration","0049_migrate_data_from_file_to_https"]
[31956][1784860190124][requester][info]["Migrations: Saving migration context after completion","0049_migrate_data_from_file_to_https",{"0000_initial":"finished","0001_add_archived_resources_table":"finished","0002_add_variable_sessions_table":"finished","0003_add_editor_tables":"finished","0004_migrate_ws_session_data":"finished","0005_cleanup_request_response_and_history_body":"finished","0006_add_dbp_to_request_response_and_history":"finished","0007_add_sync_client_buckets_by_order_id_table":"finished","0008_migrate_to_sync_client_buckets_by_order_id":"finished","0009_remove_sync_client_buckets_table":"finished","0010_add_history_owner":"finished","0011_add_history_response_table":"finished","0012_add_user_data_table":"finished","0013_sanitize_request_response_and_history_methods":"finished","0014_sanitize_response_requestobject_rawmodedata":"finished","0015_add_favorited_collections_table":"finished","0016_add_permission_table":"finished","0017_add_user_preferences_table":"finished","0018_index_header_presets":"finished","0019_migrate_favorite_collections_data":"finished","0020_migrate_sync_client_revision":"finished","0021_clear_permissions":"finished","0022_add_workspace_header_presets":"finished","0023_remove_collection_permissions_and_shared":"finished","0024_add_console_timelines_table":"finished","0025_add_console_events_table":"finished","0026_index_console_events":"finished","0027_add_console_blob_table":"finished","0028_add_runner_data_table":"finished","0029_add_api_schema_table":"finished","0030_migrate_collection_runs":"finished","0031_add_api_relation_table":"finished","0032_index_workspacesession_editor":"finished","0033_add_editor_data_cache_table":"finished","0034_migrate_editor_data":"finished","0035_remove_editors_table":"finished","0036_add_auth_sessions_table":"finished","0037_add_list_cache_table":"finished","0038_add_cookies_table":"finished","0039_add_runtime_preferences_table":"finished","0040_index_cookies_table":"finished","0041_update_collections_folder_request_response_with_owner_and_uid":"finished","0042_migrate_runtime_user_preferences":"finished","0043_cleanup_launchpad_bootcamp":"finished","0044_migrate_tab_resource":"finished","0045_add_runtime_entity_settings_table":"finished","0046_migrate_responses_order":"finished","0047_update_api_relation_v2_table_indexes":"finished","0048_add_session_cookie_table":"finished","0049_migrate_data_from_file_to_https":"started"}]
[31956][1784860190125][requester][info]["Migrations: Starting migration","0050_add_usage_table"]
[31956][1784860190125][requester][info]["Migrations: Setting context before starting migration","0050_add_usage_table",{"0000_initial":"finished","0001_add_archived_resources_table":"finished","0002_add_variable_sessions_table":"finished","0003_add_editor_tables":"finished","0004_migrate_ws_session_data":"finished","0005_cleanup_request_response_and_history_body":"finished","0006_add_dbp_to_request_response_and_history":"finished","0007_add_sync_client_buckets_by_order_id_table":"finished","0008_migrate_to_sync_client_buckets_by_order_id":"finished","0009_remove_sync_client_buckets_table":"finished","0010_add_history_owner":"finished","0011_add_history_response_table":"finished","0012_add_user_data_table":"finished","0013_sanitize_request_response_and_history_methods":"finished","0014_sanitize_response_requestobject_rawmodedata":"finished","0015_add_favorited_collections_table":"finished","0016_add_permission_table":"finished","0017_add_user_preferences_table":"finished","0018_index_header_presets":"finished","0019_migrate_favorite_collections_data":"finished","0020_migrate_sync_client_revision":"finished","0021_clear_permissions":"finished","0022_add_workspace_header_presets":"finished","0023_remove_collection_permissions_and_shared":"finished","0024_add_console_timelines_table":"finished","0025_add_console_events_table":"finished","0026_index_console_events":"finished","0027_add_console_blob_table":"finished","0028_add_runner_data_table":"finished","0029_add_api_schema_table":"finished","0030_migrate_collection_runs":"finished","0031_add_api_relation_table":"finished","0032_index_workspacesession_editor":"finished","0033_add_editor_data_cache_table":"finished","0034_migrate_editor_data":"finished","0035_remove_editors_table":"finished","0036_add_auth_sessions_table":"finished","0037_add_list_cache_table":"finished","0038_add_cookies_table":"finished","0039_add_runtime_preferences_table":"finished","0040_index_cookies_table":"finished","0041_update_collections_folder_request_response_with_owner_and_uid":"finished","0042_migrate_runtime_user_preferences":"finished","0043_cleanup_launchpad_bootcamp":"finished","0044_migrate_tab_resource":"finished","0045_add_runtime_entity_settings_table":"finished","0046_migrate_responses_order":"finished","0047_update_api_relation_v2_table_indexes":"finished","0048_add_session_cookie_table":"finished","0049_migrate_data_from_file_to_https":"finished","0050_add_usage_table":"started"}]
[31956][1784860190126][requester][info]["Migrations: Applying migration","0050_add_usage_table"]
[31956][1784860190126][requester][info]["Migrations: Upgrading IndexedDB to version","0050_add_usage_table",31]
[31956][1784860190127][requester][info]["Migrations: Adding pending commit to queue","0050_add_usage_table"]
[31956][1784860190127][requester][info]["Migrations: Starting migration","0051_add_collection_usage_table"]
[31956][1784860190127][requester][info]["Migrations: Setting context before starting migration","0051_add_collection_usage_table",{"0000_initial":"finished","0001_add_archived_resources_table":"finished","0002_add_variable_sessions_table":"finished","0003_add_editor_tables":"finished","0004_migrate_ws_session_data":"finished","0005_cleanup_request_response_and_history_body":"finished","0006_add_dbp_to_request_response_and_history":"finished","0007_add_sync_client_buckets_by_order_id_table":"finished","0008_migrate_to_sync_client_buckets_by_order_id":"finished","0009_remove_sync_client_buckets_table":"finished","0010_add_history_owner":"finished","0011_add_history_response_table":"finished","0012_add_user_data_table":"finished","0013_sanitize_request_response_and_history_methods":"finished","0014_sanitize_response_requestobject_rawmodedata":"finished","0015_add_favorited_collections_table":"finished","0016_add_permission_table":"finished","0017_add_user_preferences_table":"finished","0018_index_header_presets":"finished","0019_migrate_favorite_collections_data":"finished","0020_migrate_sync_client_revision":"finished","0021_clear_permissions":"finished","0022_add_workspace_header_presets":"finished","0023_remove_collection_permissions_and_shared":"finished","0024_add_console_timelines_table":"finished","0025_add_console_events_table":"finished","0026_index_console_events":"finished","0027_add_console_blob_table":"finished","0028_add_runner_data_table":"finished","0029_add_api_schema_table":"finished","0030_migrate_collection_runs":"finished","0031_add_api_relation_table":"finished","0032_index_workspacesession_editor":"finished","0033_add_editor_data_cache_table":"finished","0034_migrate_editor_data":"finished","0035_remove_editors_table":"finished","0036_add_auth_sessions_table":"finished","0037_add_list_cache_table":"finished","0038_add_cookies_table":"finished","0039_add_runtime_preferences_table":"finished","0040_index_cookies_table":"finished","0041_update_collections_folder_request_response_with_owner_and_uid":"finished","0042_migrate_runtime_user_preferences":"finished","0043_cleanup_launchpad_bootcamp":"finished","0044_migrate_tab_resource":"finished","0045_add_runtime_entity_settings_table":"finished","0046_migrate_responses_order":"finished","0047_update_api_relation_v2_table_indexes":"finished","0048_add_session_cookie_table":"finished","0049_migrate_data_from_file_to_https":"finished","0050_add_usage_table":"started","0051_add_collection_usage_table":"started"}]
[31956][1784860190128][requester][info]["Migrations: Applying migration","0051_add_collection_usage_table"]
[31956][1784860190128][requester][info]["Migrations: Upgrading IndexedDB to version","0051_add_collection_usage_table",32]
[31956][1784860190129][requester][info]["Migrations: Adding pending commit to queue","0051_add_collection_usage_table"]
[31956][1784860190129][requester][info]["Migrations: Starting migration","0052_add_ecitem_history_table"]
[31956][1784860190129][requester][info]["Migrations: Setting context before starting migration","0052_add_ecitem_history_table",{"0000_initial":"finished","0001_add_archived_resources_table":"finished","0002_add_variable_sessions_table":"finished","0003_add_editor_tables":"finished","0004_migrate_ws_session_data":"finished","0005_cleanup_request_response_and_history_body":"finished","0006_add_dbp_to_request_response_and_history":"finished","0007_add_sync_client_buckets_by_order_id_table":"finished","0008_migrate_to_sync_client_buckets_by_order_id":"finished","0009_remove_sync_client_buckets_table":"finished","0010_add_history_owner":"finished","0011_add_history_response_table":"finished","0012_add_user_data_table":"finished","0013_sanitize_request_response_and_history_methods":"finished","0014_sanitize_response_requestobject_rawmodedata":"finished","0015_add_favorited_collections_table":"finished","0016_add_permission_table":"finished","0017_add_user_preferences_table":"finished","0018_index_header_presets":"finished","0019_migrate_favorite_collections_data":"finished","0020_migrate_sync_client_revision":"finished","0021_clear_permissions":"finished","0022_add_workspace_header_presets":"finished","0023_remove_collection_permissions_and_shared":"finished","0024_add_console_timelines_table":"finished","0025_add_console_events_table":"finished","0026_index_console_events":"finished","0027_add_console_blob_table":"finished","0028_add_runner_data_table":"finished","0029_add_api_schema_table":"finished","0030_migrate_collection_runs":"finished","0031_add_api_relation_table":"finished","0032_index_workspacesession_editor":"finished","0033_add_editor_data_cache_table":"finished","0034_migrate_editor_data":"finished","0035_remove_editors_table":"finished","0036_add_auth_sessions_table":"finished","0037_add_list_cache_table":"finished","0038_add_cookies_table":"finished","0039_add_runtime_preferences_table":"finished","0040_index_cookies_table":"finished","0041_update_collections_folder_request_response_with_owner_and_uid":"finished","0042_migrate_runtime_user_preferences":"finished","0043_cleanup_launchpad_bootcamp":"finished","0044_migrate_tab_resource":"finished","0045_add_runtime_entity_settings_table":"finished","0046_migrate_responses_order":"finished","0047_update_api_relation_v2_table_indexes":"finished","0048_add_session_cookie_table":"finished","0049_migrate_data_from_file_to_https":"finished","0050_add_usage_table":"started","0051_add_collection_usage_table":"started","0052_add_ecitem_history_table":"started"}]
[31956][1784860190130][requester][info]["Migrations: Applying migration","0052_add_ecitem_history_table"]
[31956][1784860190130][requester][info]["Migrations: Upgrading IndexedDB to version","0052_add_ecitem_history_table",33]
[31956][1784860190131][requester][info]["Migrations: Adding pending commit to queue","0052_add_ecitem_history_table"]
[31956][1784860190131][requester][info]["Migrations: Starting migration","0053_add_timestamp_runner_blob"]
[31956][1784860190131][requester][info]["Migrations: Setting context before starting migration","0053_add_timestamp_runner_blob",{"0000_initial":"finished","0001_add_archived_resources_table":"finished","0002_add_variable_sessions_table":"finished","0003_add_editor_tables":"finished","0004_migrate_ws_session_data":"finished","0005_cleanup_request_response_and_history_body":"finished","0006_add_dbp_to_request_response_and_history":"finished","0007_add_sync_client_buckets_by_order_id_table":"finished","0008_migrate_to_sync_client_buckets_by_order_id":"finished","0009_remove_sync_client_buckets_table":"finished","0010_add_history_owner":"finished","0011_add_history_response_table":"finished","0012_add_user_data_table":"finished","0013_sanitize_request_response_and_history_methods":"finished","0014_sanitize_response_requestobject_rawmodedata":"finished","0015_add_favorited_collections_table":"finished","0016_add_permission_table":"finished","0017_add_user_preferences_table":"finished","0018_index_header_presets":"finished","0019_migrate_favorite_collections_data":"finished","0020_migrate_sync_client_revision":"finished","0021_clear_permissions":"finished","0022_add_workspace_header_presets":"finished","0023_remove_collection_permissions_and_shared":"finished","0024_add_console_timelines_table":"finished","0025_add_console_events_table":"finished","0026_index_console_events":"finished","0027_add_console_blob_table":"finished","0028_add_runner_data_table":"finished","0029_add_api_schema_table":"finished","0030_migrate_collection_runs":"finished","0031_add_api_relation_table":"finished","0032_index_workspacesession_editor":"finished","0033_add_editor_data_cache_table":"finished","0034_migrate_editor_data":"finished","0035_remove_editors_table":"finished","0036_add_auth_sessions_table":"finished","0037_add_list_cache_table":"finished","0038_add_cookies_table":"finished","0039_add_runtime_preferences_table":"finished","0040_index_cookies_table":"finished","0041_update_collections_folder_request_response_with_owner_and_uid":"finished","0042_migrate_runtime_user_preferences":"finished","0043_cleanup_launchpad_bootcamp":"finished","0044_migrate_tab_resource":"finished","0045_add_runtime_entity_settings_table":"finished","0046_migrate_responses_order":"finished","0047_update_api_relation_v2_table_indexes":"finished","0048_add_session_cookie_table":"finished","0049_migrate_data_from_file_to_https":"finished","0050_add_usage_table":"started","0051_add_collection_usage_table":"started","0052_add_ecitem_history_table":"started","0053_add_timestamp_runner_blob":"started"}]
[31956][1784860190132][requester][info]["Migrations: Applying migration","0053_add_timestamp_runner_blob"]
[31956][1784860190132][requester][info]["Migrations: Upgrading IndexedDB to version","0053_add_timestamp_runner_blob",34]
[31956][1784860190133][requester][info]["Migrations: Adding pending commit to queue","0053_add_timestamp_runner_blob"]
[31956][1784860190133][requester][info]["Migrations: Starting migration","0054_encrypt_values_of_variable_sessions_table"]
[31956][1784860190133][requester][info]["Migrations: Flushing pending migrations for","0054_encrypt_values_of_variable_sessions_table"]
[31956][1784860190133][requester][info]["Migrations: Flushing pending commit for type","IndexeddbSchemaMigration"]
[31956][1784860190133][requester][info]["Migrations: Committing IndexedDB upgrade"]
[31956][1784860190148][requester][info]["Migrations: Updating status in migration context",{"0000_initial":"finished","0001_add_archived_resources_table":"finished","0002_add_variable_sessions_table":"finished","0003_add_editor_tables":"finished","0004_migrate_ws_session_data":"finished","0005_cleanup_request_response_and_history_body":"finished","0006_add_dbp_to_request_response_and_history":"finished","0007_add_sync_client_buckets_by_order_id_table":"finished","0008_migrate_to_sync_client_buckets_by_order_id":"finished","0009_remove_sync_client_buckets_table":"finished","0010_add_history_owner":"finished","0011_add_history_response_table":"finished","0012_add_user_data_table":"finished","0013_sanitize_request_response_and_history_methods":"finished","0014_sanitize_response_requestobject_rawmodedata":"finished","0015_add_favorited_collections_table":"finished","0016_add_permission_table":"finished","0017_add_user_preferences_table":"finished","0018_index_header_presets":"finished","0019_migrate_favorite_collections_data":"finished","0020_migrate_sync_client_revision":"finished","0021_clear_permissions":"finished","0022_add_workspace_header_presets":"finished","0023_remove_collection_permissions_and_shared":"finished","0024_add_console_timelines_table":"finished","0025_add_console_events_table":"finished","0026_index_console_events":"finished","0027_add_console_blob_table":"finished","0028_add_runner_data_table":"finished","0029_add_api_schema_table":"finished","0030_migrate_collection_runs":"finished","0031_add_api_relation_table":"finished","0032_index_workspacesession_editor":"finished","0033_add_editor_data_cache_table":"finished","0034_migrate_editor_data":"finished","0035_remove_editors_table":"finished","0036_add_auth_sessions_table":"finished","0037_add_list_cache_table":"finished","0038_add_cookies_table":"finished","0039_add_runtime_preferences_table":"finished","0040_index_cookies_table":"finished","0041_update_collections_folder_request_response_with_owner_and_uid":"finished","0042_migrate_runtime_user_preferences":"finished","0043_cleanup_launchpad_bootcamp":"finished","0044_migrate_tab_resource":"finished","0045_add_runtime_entity_settings_table":"finished","0046_migrate_responses_order":"finished","0047_update_api_relation_v2_table_indexes":"finished","0048_add_session_cookie_table":"finished","0049_migrate_data_from_file_to_https":"finished","0050_add_usage_table":"started","0051_add_collection_usage_table":"started","0052_add_ecitem_history_table":"started","0053_add_timestamp_runner_blob":"started"}]
[31956][1784860190149][requester][info]["Migrations: Updated status in migration context",{"0000_initial":"finished","0001_add_archived_resources_table":"finished","0002_add_variable_sessions_table":"finished","0003_add_editor_tables":"finished","0004_migrate_ws_session_data":"finished","0005_cleanup_request_response_and_history_body":"finished","0006_add_dbp_to_request_response_and_history":"finished","0007_add_sync_client_buckets_by_order_id_table":"finished","0008_migrate_to_sync_client_buckets_by_order_id":"finished","0009_remove_sync_client_buckets_table":"finished","0010_add_history_owner":"finished","0011_add_history_response_table":"finished","0012_add_user_data_table":"finished","0013_sanitize_request_response_and_history_methods":"finished","0014_sanitize_response_requestobject_rawmodedata":"finished","0015_add_favorited_collections_table":"finished","0016_add_permission_table":"finished","0017_add_user_preferences_table":"finished","0018_index_header_presets":"finished","0019_migrate_favorite_collections_data":"finished","0020_migrate_sync_client_revision":"finished","0021_clear_permissions":"finished","0022_add_workspace_header_presets":"finished","0023_remove_collection_permissions_and_shared":"finished","0024_add_console_timelines_table":"finished","0025_add_console_events_table":"finished","0026_index_console_events":"finished","0027_add_console_blob_table":"finished","0028_add_runner_data_table":"finished","0029_add_api_schema_table":"finished","0030_migrate_collection_runs":"finished","0031_add_api_relation_table":"finished","0032_index_workspacesession_editor":"finished","0033_add_editor_data_cache_table":"finished","0034_migrate_editor_data":"finished","0035_remove_editors_table":"finished","0036_add_auth_sessions_table":"finished","0037_add_list_cache_table":"finished","0038_add_cookies_table":"finished","0039_add_runtime_preferences_table":"finished","0040_index_cookies_table":"finished","0041_update_collections_folder_request_response_with_owner_and_uid":"finished","0042_migrate_runtime_user_preferences":"finished","0043_cleanup_launchpad_bootcamp":"finished","0044_migrate_tab_resource":"finished","0045_add_runtime_entity_settings_table":"finished","0046_migrate_responses_order":"finished","0047_update_api_relation_v2_table_indexes":"finished","0048_add_session_cookie_table":"finished","0049_migrate_data_from_file_to_https":"finished","0050_add_usage_table":"finished","0051_add_collection_usage_table":"finished","0052_add_ecitem_history_table":"finished","0053_add_timestamp_runner_blob":"finished"}]
[31956][1784860190150][requester][info]["Migrations: Setting context before starting migration","0054_encrypt_values_of_variable_sessions_table",{"0000_initial":"finished","0001_add_archived_resources_table":"finished","0002_add_variable_sessions_table":"finished","0003_add_editor_tables":"finished","0004_migrate_ws_session_data":"finished","0005_cleanup_request_response_and_history_body":"finished","0006_add_dbp_to_request_response_and_history":"finished","0007_add_sync_client_buckets_by_order_id_table":"finished","0008_migrate_to_sync_client_buckets_by_order_id":"finished","0009_remove_sync_client_buckets_table":"finished","0010_add_history_owner":"finished","0011_add_history_response_table":"finished","0012_add_user_data_table":"finished","0013_sanitize_request_response_and_history_methods":"finished","0014_sanitize_response_requestobject_rawmodedata":"finished","0015_add_favorited_collections_table":"finished","0016_add_permission_table":"finished","0017_add_user_preferences_table":"finished","0018_index_header_presets":"finished","0019_migrate_favorite_collections_data":"finished","0020_migrate_sync_client_revision":"finished","0021_clear_permissions":"finished","0022_add_workspace_header_presets":"finished","0023_remove_collection_permissions_and_shared":"finished","0024_add_console_timelines_table":"finished","0025_add_console_events_table":"finished","0026_index_console_events":"finished","0027_add_console_blob_table":"finished","0028_add_runner_data_table":"finished","0029_add_api_schema_table":"finished","0030_migrate_collection_runs":"finished","0031_add_api_relation_table":"finished","0032_index_workspacesession_editor":"finished","0033_add_editor_data_cache_table":"finished","0034_migrate_editor_data":"finished","0035_remove_editors_table":"finished","0036_add_auth_sessions_table":"finished","0037_add_list_cache_table":"finished","0038_add_cookies_table":"finished","0039_add_runtime_preferences_table":"finished","0040_index_cookies_table":"finished","0041_update_collections_folder_request_response_with_owner_and_uid":"finished","0042_migrate_runtime_user_preferences":"finished","0043_cleanup_launchpad_bootcamp":"finished","0044_migrate_tab_resource":"finished","0045_add_runtime_entity_settings_table":"finished","0046_migrate_responses_order":"finished","0047_update_api_relation_v2_table_indexes":"finished","0048_add_session_cookie_table":"finished","0049_migrate_data_from_file_to_https":"finished","0050_add_usage_table":"finished","0051_add_collection_usage_table":"finished","0052_add_ecitem_history_table":"finished","0053_add_timestamp_runner_blob":"finished","0054_encrypt_values_of_variable_sessions_table":"started"}]
[31956][1784860190150][requester][info]["Migrations: Applying migration","0054_encrypt_values_of_variable_sessions_table"]
[31956][1784860190150][requester][info]["Migrations: Processing IndexedDB data migration","0054_encrypt_values_of_variable_sessions_table"]
[31956][1784860190153][requester][info]["Migrations: Saving migration context after completion","0054_encrypt_values_of_variable_sessions_table",{"0000_initial":"finished","0001_add_archived_resources_table":"finished","0002_add_variable_sessions_table":"finished","0003_add_editor_tables":"finished","0004_migrate_ws_session_data":"finished","0005_cleanup_request_response_and_history_body":"finished","0006_add_dbp_to_request_response_and_history":"finished","0007_add_sync_client_buckets_by_order_id_table":"finished","0008_migrate_to_sync_client_buckets_by_order_id":"finished","0009_remove_sync_client_buckets_table":"finished","0010_add_history_owner":"finished","0011_add_history_response_table":"finished","0012_add_user_data_table":"finished","0013_sanitize_request_response_and_history_methods":"finished","0014_sanitize_response_requestobject_rawmodedata":"finished","0015_add_favorited_collections_table":"finished","0016_add_permission_table":"finished","0017_add_user_preferences_table":"finished","0018_index_header_presets":"finished","0019_migrate_favorite_collections_data":"finished","0020_migrate_sync_client_revision":"finished","0021_clear_permissions":"finished","0022_add_workspace_header_presets":"finished","0023_remove_collection_permissions_and_shared":"finished","0024_add_console_timelines_table":"finished","0025_add_console_events_table":"finished","0026_index_console_events":"finished","0027_add_console_blob_table":"finished","0028_add_runner_data_table":"finished","0029_add_api_schema_table":"finished","0030_migrate_collection_runs":"finished","0031_add_api_relation_table":"finished","0032_index_workspacesession_editor":"finished","0033_add_editor_data_cache_table":"finished","0034_migrate_editor_data":"finished","0035_remove_editors_table":"finished","0036_add_auth_sessions_table":"finished","0037_add_list_cache_table":"finished","0038_add_cookies_table":"finished","0039_add_runtime_preferences_table":"finished","0040_index_cookies_table":"finished","0041_update_collections_folder_request_response_with_owner_and_uid":"finished","0042_migrate_runtime_user_preferences":"finished","0043_cleanup_launchpad_bootcamp":"finished","0044_migrate_tab_resource":"finished","0045_add_runtime_entity_settings_table":"finished","0046_migrate_responses_order":"finished","0047_update_api_relation_v2_table_indexes":"finished","0048_add_session_cookie_table":"finished","0049_migrate_data_from_file_to_https":"finished","0050_add_usage_table":"finished","0051_add_collection_usage_table":"finished","0052_add_ecitem_history_table":"finished","0053_add_timestamp_runner_blob":"finished","0054_encrypt_values_of_variable_sessions_table":"started"}]
[31956][1784860190153][requester][info]["Migrations: Starting migration","0055_encrypt_buffers_of_editor_models_table"]
[31956][1784860190153][requester][info]["Migrations: Flushing pending migrations for","0055_encrypt_buffers_of_editor_models_table"]
[31956][1784860190154][requester][info]["Migrations: Updating status in migration context",{"0000_initial":"finished","0001_add_archived_resources_table":"finished","0002_add_variable_sessions_table":"finished","0003_add_editor_tables":"finished","0004_migrate_ws_session_data":"finished","0005_cleanup_request_response_and_history_body":"finished","0006_add_dbp_to_request_response_and_history":"finished","0007_add_sync_client_buckets_by_order_id_table":"finished","0008_migrate_to_sync_client_buckets_by_order_id":"finished","0009_remove_sync_client_buckets_table":"finished","0010_add_history_owner":"finished","0011_add_history_response_table":"finished","0012_add_user_data_table":"finished","0013_sanitize_request_response_and_history_methods":"finished","0014_sanitize_response_requestobject_rawmodedata":"finished","0015_add_favorited_collections_table":"finished","0016_add_permission_table":"finished","0017_add_user_preferences_table":"finished","0018_index_header_presets":"finished","0019_migrate_favorite_collections_data":"finished","0020_migrate_sync_client_revision":"finished","0021_clear_permissions":"finished","0022_add_workspace_header_presets":"finished","0023_remove_collection_permissions_and_shared":"finished","0024_add_console_timelines_table":"finished","0025_add_console_events_table":"finished","0026_index_console_events":"finished","0027_add_console_blob_table":"finished","0028_add_runner_data_table":"finished","0029_add_api_schema_table":"finished","0030_migrate_collection_runs":"finished","0031_add_api_relation_table":"finished","0032_index_workspacesession_editor":"finished","0033_add_editor_data_cache_table":"finished","0034_migrate_editor_data":"finished","0035_remove_editors_table":"finished","0036_add_auth_sessions_table":"finished","0037_add_list_cache_table":"finished","0038_add_cookies_table":"finished","0039_add_runtime_preferences_table":"finished","0040_index_cookies_table":"finished","0041_update_collections_folder_request_response_with_owner_and_uid":"finished","0042_migrate_runtime_user_preferences":"finished","0043_cleanup_launchpad_bootcamp":"finished","0044_migrate_tab_resource":"finished","0045_add_runtime_entity_settings_table":"finished","0046_migrate_responses_order":"finished","0047_update_api_relation_v2_table_indexes":"finished","0048_add_session_cookie_table":"finished","0049_migrate_data_from_file_to_https":"finished","0050_add_usage_table":"finished","0051_add_collection_usage_table":"finished","0052_add_ecitem_history_table":"finished","0053_add_timestamp_runner_blob":"finished","0054_encrypt_values_of_variable_sessions_table":"finished"}]
[31956][1784860190154][requester][info]["Migrations: Updated status in migration context",{"0000_initial":"finished","0001_add_archived_resources_table":"finished","0002_add_variable_sessions_table":"finished","0003_add_editor_tables":"finished","0004_migrate_ws_session_data":"finished","0005_cleanup_request_response_and_history_body":"finished","0006_add_dbp_to_request_response_and_history":"finished","0007_add_sync_client_buckets_by_order_id_table":"finished","0008_migrate_to_sync_client_buckets_by_order_id":"finished","0009_remove_sync_client_buckets_table":"finished","0010_add_history_owner":"finished","0011_add_history_response_table":"finished","0012_add_user_data_table":"finished","0013_sanitize_request_response_and_history_methods":"finished","0014_sanitize_response_requestobject_rawmodedata":"finished","0015_add_favorited_collections_table":"finished","0016_add_permission_table":"finished","0017_add_user_preferences_table":"finished","0018_index_header_presets":"finished","0019_migrate_favorite_collections_data":"finished","0020_migrate_sync_client_revision":"finished","0021_clear_permissions":"finished","0022_add_workspace_header_presets":"finished","0023_remove_collection_permissions_and_shared":"finished","0024_add_console_timelines_table":"finished","0025_add_console_events_table":"finished","0026_index_console_events":"finished","0027_add_console_blob_table":"finished","0028_add_runner_data_table":"finished","0029_add_api_schema_table":"finished","0030_migrate_collection_runs":"finished","0031_add_api_relation_table":"finished","0032_index_workspacesession_editor":"finished","0033_add_editor_data_cache_table":"finished","0034_migrate_editor_data":"finished","0035_remove_editors_table":"finished","0036_add_auth_sessions_table":"finished","0037_add_list_cache_table":"finished","0038_add_cookies_table":"finished","0039_add_runtime_preferences_table":"finished","0040_index_cookies_table":"finished","0041_update_collections_folder_request_response_with_owner_and_uid":"finished","0042_migrate_runtime_user_preferences":"finished","0043_cleanup_launchpad_bootcamp":"finished","0044_migrate_tab_resource":"finished","0045_add_runtime_entity_settings_table":"finished","0046_migrate_responses_order":"finished","0047_update_api_relation_v2_table_indexes":"finished","0048_add_session_cookie_table":"finished","0049_migrate_data_from_file_to_https":"finished","0050_add_usage_table":"finished","0051_add_collection_usage_table":"finished","0052_add_ecitem_history_table":"finished","0053_add_timestamp_runner_blob":"finished","0054_encrypt_values_of_variable_sessions_table":"finished"}]
[31956][1784860190154][requester][info]["Migrations: Setting context before starting migration","0055_encrypt_buffers_of_editor_models_table",{"0000_initial":"finished","0001_add_archived_resources_table":"finished","0002_add_variable_sessions_table":"finished","0003_add_editor_tables":"finished","0004_migrate_ws_session_data":"finished","0005_cleanup_request_response_and_history_body":"finished","0006_add_dbp_to_request_response_and_history":"finished","0007_add_sync_client_buckets_by_order_id_table":"finished","0008_migrate_to_sync_client_buckets_by_order_id":"finished","0009_remove_sync_client_buckets_table":"finished","0010_add_history_owner":"finished","0011_add_history_response_table":"finished","0012_add_user_data_table":"finished","0013_sanitize_request_response_and_history_methods":"finished","0014_sanitize_response_requestobject_rawmodedata":"finished","0015_add_favorited_collections_table":"finished","0016_add_permission_table":"finished","0017_add_user_preferences_table":"finished","0018_index_header_presets":"finished","0019_migrate_favorite_collections_data":"finished","0020_migrate_sync_client_revision":"finished","0021_clear_permissions":"finished","0022_add_workspace_header_presets":"finished","0023_remove_collection_permissions_and_shared":"finished","0024_add_console_timelines_table":"finished","0025_add_console_events_table":"finished","0026_index_console_events":"finished","0027_add_console_blob_table":"finished","0028_add_runner_data_table":"finished","0029_add_api_schema_table":"finished","0030_migrate_collection_runs":"finished","0031_add_api_relation_table":"finished","0032_index_workspacesession_editor":"finished","0033_add_editor_data_cache_table":"finished","0034_migrate_editor_data":"finished","0035_remove_editors_table":"finished","0036_add_auth_sessions_table":"finished","0037_add_list_cache_table":"finished","0038_add_cookies_table":"finished","0039_add_runtime_preferences_table":"finished","0040_index_cookies_table":"finished","0041_update_collections_folder_request_response_with_owner_and_uid":"finished","0042_migrate_runtime_user_preferences":"finished","0043_cleanup_launchpad_bootcamp":"finished","0044_migrate_tab_resource":"finished","0045_add_runtime_entity_settings_table":"finished","0046_migrate_responses_order":"finished","0047_update_api_relation_v2_table_indexes":"finished","0048_add_session_cookie_table":"finished","0049_migrate_data_from_file_to_https":"finished","0050_add_usage_table":"finished","0051_add_collection_usage_table":"finished","0052_add_ecitem_history_table":"finished","0053_add_timestamp_runner_blob":"finished","0054_encrypt_values_of_variable_sessions_table":"finished","0055_encrypt_buffers_of_editor_models_table":"started"}]
[31956][1784860190154][requester][info]["Migrations: Applying migration","0055_encrypt_buffers_of_editor_models_table"]
[31956][1784860190154][requester][info]["Migrations: Processing IndexedDB data migration","0055_encrypt_buffers_of_editor_models_table"]
[31956][1784860190158][requester][info]["Migrations: Saving migration context after completion","0055_encrypt_buffers_of_editor_models_table",{"0000_initial":"finished","0001_add_archived_resources_table":"finished","0002_add_variable_sessions_table":"finished","0003_add_editor_tables":"finished","0004_migrate_ws_session_data":"finished","0005_cleanup_request_response_and_history_body":"finished","0006_add_dbp_to_request_response_and_history":"finished","0007_add_sync_client_buckets_by_order_id_table":"finished","0008_migrate_to_sync_client_buckets_by_order_id":"finished","0009_remove_sync_client_buckets_table":"finished","0010_add_history_owner":"finished","0011_add_history_response_table":"finished","0012_add_user_data_table":"finished","0013_sanitize_request_response_and_history_methods":"finished","0014_sanitize_response_requestobject_rawmodedata":"finished","0015_add_favorited_collections_table":"finished","0016_add_permission_table":"finished","0017_add_user_preferences_table":"finished","0018_index_header_presets":"finished","0019_migrate_favorite_collections_data":"finished","0020_migrate_sync_client_revision":"finished","0021_clear_permissions":"finished","0022_add_workspace_header_presets":"finished","0023_remove_collection_permissions_and_shared":"finished","0024_add_console_timelines_table":"finished","0025_add_console_events_table":"finished","0026_index_console_events":"finished","0027_add_console_blob_table":"finished","0028_add_runner_data_table":"finished","0029_add_api_schema_table":"finished","0030_migrate_collection_runs":"finished","0031_add_api_relation_table":"finished","0032_index_workspacesession_editor":"finished","0033_add_editor_data_cache_table":"finished","0034_migrate_editor_data":"finished","0035_remove_editors_table":"finished","0036_add_auth_sessions_table":"finished","0037_add_list_cache_table":"finished","0038_add_cookies_table":"finished","0039_add_runtime_preferences_table":"finished","0040_index_cookies_table":"finished","0041_update_collections_folder_request_response_with_owner_and_uid":"finished","0042_migrate_runtime_user_preferences":"finished","0043_cleanup_launchpad_bootcamp":"finished","0044_migrate_tab_resource":"finished","0045_add_runtime_entity_settings_table":"finished","0046_migrate_responses_order":"finished","0047_update_api_relation_v2_table_indexes":"finished","0048_add_session_cookie_table":"finished","0049_migrate_data_from_file_to_https":"finished","0050_add_usage_table":"finished","0051_add_collection_usage_table":"finished","0052_add_ecitem_history_table":"finished","0053_add_timestamp_runner_blob":"finished","0054_encrypt_values_of_variable_sessions_table":"finished","0055_encrypt_buffers_of_editor_models_table":"started"}]
[31956][1784860190159][requester][info]["Migrations: Starting migration","0056_add_local_runner_tables"]
[31956][1784860190159][requester][info]["Migrations: Setting context before starting migration","0056_add_local_runner_tables",{"0000_initial":"finished","0001_add_archived_resources_table":"finished","0002_add_variable_sessions_table":"finished","0003_add_editor_tables":"finished","0004_migrate_ws_session_data":"finished","0005_cleanup_request_response_and_history_body":"finished","0006_add_dbp_to_request_response_and_history":"finished","0007_add_sync_client_buckets_by_order_id_table":"finished","0008_migrate_to_sync_client_buckets_by_order_id":"finished","0009_remove_sync_client_buckets_table":"finished","0010_add_history_owner":"finished","0011_add_history_response_table":"finished","0012_add_user_data_table":"finished","0013_sanitize_request_response_and_history_methods":"finished","0014_sanitize_response_requestobject_rawmodedata":"finished","0015_add_favorited_collections_table":"finished","0016_add_permission_table":"finished","0017_add_user_preferences_table":"finished","0018_index_header_presets":"finished","0019_migrate_favorite_collections_data":"finished","0020_migrate_sync_client_revision":"finished","0021_clear_permissions":"finished","0022_add_workspace_header_presets":"finished","0023_remove_collection_permissions_and_shared":"finished","0024_add_console_timelines_table":"finished","0025_add_console_events_table":"finished","0026_index_console_events":"finished","0027_add_console_blob_table":"finished","0028_add_runner_data_table":"finished","0029_add_api_schema_table":"finished","0030_migrate_collection_runs":"finished","0031_add_api_relation_table":"finished","0032_index_workspacesession_editor":"finished","0033_add_editor_data_cache_table":"finished","0034_migrate_editor_data":"finished","0035_remove_editors_table":"finished","0036_add_auth_sessions_table":"finished","0037_add_list_cache_table":"finished","0038_add_cookies_table":"finished","0039_add_runtime_preferences_table":"finished","0040_index_cookies_table":"finished","0041_update_collections_folder_request_response_with_owner_and_uid":"finished","0042_migrate_runtime_user_preferences":"finished","0043_cleanup_launchpad_bootcamp":"finished","0044_migrate_tab_resource":"finished","0045_add_runtime_entity_settings_table":"finished","0046_migrate_responses_order":"finished","0047_update_api_relation_v2_table_indexes":"finished","0048_add_session_cookie_table":"finished","0049_migrate_data_from_file_to_https":"finished","0050_add_usage_table":"finished","0051_add_collection_usage_table":"finished","0052_add_ecitem_history_table":"finished","0053_add_timestamp_runner_blob":"finished","0054_encrypt_values_of_variable_sessions_table":"finished","0055_encrypt_buffers_of_editor_models_table":"finished","0056_add_local_runner_tables":"started"}]
[31956][1784860190159][requester][info]["Migrations: Applying migration","0056_add_local_runner_tables"]
[31956][1784860190159][requester][info]["Migrations: Upgrading IndexedDB to version","0056_add_local_runner_tables",35]
[31956][1784860190160][requester][info]["Migrations: Adding pending commit to queue","0056_add_local_runner_tables"]
[31956][1784860190161][requester][info]["Migrations: Flushing pending commit steps"]
[31956][1784860190161][requester][info]["Migrations: Flushing pending commit for type","IndexeddbSchemaMigration"]
[31956][1784860190161][requester][info]["Migrations: Committing IndexedDB upgrade"]
[31956][1784860190173][requester][info]["Migrations: Updating status in migration context",{"0000_initial":"finished","0001_add_archived_resources_table":"finished","0002_add_variable_sessions_table":"finished","0003_add_editor_tables":"finished","0004_migrate_ws_session_data":"finished","0005_cleanup_request_response_and_history_body":"finished","0006_add_dbp_to_request_response_and_history":"finished","0007_add_sync_client_buckets_by_order_id_table":"finished","0008_migrate_to_sync_client_buckets_by_order_id":"finished","0009_remove_sync_client_buckets_table":"finished","0010_add_history_owner":"finished","0011_add_history_response_table":"finished","0012_add_user_data_table":"finished","0013_sanitize_request_response_and_history_methods":"finished","0014_sanitize_response_requestobject_rawmodedata":"finished","0015_add_favorited_collections_table":"finished","0016_add_permission_table":"finished","0017_add_user_preferences_table":"finished","0018_index_header_presets":"finished","0019_migrate_favorite_collections_data":"finished","0020_migrate_sync_client_revision":"finished","0021_clear_permissions":"finished","0022_add_workspace_header_presets":"finished","0023_remove_collection_permissions_and_shared":"finished","0024_add_console_timelines_table":"finished","0025_add_console_events_table":"finished","0026_index_console_events":"finished","0027_add_console_blob_table":"finished","0028_add_runner_data_table":"finished","0029_add_api_schema_table":"finished","0030_migrate_collection_runs":"finished","0031_add_api_relation_table":"finished","0032_index_workspacesession_editor":"finished","0033_add_editor_data_cache_table":"finished","0034_migrate_editor_data":"finished","0035_remove_editors_table":"finished","0036_add_auth_sessions_table":"finished","0037_add_list_cache_table":"finished","0038_add_cookies_table":"finished","0039_add_runtime_preferences_table":"finished","0040_index_cookies_table":"finished","0041_update_collections_folder_request_response_with_owner_and_uid":"finished","0042_migrate_runtime_user_preferences":"finished","0043_cleanup_launchpad_bootcamp":"finished","0044_migrate_tab_resource":"finished","0045_add_runtime_entity_settings_table":"finished","0046_migrate_responses_order":"finished","0047_update_api_relation_v2_table_indexes":"finished","0048_add_session_cookie_table":"finished","0049_migrate_data_from_file_to_https":"finished","0050_add_usage_table":"finished","0051_add_collection_usage_table":"finished","0052_add_ecitem_history_table":"finished","0053_add_timestamp_runner_blob":"finished","0054_encrypt_values_of_variable_sessions_table":"finished","0055_encrypt_buffers_of_editor_models_table":"finished","0056_add_local_runner_tables":"started"}]
[31956][1784860190175][requester][info]["Migrations: Updated status in migration context",{"0000_initial":"finished","0001_add_archived_resources_table":"finished","0002_add_variable_sessions_table":"finished","0003_add_editor_tables":"finished","0004_migrate_ws_session_data":"finished","0005_cleanup_request_response_and_history_body":"finished","0006_add_dbp_to_request_response_and_history":"finished","0007_add_sync_client_buckets_by_order_id_table":"finished","0008_migrate_to_sync_client_buckets_by_order_id":"finished","0009_remove_sync_client_buckets_table":"finished","0010_add_history_owner":"finished","0011_add_history_response_table":"finished","0012_add_user_data_table":"finished","0013_sanitize_request_response_and_history_methods":"finished","0014_sanitize_response_requestobject_rawmodedata":"finished","0015_add_favorited_collections_table":"finished","0016_add_permission_table":"finished","0017_add_user_preferences_table":"finished","0018_index_header_presets":"finished","0019_migrate_favorite_collections_data":"finished","0020_migrate_sync_client_revision":"finished","0021_clear_permissions":"finished","0022_add_workspace_header_presets":"finished","0023_remove_collection_permissions_and_shared":"finished","0024_add_console_timelines_table":"finished","0025_add_console_events_table":"finished","0026_index_console_events":"finished","0027_add_console_blob_table":"finished","0028_add_runner_data_table":"finished","0029_add_api_schema_table":"finished","0030_migrate_collection_runs":"finished","0031_add_api_relation_table":"finished","0032_index_workspacesession_editor":"finished","0033_add_editor_data_cache_table":"finished","0034_migrate_editor_data":"finished","0035_remove_editors_table":"finished","0036_add_auth_sessions_table":"finished","0037_add_list_cache_table":"finished","0038_add_cookies_table":"finished","0039_add_runtime_preferences_table":"finished","0040_index_cookies_table":"finished","0041_update_collections_folder_request_response_with_owner_and_uid":"finished","0042_migrate_runtime_user_preferences":"finished","0043_cleanup_launchpad_bootcamp":"finished","0044_migrate_tab_resource":"finished","0045_add_runtime_entity_settings_table":"finished","0046_migrate_responses_order":"finished","0047_update_api_relation_v2_table_indexes":"finished","0048_add_session_cookie_table":"finished","0049_migrate_data_from_file_to_https":"finished","0050_add_usage_table":"finished","0051_add_collection_usage_table":"finished","0052_add_ecitem_history_table":"finished","0053_add_timestamp_runner_blob":"finished","0054_encrypt_values_of_variable_sessions_table":"finished","0055_encrypt_buffers_of_editor_models_table":"finished","0056_add_local_runner_tables":"finished"}]
[31956][1784860190176][requester][info]["Migration: Finished all migrations"]
[31956][1784860190309][requester][info]["bootstrapModels - Success"]
[31956][1784860190310][requester][info]["WLModels~boot - Success"]
[31956][1784860190320][requester][info]["Session~boot - Success"]
[31956][1784860190323][requester][info]["IndependentServices~boot - Success"]
[31956][1784860190338][requester][info]["AppModels~boot - Success"]
[31956][1784860190368][requester][info]["initializeConfigurationsValues - Success"]
[31956][1784860190380][requester][warn]["RunnerInterface~cleanupRunner: Failed to clean runner:Invalid criteria.\nDetails:\n  Could not use the provided `where` clause.  Could not filter by `status`: Unrecognized modifier (`notIn`) within provided constraint for `status`.\n"]
[31956][1784860190419][requester][info]["CookiesBootHelper~Migration: Completed as there are no cookies to migrate."]
[31956][1784860190433][requester][info]["bootIndependentServicesShared: Success"]
[31956][1784860190433][requester][info]["performSingletonJobs: Success"]
[31956][1784860190556][requester][info]["ExtensibleCollections~boot - Success"]
[31956][1784860190569][requester][info]["Sync~boot - Success"]
[31956][1784860190584][requester][info]["PostUpdateBackup~init: Success"]
[31956][1784860190587][requester][info]["Shared~boot - Success"]
[31956][1784860190588][requester][info]["DBWatcher~boot - Success"]
[31956][1784860191532][requester][info]["ThemeManager: Theme changed: dark"]
[31956][1784860191533][requester][info]["ThemeManager~boot - Success"]
[31956][1784860191535][requester][info]["WorkbenchService~boot - Success"]
[31956][1784860191535][requester][info]["ContextBarRegistry~boot - Success"]
[31956][1784860191536][requester][info]["Store~boot - Success"]
[31956][1784860191543][requester][info]["Shortcuts~boot - Success"]
[31956][1784860191552][requester][info]["ThemeDomDelegator: Theme changed: dark"]
[31956][1784860191553][requester][info]["NewConsole~boot - Success"]
[31956][1784860191554][requester][info]["APIDevInterface~boot - Success"]
[31956][1784860191558][requester][info]["ScratchpadV2Service: Received settings change",true]
[31956][1784860191571][requester][info]["Requester~boot - Success"]
[31956][1784860191575][requester][info]["SharedRuntimeListeners~boot - Success"]
[31956][1784860191576][requester][info]["booted - requester"]
[31956][1784860191737][requester][info]["NavigationService ~ [BROWSER] Transitioning io the initial route with the URL:","desktop-home"]
[31956][1784860191878][requester][info]["CloudProxyHandler: Proxy configuration has not been setup"]
[31956][1784860192245][requester][info]["SessionValidation - Registering listener"]
[31956][1784860192258][requester][info]["SwitchUserToOfflineAPIClientModal~ showCloseButton ~ isAppEnterpriseApplication",false]
[31956][1784860192266][requester][info]["SwitchUserToOfflineAPIClientModal: SwitchUserToOfflineAPIClientModal mounted"]
[31956][1784860192266][requester][info]["SwitchUserToOfflineAPIClientModal: activePage","desktop-home"]
[31956][1784860192277][requester][error]["WorkspaceSessionController~getActiveSession: WorkspaceSession not found in db"]
[31956][1784860192278][requester][error]["ActiveWorkspaceSessionStore: Initial Hydration Failed once"]
[31956][1784860192357][requester][info]["UI pulled the session locked information on init"]
[31956][1784860192391][requester][error]["WorkspaceSessionController~getActiveSession: WorkspaceSession not found in db"]
[31956][1784860192391][requester][error]["ActiveWorkspaceSessionStore: Initial Hydration Failed twice",{"name":"Error","message":"WorkspaceSessionController~getActiveSession: WorkspaceSession not found in db","stack":"Error: WorkspaceSessionController~getActiveSession: WorkspaceSession not found in db\n    at file:///opt/postman/app/resources/app/js/scratchpad/scratchpad.js:8:4832424"}]
[31956][1784860201562][requester][info]["[AppUpdaterNotifier] Checking update after the app launch."]
[31956][1784860202923][requester][info]["AppUpdateNotifier~ Platform update found. New version - 12.20.4"]
[31956][1784860203775][requester][error]["AppUpdaterNotifier~App updater event~Update error",{"error":{"errno":-13,"code":"EACCES","syscall":"open","path":"/opt/postman/Postman-1784860202940.tar.gz","name":"Error","message":"EACCES: permission denied, open '/opt/postman/Postman-1784860202940.tar.gz'","stack":"Error: EACCES: permission denied, open '/opt/postman/Postman-1784860202940.tar.gz'"},"updateData":{"packageName":"Postman","eID":"Postman-1784860202940","downloadURL":"https://dl.pstmn.io/download/version/12.20.4/linux_64","downloadDirectory":"/opt/postman","downloadInfo":{"status":"DOWNLOAD_ERROR","error":{},"downloadDirectory":"/opt/postman"}}}]
[31956][1784860203778][requester][error]["Error in update flow: {\"errno\":-13,\"code\":\"EACCES\",\"syscall\":\"open\",\"path\":\"/opt/postman/Postman-1784860202940.tar.gz\",\"name\":\"Error\",\"message\":\"EACCES: permission denied, open '/opt/postman/Postman-1784860202940.tar.gz'\",\"stack\":\"Error: EACCES: permission denied, open '/opt/postman/Postman-1784860202940.tar.gz'\"}"]
[31956][1784860243790][requester][info]["DesktopLocationService ~ init initialized"]
[31956][1784860243796][requester][info]["NavigationService ~ Initialized: Success"]
[31956][1784860243797][requester][info]["initializeNavigation~boot - Success"]
[31956][1784860243806][requester][error]["NavigationService~register- A route already registered for this intent. Duplicate routes not supported."]
[31956][1784860243819][requester][info]["EventBus~initialize - Success"]
[31956][1784860243820][requester][info]["Messaging~boot - Success"]
[31956][1784860243882][requester][info]["bootCrashReporter~ Success"]
[31956][1784860243885][requester][info]["Telemetry~boot - Success"]
[31956][1784860243890][requester][info]["bootConfigurations~initialize - Success"]
[31956][1784860243891][requester][info]["migrateLocalStorage: Starting localStorage migration"]
[31956][1784860243892][requester][info]["bootFileProtocolMigrationFirmware~initializeMigrationFirmware : started"]
[31956][1784860243924][requester][info]["bootFileProtocolMigrationFirmware~getFirmwareWebview : partition string created","persist:573013d1-1e6b-40ea-aaa3-d6489e96d3b9"]
[31956][1784860243925][requester][info]["bootFileProtocolMigrationFirmware~getFirmwareWebview : webview created"]
[31956][1784860243926][requester][info]["bootFileProtocolMigrationFirmware~getLocalStorageAdapter : getting local storage adapter"]
[31956][1784860243927][requester][info]["bootFileProtocolMigrationFirmware~getDexieAdapter : getting dexie adapter"]
[31956][1784860245124][requester][info]["bootFileProtocolMigrationFirmware~bootstrapORM : webview firmware-ready"]
[31956][1784860245125][requester][info]["bootFileProtocolMigrationFirmware~bootstrapORM : started"]
[31956][1784860245170][requester][info]["bootFileProtocolMigrationFirmware~bootstrapORM- Success"]
[31956][1784860245176][requester][info]["migrateLocalStorage: Successfully migrated localStorage"]
[31956][1784860245213][requester][info]["Settings~boot - Success"]
[31956][1784860245243][requester][error]["Initialize-db~sanitizeInitialMigrationContext: Error occurred in embedded Scratch Pad",{"_e":{"name":"Error","message":"","stack":"Error\n    at U (https://desktop.postman.com/_ar-assets/vendors-b47dc2056e2d15ba.min.js:1221:504585)\n    at new n (https://desktop.postman.com/_ar-assets/vendors-b47dc2056e2d15ba.min.js:1221:506278)\n    at IDBOpenDBRequest.<anonymous> (https://desktop.postman.com/_ar-assets/vendors-b47dc2056e2d15ba.min.js:1221:528368)\n    at IDBOpenDBRequest.<anonymous> (https://desktop.postman.com/_ar-assets/vendors-b47dc2056e2d15ba.min.js:1221:512575)"},"name":"NoSuchDatabaseError","message":"Database postman-app doesnt exist","inner":null,"stack":"NoSuchDatabaseError: Database postman-app doesnt exist\n    at IDBOpenDBRequest.<anonymous> (https://desktop.postman.com/_ar-assets/vendors-b47dc2056e2d15ba.min.js:1221:528368)\n    at IDBOpenDBRequest.<anonymous> (https://desktop.postman.com/_ar-assets/vendors-b47dc2056e2d15ba.min.js:1221:512575)"}]
[31956][1784860245258][requester][info]["Migrations: Starting migrations"]
[31956][1784860245259][requester][info]["Migrations: Walking migration","0000_initial"]
[31956][1784860245259][requester][info]["Migrations: Walking migration","0001_add_archived_resources_table"]
[31956][1784860245259][requester][info]["Migrations: Walking migration","0002_add_variable_sessions_table"]
[31956][1784860245259][requester][info]["Migrations: Walking migration","0003_add_editor_tables"]
[31956][1784860245260][requester][info]["Migrations: Walking migration","0004_migrate_ws_session_data"]
[31956][1784860245260][requester][info]["Migrations: Walking migration","0005_cleanup_request_response_and_history_body"]
[31956][1784860245260][requester][info]["Migrations: Walking migration","0006_add_dbp_to_request_response_and_history"]
[31956][1784860245260][requester][info]["Migrations: Walking migration","0007_add_sync_client_buckets_by_order_id_table"]
[31956][1784860245260][requester][info]["Migrations: Walking migration","0008_migrate_to_sync_client_buckets_by_order_id"]
[31956][1784860245261][requester][info]["Migrations: Walking migration","0009_remove_sync_client_buckets_table"]
[31956][1784860245261][requester][info]["Migrations: Walking migration","0010_add_history_owner"]
[31956][1784860245261][requester][info]["Migrations: Walking migration","0011_add_history_response_table"]
[31956][1784860245261][requester][info]["Migrations: Walking migration","0012_add_user_data_table"]
[31956][1784860245261][requester][info]["Migrations: Walking migration","0013_sanitize_request_response_and_history_methods"]
[31956][1784860245261][requester][info]["Migrations: Walking migration","0014_sanitize_response_requestobject_rawmodedata"]
[31956][1784860245262][requester][info]["Migrations: Walking migration","0015_add_favorited_collections_table"]
[31956][1784860245262][requester][info]["Migrations: Walking migration","0016_add_permission_table"]
[31956][1784860245262][requester][info]["Migrations: Walking migration","0017_add_user_preferences_table"]
[31956][1784860245262][requester][info]["Migrations: Walking migration","0018_index_header_presets"]
[31956][1784860245263][requester][info]["Migrations: Walking migration","0019_migrate_favorite_collections_data"]
[31956][1784860245263][requester][info]["Migrations: Walking migration","0020_migrate_sync_client_revision"]
[31956][1784860245263][requester][info]["Migrations: Walking migration","0021_clear_permissions"]
[31956][1784860245263][requester][info]["Migrations: Walking migration","0022_add_workspace_header_presets"]
[31956][1784860245263][requester][info]["Migrations: Walking migration","0023_remove_collection_permissions_and_shared"]
[31956][1784860245263][requester][info]["Migrations: Walking migration","0024_add_console_timelines_table"]
[31956][1784860245264][requester][info]["Migrations: Walking migration","0025_add_console_events_table"]
[31956][1784860245264][requester][info]["Migrations: Walking migration","0026_index_console_events"]
[31956][1784860245264][requester][info]["Migrations: Walking migration","0027_add_console_blob_table"]
[31956][1784860245264][requester][info]["Migrations: Walking migration","0028_add_runner_data_table"]
[31956][1784860245265][requester][info]["Migrations: Walking migration","0029_add_api_schema_table"]
[31956][1784860245265][requester][info]["Migrations: Walking migration","0030_migrate_collection_runs"]
[31956][1784860245265][requester][info]["Migrations: Walking migration","0031_add_api_relation_table"]
[31956][1784860245265][requester][info]["Migrations: Walking migration","0032_index_workspacesession_editor"]
[31956][1784860245265][requester][info]["Migrations: Walking migration","0033_add_editor_data_cache_table"]
[31956][1784860245265][requester][info]["Migrations: Walking migration","0034_migrate_editor_data"]
[31956][1784860245265][requester][info]["Migrations: Walking migration","0035_remove_editors_table"]
[31956][1784860245266][requester][info]["Migrations: Walking migration","0036_add_auth_sessions_table"]
[31956][1784860245266][requester][info]["Migrations: Walking migration","0037_add_list_cache_table"]
[31956][1784860245266][requester][info]["Migrations: Walking migration","0038_add_cookies_table"]
[31956][1784860245266][requester][info]["Migrations: Walking migration","0039_add_runtime_preferences_table"]
[31956][1784860245266][requester][info]["Migrations: Walking migration","0040_index_cookies_table"]
[31956][1784860245266][requester][info]["Migrations: Walking migration","0041_update_collections_folder_request_response_with_owner_and_uid"]
[31956][1784860245267][requester][info]["Migrations: Walking migration","0042_migrate_runtime_user_preferences"]
[31956][1784860245267][requester][info]["Migrations: Walking migration","0043_cleanup_launchpad_bootcamp"]
[31956][1784860245268][requester][info]["Migrations: Walking migration","0044_migrate_tab_resource"]
[31956][1784860245268][requester][info]["Migrations: Walking migration","0045_add_runtime_entity_settings_table"]
[31956][1784860245268][requester][info]["Migrations: Walking migration","0046_migrate_responses_order"]
[31956][1784860245268][requester][info]["Migrations: Walking migration","0047_update_api_relation_v2_table_indexes"]
[31956][1784860245268][requester][info]["Migrations: Walking migration","0048_add_session_cookie_table"]
[31956][1784860245268][requester][info]["Migrations: Walking migration","0049_migrate_data_from_file_to_https"]
[31956][1784860245269][requester][info]["Migrations: Walking migration","0050_add_usage_table"]
[31956][1784860245269][requester][info]["Migrations: Walking migration","0051_add_collection_usage_table"]
[31956][1784860245269][requester][info]["Migrations: Walking migration","0052_add_ecitem_history_table"]
[31956][1784860245269][requester][info]["Migrations: Walking migration","0053_add_timestamp_runner_blob"]
[31956][1784860245269][requester][info]["Migrations: Walking migration","0054_encrypt_values_of_variable_sessions_table"]
[31956][1784860245269][requester][info]["Migrations: Walking migration","0055_encrypt_buffers_of_editor_models_table"]
[31956][1784860245269][requester][info]["Migrations: Walking migration","0056_add_local_runner_tables"]
[31956][1784860245271][requester][info]["Migrations: Starting migration","0000_initial"]
[31956][1784860245271][requester][info]["Migrations: Setting context before starting migration","0000_initial",{"0000_initial":"started"}]
[31956][1784860245272][requester][info]["Migrations: Applying migration","0000_initial"]
[31956][1784860245273][requester][info]["Migrations: Upgrading IndexedDB to version","0000_initial",1]
[31956][1784860245274][requester][info]["Migrations: Adding pending commit to queue","0000_initial"]
[31956][1784860245275][requester][info]["Migrations: Starting migration","0001_add_archived_resources_table"]
[31956][1784860245275][requester][info]["Migrations: Setting context before starting migration","0001_add_archived_resources_table",{"0000_initial":"started","0001_add_archived_resources_table":"started"}]
[31956][1784860245276][requester][info]["Migrations: Applying migration","0001_add_archived_resources_table"]
[31956][1784860245276][requester][info]["Migrations: Upgrading IndexedDB to version","0001_add_archived_resources_table",2]
[31956][1784860245277][requester][info]["Migrations: Adding pending commit to queue","0001_add_archived_resources_table"]
[31956][1784860245277][requester][info]["Migrations: Starting migration","0002_add_variable_sessions_table"]
[31956][1784860245277][requester][info]["Migrations: Setting context before starting migration","0002_add_variable_sessions_table",{"0000_initial":"started","0001_add_archived_resources_table":"started","0002_add_variable_sessions_table":"started"}]
[31956][1784860245278][requester][info]["Migrations: Applying migration","0002_add_variable_sessions_table"]
[31956][1784860245278][requester][info]["Migrations: Upgrading IndexedDB to version","0002_add_variable_sessions_table",3]
[31956][1784860245279][requester][info]["Migrations: Adding pending commit to queue","0002_add_variable_sessions_table"]
[31956][1784860245279][requester][info]["Migrations: Starting migration","0003_add_editor_tables"]
[31956][1784860245279][requester][info]["Migrations: Setting context before starting migration","0003_add_editor_tables",{"0000_initial":"started","0001_add_archived_resources_table":"started","0002_add_variable_sessions_table":"started","0003_add_editor_tables":"started"}]
[31956][1784860245280][requester][info]["Migrations: Applying migration","0003_add_editor_tables"]
[31956][1784860245280][requester][info]["Migrations: Upgrading IndexedDB to version","0003_add_editor_tables",4]
[31956][1784860245281][requester][info]["Migrations: Adding pending commit to queue","0003_add_editor_tables"]
[31956][1784860245281][requester][info]["Migrations: Starting migration","0004_migrate_ws_session_data"]
[31956][1784860245282][requester][info]["Migrations: Flushing pending migrations for","0004_migrate_ws_session_data"]
[31956][1784860245282][requester][info]["Migrations: Flushing pending commit for type","IndexeddbSchemaMigration"]
[31956][1784860245282][requester][info]["Migrations: Committing IndexedDB upgrade"]
[31956][1784860245302][requester][info]["Migrations: Updating status in migration context",{"0000_initial":"started","0001_add_archived_resources_table":"started","0002_add_variable_sessions_table":"started","0003_add_editor_tables":"started"}]
[31956][1784860245303][requester][info]["Migrations: Updated status in migration context",{"0000_initial":"finished","0001_add_archived_resources_table":"finished","0002_add_variable_sessions_table":"finished","0003_add_editor_tables":"finished"}]
[31956][1784860245304][requester][info]["Migrations: Setting context before starting migration","0004_migrate_ws_session_data",{"0000_initial":"finished","0001_add_archived_resources_table":"finished","0002_add_variable_sessions_table":"finished","0003_add_editor_tables":"finished","0004_migrate_ws_session_data":"started"}]
[31956][1784860245305][requester][info]["Migrations: Applying migration","0004_migrate_ws_session_data"]
[31956][1784860245305][requester][info]["Migrations: Processing IndexedDB data migration","0004_migrate_ws_session_data"]
[31956][1784860245309][requester][info]["Migration~Tabs: Starting migration"]
[31956][1784860245316][requester][info]["Migration~Tabs: Completed transformation"]
[31956][1784860245316][requester][info]["Migration~Tabs: Creating editors"]
[31956][1784860245319][requester][info]["Migration~Tabs: Creating editor models"]
[31956][1784860245322][requester][info]["Migrations: Saving migration context after completion","0004_migrate_ws_session_data",{"0000_initial":"finished","0001_add_archived_resources_table":"finished","0002_add_variable_sessions_table":"finished","0003_add_editor_tables":"finished","0004_migrate_ws_session_data":"started"}]
[31956][1784860245322][requester][info]["Migrations: Starting migration","0005_cleanup_request_response_and_history_body"]
[31956][1784860245323][requester][info]["Migrations: Flushing pending migrations for","0005_cleanup_request_response_and_history_body"]
[31956][1784860245323][requester][info]["Migrations: Updating status in migration context",{"0000_initial":"finished","0001_add_archived_resources_table":"finished","0002_add_variable_sessions_table":"finished","0003_add_editor_tables":"finished","0004_migrate_ws_session_data":"finished"}]
[31956][1784860245323][requester][info]["Migrations: Updated status in migration context",{"0000_initial":"finished","0001_add_archived_resources_table":"finished","0002_add_variable_sessions_table":"finished","0003_add_editor_tables":"finished","0004_migrate_ws_session_data":"finished"}]
[31956][1784860245323][requester][info]["Migrations: Setting context before starting migration","0005_cleanup_request_response_and_history_body",{"0000_initial":"finished","0001_add_archived_resources_table":"finished","0002_add_variable_sessions_table":"finished","0003_add_editor_tables":"finished","0004_migrate_ws_session_data":"finished","0005_cleanup_request_response_and_history_body":"started"}]
[31956][1784860245324][requester][info]["Migrations: Applying migration","0005_cleanup_request_response_and_history_body"]
[31956][1784860245324][requester][info]["Migrations: Processing IndexedDB data migration","0005_cleanup_request_response_and_history_body"]
[31956][1784860245331][requester][info]["Migrations: Saving migration context after completion","0005_cleanup_request_response_and_history_body",{"0000_initial":"finished","0001_add_archived_resources_table":"finished","0002_add_variable_sessions_table":"finished","0003_add_editor_tables":"finished","0004_migrate_ws_session_data":"finished","0005_cleanup_request_response_and_history_body":"started"}]
[31956][1784860245332][requester][info]["Migrations: Starting migration","0006_add_dbp_to_request_response_and_history"]
[31956][1784860245332][requester][info]["Migrations: Flushing pending migrations for","0006_add_dbp_to_request_response_and_history"]
[31956][1784860245332][requester][info]["Migrations: Updating status in migration context",{"0000_initial":"finished","0001_add_archived_resources_table":"finished","0002_add_variable_sessions_table":"finished","0003_add_editor_tables":"finished","0004_migrate_ws_session_data":"finished","0005_cleanup_request_response_and_history_body":"finished"}]
[31956][1784860245333][requester][info]["Migrations: Updated status in migration context",{"0000_initial":"finished","0001_add_archived_resources_table":"finished","0002_add_variable_sessions_table":"finished","0003_add_editor_tables":"finished","0004_migrate_ws_session_data":"finished","0005_cleanup_request_response_and_history_body":"finished"}]
[31956][1784860245333][requester][info]["Migrations: Setting context before starting migration","0006_add_dbp_to_request_response_and_history",{"0000_initial":"finished","0001_add_archived_resources_table":"finished","0002_add_variable_sessions_table":"finished","0003_add_editor_tables":"finished","0004_migrate_ws_session_data":"finished","0005_cleanup_request_response_and_history_body":"finished","0006_add_dbp_to_request_response_and_history":"started"}]
[31956][1784860245333][requester][info]["Migrations: Applying migration","0006_add_dbp_to_request_response_and_history"]
[31956][1784860245334][requester][info]["Migrations: Processing IndexedDB data migration","0006_add_dbp_to_request_response_and_history"]
[31956][1784860245342][requester][info]["Migrations: Saving migration context after completion","0006_add_dbp_to_request_response_and_history",{"0000_initial":"finished","0001_add_archived_resources_table":"finished","0002_add_variable_sessions_table":"finished","0003_add_editor_tables":"finished","0004_migrate_ws_session_data":"finished","0005_cleanup_request_response_and_history_body":"finished","0006_add_dbp_to_request_response_and_history":"started"}]
[31956][1784860245342][requester][info]["Migrations: Starting migration","0007_add_sync_client_buckets_by_order_id_table"]
[31956][1784860245343][requester][info]["Migrations: Setting context before starting migration","0007_add_sync_client_buckets_by_order_id_table",{"0000_initial":"finished","0001_add_archived_resources_table":"finished","0002_add_variable_sessions_table":"finished","0003_add_editor_tables":"finished","0004_migrate_ws_session_data":"finished","0005_cleanup_request_response_and_history_body":"finished","0006_add_dbp_to_request_response_and_history":"finished","0007_add_sync_client_buckets_by_order_id_table":"started"}]
[31956][1784860245343][requester][info]["Migrations: Applying migration","0007_add_sync_client_buckets_by_order_id_table"]
[31956][1784860245344][requester][info]["Migrations: Upgrading IndexedDB to version","0007_add_sync_client_buckets_by_order_id_table",5]
[31956][1784860245346][requester][info]["Migrations: Adding pending commit to queue","0007_add_sync_client_buckets_by_order_id_table"]
[31956][1784860245346][requester][info]["Migrations: Starting migration","0008_migrate_to_sync_client_buckets_by_order_id"]
[31956][1784860245347][requester][info]["Migrations: Flushing pending migrations for","0008_migrate_to_sync_client_buckets_by_order_id"]
[31956][1784860245347][requester][info]["Migrations: Flushing pending commit for type","IndexeddbSchemaMigration"]
[31956][1784860245347][requester][info]["Migrations: Committing IndexedDB upgrade"]
[31956][1784860245359][requester][info]["Migrations: Updating status in migration context",{"0000_initial":"finished","0001_add_archived_resources_table":"finished","0002_add_variable_sessions_table":"finished","0003_add_editor_tables":"finished","0004_migrate_ws_session_data":"finished","0005_cleanup_request_response_and_history_body":"finished","0006_add_dbp_to_request_response_and_history":"finished","0007_add_sync_client_buckets_by_order_id_table":"started"}]
[31956][1784860245360][requester][info]["Migrations: Updated status in migration context",{"0000_initial":"finished","0001_add_archived_resources_table":"finished","0002_add_variable_sessions_table":"finished","0003_add_editor_tables":"finished","0004_migrate_ws_session_data":"finished","0005_cleanup_request_response_and_history_body":"finished","0006_add_dbp_to_request_response_and_history":"finished","0007_add_sync_client_buckets_by_order_id_table":"finished"}]
[31956][1784860245360][requester][info]["Migrations: Setting context before starting migration","0008_migrate_to_sync_client_buckets_by_order_id",{"0000_initial":"finished","0001_add_archived_resources_table":"finished","0002_add_variable_sessions_table":"finished","0003_add_editor_tables":"finished","0004_migrate_ws_session_data":"finished","0005_cleanup_request_response_and_history_body":"finished","0006_add_dbp_to_request_response_and_history":"finished","0007_add_sync_client_buckets_by_order_id_table":"finished","0008_migrate_to_sync_client_buckets_by_order_id":"started"}]
[31956][1784860245361][requester][info]["Migrations: Applying migration","0008_migrate_to_sync_client_buckets_by_order_id"]
[31956][1784860245361][requester][info]["Migrations: Processing IndexedDB data migration","0008_migrate_to_sync_client_buckets_by_order_id"]
[31956][1784860245366][requester][info]["Migrations: Saving migration context after completion","0008_migrate_to_sync_client_buckets_by_order_id",{"0000_initial":"finished","0001_add_archived_resources_table":"finished","0002_add_variable_sessions_table":"finished","0003_add_editor_tables":"finished","0004_migrate_ws_session_data":"finished","0005_cleanup_request_response_and_history_body":"finished","0006_add_dbp_to_request_response_and_history":"finished","0007_add_sync_client_buckets_by_order_id_table":"finished","0008_migrate_to_sync_client_buckets_by_order_id":"started"}]
[31956][1784860245367][requester][info]["Migrations: Starting migration","0009_remove_sync_client_buckets_table"]
[31956][1784860245367][requester][info]["Migrations: Setting context before starting migration","0009_remove_sync_client_buckets_table",{"0000_initial":"finished","0001_add_archived_resources_table":"finished","0002_add_variable_sessions_table":"finished","0003_add_editor_tables":"finished","0004_migrate_ws_session_data":"finished","0005_cleanup_request_response_and_history_body":"finished","0006_add_dbp_to_request_response_and_history":"finished","0007_add_sync_client_buckets_by_order_id_table":"finished","0008_migrate_to_sync_client_buckets_by_order_id":"finished","0009_remove_sync_client_buckets_table":"started"}]
[31956][1784860245368][requester][info]["Migrations: Applying migration","0009_remove_sync_client_buckets_table"]
[31956][1784860245368][requester][info]["Migrations: Upgrading IndexedDB to version","0009_remove_sync_client_buckets_table",6]
[31956][1784860245369][requester][info]["Migrations: Adding pending commit to queue","0009_remove_sync_client_buckets_table"]
[31956][1784860245370][requester][info]["Migrations: Starting migration","0010_add_history_owner"]
[31956][1784860245371][requester][info]["Migrations: Flushing pending migrations for","0010_add_history_owner"]
[31956][1784860245371][requester][info]["Migrations: Flushing pending commit for type","IndexeddbSchemaMigration"]
[31956][1784860245371][requester][info]["Migrations: Committing IndexedDB upgrade"]
[31956][1784860245379][requester][info]["Migrations: Updating status in migration context",{"0000_initial":"finished","0001_add_archived_resources_table":"finished","0002_add_variable_sessions_table":"finished","0003_add_editor_tables":"finished","0004_migrate_ws_session_data":"finished","0005_cleanup_request_response_and_history_body":"finished","0006_add_dbp_to_request_response_and_history":"finished","0007_add_sync_client_buckets_by_order_id_table":"finished","0008_migrate_to_sync_client_buckets_by_order_id":"finished","0009_remove_sync_client_buckets_table":"started"}]
[31956][1784860245379][requester][info]["Migrations: Updated status in migration context",{"0000_initial":"finished","0001_add_archived_resources_table":"finished","0002_add_variable_sessions_table":"finished","0003_add_editor_tables":"finished","0004_migrate_ws_session_data":"finished","0005_cleanup_request_response_and_history_body":"finished","0006_add_dbp_to_request_response_and_history":"finished","0007_add_sync_client_buckets_by_order_id_table":"finished","0008_migrate_to_sync_client_buckets_by_order_id":"finished","0009_remove_sync_client_buckets_table":"finished"}]
[31956][1784860245379][requester][info]["Migrations: Setting context before starting migration","0010_add_history_owner",{"0000_initial":"finished","0001_add_archived_resources_table":"finished","0002_add_variable_sessions_table":"finished","0003_add_editor_tables":"finished","0004_migrate_ws_session_data":"finished","0005_cleanup_request_response_and_history_body":"finished","0006_add_dbp_to_request_response_and_history":"finished","0007_add_sync_client_buckets_by_order_id_table":"finished","0008_migrate_to_sync_client_buckets_by_order_id":"finished","0009_remove_sync_client_buckets_table":"finished","0010_add_history_owner":"started"}]
[31956][1784860245380][requester][info]["Migrations: Applying migration","0010_add_history_owner"]
[31956][1784860245380][requester][info]["Migrations: Processing IndexedDB data migration","0010_add_history_owner"]
[31956][1784860245386][requester][info]["Migrations: Saving migration context after completion","0010_add_history_owner",{"0000_initial":"finished","0001_add_archived_resources_table":"finished","0002_add_variable_sessions_table":"finished","0003_add_editor_tables":"finished","0004_migrate_ws_session_data":"finished","0005_cleanup_request_response_and_history_body":"finished","0006_add_dbp_to_request_response_and_history":"finished","0007_add_sync_client_buckets_by_order_id_table":"finished","0008_migrate_to_sync_client_buckets_by_order_id":"finished","0009_remove_sync_client_buckets_table":"finished","0010_add_history_owner":"started"}]
[31956][1784860245387][requester][info]["Migrations: Starting migration","0011_add_history_response_table"]
[31956][1784860245388][requester][info]["Migrations: Setting context before starting migration","0011_add_history_response_table",{"0000_initial":"finished","0001_add_archived_resources_table":"finished","0002_add_variable_sessions_table":"finished","0003_add_editor_tables":"finished","0004_migrate_ws_session_data":"finished","0005_cleanup_request_response_and_history_body":"finished","0006_add_dbp_to_request_response_and_history":"finished","0007_add_sync_client_buckets_by_order_id_table":"finished","0008_migrate_to_sync_client_buckets_by_order_id":"finished","0009_remove_sync_client_buckets_table":"finished","0010_add_history_owner":"finished","0011_add_history_response_table":"started"}]
[31956][1784860245388][requester][info]["Migrations: Applying migration","0011_add_history_response_table"]
[31956][1784860245388][requester][info]["Migrations: Upgrading IndexedDB to version","0011_add_history_response_table",7]
[31956][1784860245389][requester][info]["Migrations: Adding pending commit to queue","0011_add_history_response_table"]
[31956][1784860245389][requester][info]["Migrations: Starting migration","0012_add_user_data_table"]
[31956][1784860245390][requester][info]["Migrations: Setting context before starting migration","0012_add_user_data_table",{"0000_initial":"finished","0001_add_archived_resources_table":"finished","0002_add_variable_sessions_table":"finished","0003_add_editor_tables":"finished","0004_migrate_ws_session_data":"finished","0005_cleanup_request_response_and_history_body":"finished","0006_add_dbp_to_request_response_and_history":"finished","0007_add_sync_client_buckets_by_order_id_table":"finished","0008_migrate_to_sync_client_buckets_by_order_id":"finished","0009_remove_sync_client_buckets_table":"finished","0010_add_history_owner":"finished","0011_add_history_response_table":"started","0012_add_user_data_table":"started"}]
[31956][1784860245390][requester][info]["Migrations: Applying migration","0012_add_user_data_table"]
[31956][1784860245391][requester][info]["Migrations: Upgrading IndexedDB to version","0012_add_user_data_table",8]
[31956][1784860245392][requester][info]["Migrations: Adding pending commit to queue","0012_add_user_data_table"]
[31956][1784860245392][requester][info]["Migrations: Starting migration","0013_sanitize_request_response_and_history_methods"]
[31956][1784860245392][requester][info]["Migrations: Flushing pending migrations for","0013_sanitize_request_response_and_history_methods"]
[31956][1784860245392][requester][info]["Migrations: Flushing pending commit for type","IndexeddbSchemaMigration"]
[31956][1784860245393][requester][info]["Migrations: Committing IndexedDB upgrade"]
[31956][1784860245399][requester][info]["Migrations: Updating status in migration context",{"0000_initial":"finished","0001_add_archived_resources_table":"finished","0002_add_variable_sessions_table":"finished","0003_add_editor_tables":"finished","0004_migrate_ws_session_data":"finished","0005_cleanup_request_response_and_history_body":"finished","0006_add_dbp_to_request_response_and_history":"finished","0007_add_sync_client_buckets_by_order_id_table":"finished","0008_migrate_to_sync_client_buckets_by_order_id":"finished","0009_remove_sync_client_buckets_table":"finished","0010_add_history_owner":"finished","0011_add_history_response_table":"started","0012_add_user_data_table":"started"}]
[31956][1784860245400][requester][info]["Migrations: Updated status in migration context",{"0000_initial":"finished","0001_add_archived_resources_table":"finished","0002_add_variable_sessions_table":"finished","0003_add_editor_tables":"finished","0004_migrate_ws_session_data":"finished","0005_cleanup_request_response_and_history_body":"finished","0006_add_dbp_to_request_response_and_history":"finished","0007_add_sync_client_buckets_by_order_id_table":"finished","0008_migrate_to_sync_client_buckets_by_order_id":"finished","0009_remove_sync_client_buckets_table":"finished","0010_add_history_owner":"finished","0011_add_history_response_table":"finished","0012_add_user_data_table":"finished"}]
[31956][1784860245401][requester][info]["Migrations: Setting context before starting migration","0013_sanitize_request_response_and_history_methods",{"0000_initial":"finished","0001_add_archived_resources_table":"finished","0002_add_variable_sessions_table":"finished","0003_add_editor_tables":"finished","0004_migrate_ws_session_data":"finished","0005_cleanup_request_response_and_history_body":"finished","0006_add_dbp_to_request_response_and_history":"finished","0007_add_sync_client_buckets_by_order_id_table":"finished","0008_migrate_to_sync_client_buckets_by_order_id":"finished","0009_remove_sync_client_buckets_table":"finished","0010_add_history_owner":"finished","0011_add_history_response_table":"finished","0012_add_user_data_table":"finished","0013_sanitize_request_response_and_history_methods":"started"}]
[31956][1784860245401][requester][info]["Migrations: Applying migration","0013_sanitize_request_response_and_history_methods"]
[31956][1784860245402][requester][info]["Migrations: Processing IndexedDB data migration","0013_sanitize_request_response_and_history_methods"]
[31956][1784860245412][requester][info]["Migrations: Saving migration context after completion","0013_sanitize_request_response_and_history_methods",{"0000_initial":"finished","0001_add_archived_resources_table":"finished","0002_add_variable_sessions_table":"finished","0003_add_editor_tables":"finished","0004_migrate_ws_session_data":"finished","0005_cleanup_request_response_and_history_body":"finished","0006_add_dbp_to_request_response_and_history":"finished","0007_add_sync_client_buckets_by_order_id_table":"finished","0008_migrate_to_sync_client_buckets_by_order_id":"finished","0009_remove_sync_client_buckets_table":"finished","0010_add_history_owner":"finished","0011_add_history_response_table":"finished","0012_add_user_data_table":"finished","0013_sanitize_request_response_and_history_methods":"started"}]
[31956][1784860245413][requester][info]["Migrations: Starting migration","0014_sanitize_response_requestobject_rawmodedata"]
[31956][1784860245413][requester][info]["Migrations: Flushing pending migrations for","0014_sanitize_response_requestobject_rawmodedata"]
[31956][1784860245414][requester][info]["Migrations: Updating status in migration context",{"0000_initial":"finished","0001_add_archived_resources_table":"finished","0002_add_variable_sessions_table":"finished","0003_add_editor_tables":"finished","0004_migrate_ws_session_data":"finished","0005_cleanup_request_response_and_history_body":"finished","0006_add_dbp_to_request_response_and_history":"finished","0007_add_sync_client_buckets_by_order_id_table":"finished","0008_migrate_to_sync_client_buckets_by_order_id":"finished","0009_remove_sync_client_buckets_table":"finished","0010_add_history_owner":"finished","0011_add_history_response_table":"finished","0012_add_user_data_table":"finished","0013_sanitize_request_response_and_history_methods":"finished"}]
[31956][1784860245414][requester][info]["Migrations: Updated status in migration context",{"0000_initial":"finished","0001_add_archived_resources_table":"finished","0002_add_variable_sessions_table":"finished","0003_add_editor_tables":"finished","0004_migrate_ws_session_data":"finished","0005_cleanup_request_response_and_history_body":"finished","0006_add_dbp_to_request_response_and_history":"finished","0007_add_sync_client_buckets_by_order_id_table":"finished","0008_migrate_to_sync_client_buckets_by_order_id":"finished","0009_remove_sync_client_buckets_table":"finished","0010_add_history_owner":"finished","0011_add_history_response_table":"finished","0012_add_user_data_table":"finished","0013_sanitize_request_response_and_history_methods":"finished"}]
[31956][1784860245414][requester][info]["Migrations: Setting context before starting migration","0014_sanitize_response_requestobject_rawmodedata",{"0000_initial":"finished","0001_add_archived_resources_table":"finished","0002_add_variable_sessions_table":"finished","0003_add_editor_tables":"finished","0004_migrate_ws_session_data":"finished","0005_cleanup_request_response_and_history_body":"finished","0006_add_dbp_to_request_response_and_history":"finished","0007_add_sync_client_buckets_by_order_id_table":"finished","0008_migrate_to_sync_client_buckets_by_order_id":"finished","0009_remove_sync_client_buckets_table":"finished","0010_add_history_owner":"finished","0011_add_history_response_table":"finished","0012_add_user_data_table":"finished","0013_sanitize_request_response_and_history_methods":"finished","0014_sanitize_response_requestobject_rawmodedata":"started"}]
[31956][1784860245414][requester][info]["Migrations: Applying migration","0014_sanitize_response_requestobject_rawmodedata"]
[31956][1784860245415][requester][info]["Migrations: Processing IndexedDB data migration","0014_sanitize_response_requestobject_rawmodedata"]
[31956][1784860245421][requester][info]["Migrations: Saving migration context after completion","0014_sanitize_response_requestobject_rawmodedata",{"0000_initial":"finished","0001_add_archived_resources_table":"finished","0002_add_variable_sessions_table":"finished","0003_add_editor_tables":"finished","0004_migrate_ws_session_data":"finished","0005_cleanup_request_response_and_history_body":"finished","0006_add_dbp_to_request_response_and_history":"finished","0007_add_sync_client_buckets_by_order_id_table":"finished","0008_migrate_to_sync_client_buckets_by_order_id":"finished","0009_remove_sync_client_buckets_table":"finished","0010_add_history_owner":"finished","0011_add_history_response_table":"finished","0012_add_user_data_table":"finished","0013_sanitize_request_response_and_history_methods":"finished","0014_sanitize_response_requestobject_rawmodedata":"started"}]
[31956][1784860245422][requester][info]["Migrations: Starting migration","0015_add_favorited_collections_table"]
[31956][1784860245422][requester][info]["Migrations: Setting context before starting migration","0015_add_favorited_collections_table",{"0000_initial":"finished","0001_add_archived_resources_table":"finished","0002_add_variable_sessions_table":"finished","0003_add_editor_tables":"finished","0004_migrate_ws_session_data":"finished","0005_cleanup_request_response_and_history_body":"finished","0006_add_dbp_to_request_response_and_history":"finished","0007_add_sync_client_buckets_by_order_id_table":"finished","0008_migrate_to_sync_client_buckets_by_order_id":"finished","0009_remove_sync_client_buckets_table":"finished","0010_add_history_owner":"finished","0011_add_history_response_table":"finished","0012_add_user_data_table":"finished","0013_sanitize_request_response_and_history_methods":"finished","0014_sanitize_response_requestobject_rawmodedata":"finished","0015_add_favorited_collections_table":"started"}]
[31956][1784860245422][requester][info]["Migrations: Applying migration","0015_add_favorited_collections_table"]
[31956][1784860245422][requester][info]["Migrations: Upgrading IndexedDB to version","0015_add_favorited_collections_table",9]
[31956][1784860245423][requester][info]["Migrations: Adding pending commit to queue","0015_add_favorited_collections_table"]
[31956][1784860245424][requester][info]["Migrations: Starting migration","0016_add_permission_table"]
[31956][1784860245424][requester][info]["Migrations: Setting context before starting migration","0016_add_permission_table",{"0000_initial":"finished","0001_add_archived_resources_table":"finished","0002_add_variable_sessions_table":"finished","0003_add_editor_tables":"finished","0004_migrate_ws_session_data":"finished","0005_cleanup_request_response_and_history_body":"finished","0006_add_dbp_to_request_response_and_history":"finished","0007_add_sync_client_buckets_by_order_id_table":"finished","0008_migrate_to_sync_client_buckets_by_order_id":"finished","0009_remove_sync_client_buckets_table":"finished","0010_add_history_owner":"finished","0011_add_history_response_table":"finished","0012_add_user_data_table":"finished","0013_sanitize_request_response_and_history_methods":"finished","0014_sanitize_response_requestobject_rawmodedata":"finished","0015_add_favorited_collections_table":"started","0016_add_permission_table":"started"}]
[31956][1784860245424][requester][info]["Migrations: Applying migration","0016_add_permission_table"]
[31956][1784860245425][requester][info]["Migrations: Upgrading IndexedDB to version","0016_add_permission_table",10]
[31956][1784860245426][requester][info]["Migrations: Adding pending commit to queue","0016_add_permission_table"]
[31956][1784860245427][requester][info]["Migrations: Starting migration","0017_add_user_preferences_table"]
[31956][1784860245427][requester][info]["Migrations: Setting context before starting migration","0017_add_user_preferences_table",{"0000_initial":"finished","0001_add_archived_resources_table":"finished","0002_add_variable_sessions_table":"finished","0003_add_editor_tables":"finished","0004_migrate_ws_session_data":"finished","0005_cleanup_request_response_and_history_body":"finished","0006_add_dbp_to_request_response_and_history":"finished","0007_add_sync_client_buckets_by_order_id_table":"finished","0008_migrate_to_sync_client_buckets_by_order_id":"finished","0009_remove_sync_client_buckets_table":"finished","0010_add_history_owner":"finished","0011_add_history_response_table":"finished","0012_add_user_data_table":"finished","0013_sanitize_request_response_and_history_methods":"finished","0014_sanitize_response_requestobject_rawmodedata":"finished","0015_add_favorited_collections_table":"started","0016_add_permission_table":"started","0017_add_user_preferences_table":"started"}]
[31956][1784860245427][requester][info]["Migrations: Applying migration","0017_add_user_preferences_table"]
[31956][1784860245428][requester][info]["Migrations: Upgrading IndexedDB to version","0017_add_user_preferences_table",11]
[31956][1784860245429][requester][info]["Migrations: Adding pending commit to queue","0017_add_user_preferences_table"]
[31956][1784860245429][requester][info]["Migrations: Starting migration","0018_index_header_presets"]
[31956][1784860245429][requester][info]["Migrations: Setting context before starting migration","0018_index_header_presets",{"0000_initial":"finished","0001_add_archived_resources_table":"finished","0002_add_variable_sessions_table":"finished","0003_add_editor_tables":"finished","0004_migrate_ws_session_data":"finished","0005_cleanup_request_response_and_history_body":"finished","0006_add_dbp_to_request_response_and_history":"finished","0007_add_sync_client_buckets_by_order_id_table":"finished","0008_migrate_to_sync_client_buckets_by_order_id":"finished","0009_remove_sync_client_buckets_table":"finished","0010_add_history_owner":"finished","0011_add_history_response_table":"finished","0012_add_user_data_table":"finished","0013_sanitize_request_response_and_history_methods":"finished","0014_sanitize_response_requestobject_rawmodedata":"finished","0015_add_favorited_collections_table":"started","0016_add_permission_table":"started","0017_add_user_preferences_table":"started","0018_index_header_presets":"started"}]
[31956][1784860245430][requester][info]["Migrations: Applying migration","0018_index_header_presets"]
[31956][1784860245430][requester][info]["Migrations: Upgrading IndexedDB to version","0018_index_header_presets",12]
[31956][1784860245431][requester][info]["Migrations: Adding pending commit to queue","0018_index_header_presets"]
[31956][1784860245431][requester][info]["Migrations: Starting migration","0019_migrate_favorite_collections_data"]
[31956][1784860245431][requester][info]["Migrations: Flushing pending migrations for","0019_migrate_favorite_collections_data"]
[31956][1784860245431][requester][info]["Migrations: Flushing pending commit for type","IndexeddbSchemaMigration"]
[31956][1784860245431][requester][info]["Migrations: Committing IndexedDB upgrade"]
[31956][1784860245445][requester][info]["Migrations: Updating status in migration context",{"0000_initial":"finished","0001_add_archived_resources_table":"finished","0002_add_variable_sessions_table":"finished","0003_add_editor_tables":"finished","0004_migrate_ws_session_data":"finished","0005_cleanup_request_response_and_history_body":"finished","0006_add_dbp_to_request_response_and_history":"finished","0007_add_sync_client_buckets_by_order_id_table":"finished","0008_migrate_to_sync_client_buckets_by_order_id":"finished","0009_remove_sync_client_buckets_table":"finished","0010_add_history_owner":"finished","0011_add_history_response_table":"finished","0012_add_user_data_table":"finished","0013_sanitize_request_response_and_history_methods":"finished","0014_sanitize_response_requestobject_rawmodedata":"finished","0015_add_favorited_collections_table":"started","0016_add_permission_table":"started","0017_add_user_preferences_table":"started","0018_index_header_presets":"started"}]
[31956][1784860245446][requester][info]["Migrations: Updated status in migration context",{"0000_initial":"finished","0001_add_archived_resources_table":"finished","0002_add_variable_sessions_table":"finished","0003_add_editor_tables":"finished","0004_migrate_ws_session_data":"finished","0005_cleanup_request_response_and_history_body":"finished","0006_add_dbp_to_request_response_and_history":"finished","0007_add_sync_client_buckets_by_order_id_table":"finished","0008_migrate_to_sync_client_buckets_by_order_id":"finished","0009_remove_sync_client_buckets_table":"finished","0010_add_history_owner":"finished","0011_add_history_response_table":"finished","0012_add_user_data_table":"finished","0013_sanitize_request_response_and_history_methods":"finished","0014_sanitize_response_requestobject_rawmodedata":"finished","0015_add_favorited_collections_table":"finished","0016_add_permission_table":"finished","0017_add_user_preferences_table":"finished","0018_index_header_presets":"finished"}]
[31956][1784860245446][requester][info]["Migrations: Setting context before starting migration","0019_migrate_favorite_collections_data",{"0000_initial":"finished","0001_add_archived_resources_table":"finished","0002_add_variable_sessions_table":"finished","0003_add_editor_tables":"finished","0004_migrate_ws_session_data":"finished","0005_cleanup_request_response_and_history_body":"finished","0006_add_dbp_to_request_response_and_history":"finished","0007_add_sync_client_buckets_by_order_id_table":"finished","0008_migrate_to_sync_client_buckets_by_order_id":"finished","0009_remove_sync_client_buckets_table":"finished","0010_add_history_owner":"finished","0011_add_history_response_table":"finished","0012_add_user_data_table":"finished","0013_sanitize_request_response_and_history_methods":"finished","0014_sanitize_response_requestobject_rawmodedata":"finished","0015_add_favorited_collections_table":"finished","0016_add_permission_table":"finished","0017_add_user_preferences_table":"finished","0018_index_header_presets":"finished","0019_migrate_favorite_collections_data":"started"}]
[31956][1784860245447][requester][info]["Migrations: Applying migration","0019_migrate_favorite_collections_data"]
[31956][1784860245447][requester][info]["Migrations: Processing IndexedDB data migration","0019_migrate_favorite_collections_data"]
[31956][1784860245449][requester][info]["Migration~FavoriteCollections: Starting migration"]
[31956][1784860245455][requester][info]["Migrations: Saving migration context after completion","0019_migrate_favorite_collections_data",{"0000_initial":"finished","0001_add_archived_resources_table":"finished","0002_add_variable_sessions_table":"finished","0003_add_editor_tables":"finished","0004_migrate_ws_session_data":"finished","0005_cleanup_request_response_and_history_body":"finished","0006_add_dbp_to_request_response_and_history":"finished","0007_add_sync_client_buckets_by_order_id_table":"finished","0008_migrate_to_sync_client_buckets_by_order_id":"finished","0009_remove_sync_client_buckets_table":"finished","0010_add_history_owner":"finished","0011_add_history_response_table":"finished","0012_add_user_data_table":"finished","0013_sanitize_request_response_and_history_methods":"finished","0014_sanitize_response_requestobject_rawmodedata":"finished","0015_add_favorited_collections_table":"finished","0016_add_permission_table":"finished","0017_add_user_preferences_table":"finished","0018_index_header_presets":"finished","0019_migrate_favorite_collections_data":"started"}]
[31956][1784860245456][requester][info]["Migrations: Starting migration","0020_migrate_sync_client_revision"]
[31956][1784860245456][requester][info]["Migrations: Flushing pending migrations for","0020_migrate_sync_client_revision"]
[31956][1784860245456][requester][info]["Migrations: Updating status in migration context",{"0000_initial":"finished","0001_add_archived_resources_table":"finished","0002_add_variable_sessions_table":"finished","0003_add_editor_tables":"finished","0004_migrate_ws_session_data":"finished","0005_cleanup_request_response_and_history_body":"finished","0006_add_dbp_to_request_response_and_history":"finished","0007_add_sync_client_buckets_by_order_id_table":"finished","0008_migrate_to_sync_client_buckets_by_order_id":"finished","0009_remove_sync_client_buckets_table":"finished","0010_add_history_owner":"finished","0011_add_history_response_table":"finished","0012_add_user_data_table":"finished","0013_sanitize_request_response_and_history_methods":"finished","0014_sanitize_response_requestobject_rawmodedata":"finished","0015_add_favorited_collections_table":"finished","0016_add_permission_table":"finished","0017_add_user_preferences_table":"finished","0018_index_header_presets":"finished","0019_migrate_favorite_collections_data":"finished"}]
[31956][1784860245457][requester][info]["Migrations: Updated status in migration context",{"0000_initial":"finished","0001_add_archived_resources_table":"finished","0002_add_variable_sessions_table":"finished","0003_add_editor_tables":"finished","0004_migrate_ws_session_data":"finished","0005_cleanup_request_response_and_history_body":"finished","0006_add_dbp_to_request_response_and_history":"finished","0007_add_sync_client_buckets_by_order_id_table":"finished","0008_migrate_to_sync_client_buckets_by_order_id":"finished","0009_remove_sync_client_buckets_table":"finished","0010_add_history_owner":"finished","0011_add_history_response_table":"finished","0012_add_user_data_table":"finished","0013_sanitize_request_response_and_history_methods":"finished","0014_sanitize_response_requestobject_rawmodedata":"finished","0015_add_favorited_collections_table":"finished","0016_add_permission_table":"finished","0017_add_user_preferences_table":"finished","0018_index_header_presets":"finished","0019_migrate_favorite_collections_data":"finished"}]
[31956][1784860245457][requester][info]["Migrations: Setting context before starting migration","0020_migrate_sync_client_revision",{"0000_initial":"finished","0001_add_archived_resources_table":"finished","0002_add_variable_sessions_table":"finished","0003_add_editor_tables":"finished","0004_migrate_ws_session_data":"finished","0005_cleanup_request_response_and_history_body":"finished","0006_add_dbp_to_request_response_and_history":"finished","0007_add_sync_client_buckets_by_order_id_table":"finished","0008_migrate_to_sync_client_buckets_by_order_id":"finished","0009_remove_sync_client_buckets_table":"finished","0010_add_history_owner":"finished","0011_add_history_response_table":"finished","0012_add_user_data_table":"finished","0013_sanitize_request_response_and_history_methods":"finished","0014_sanitize_response_requestobject_rawmodedata":"finished","0015_add_favorited_collections_table":"finished","0016_add_permission_table":"finished","0017_add_user_preferences_table":"finished","0018_index_header_presets":"finished","0019_migrate_favorite_collections_data":"finished","0020_migrate_sync_client_revision":"started"}]
[31956][1784860245457][requester][info]["Migrations: Applying migration","0020_migrate_sync_client_revision"]
[31956][1784860245458][requester][info]["Migrations: Processing IndexedDB data migration","0020_migrate_sync_client_revision"]
[31956][1784860245461][requester][info]["Migration~SyncClientRevision: Migrating revision id for timelines"]
[31956][1784860245466][requester][info]["Migrations: Saving migration context after completion","0020_migrate_sync_client_revision",{"0000_initial":"finished","0001_add_archived_resources_table":"finished","0002_add_variable_sessions_table":"finished","0003_add_editor_tables":"finished","0004_migrate_ws_session_data":"finished","0005_cleanup_request_response_and_history_body":"finished","0006_add_dbp_to_request_response_and_history":"finished","0007_add_sync_client_buckets_by_order_id_table":"finished","0008_migrate_to_sync_client_buckets_by_order_id":"finished","0009_remove_sync_client_buckets_table":"finished","0010_add_history_owner":"finished","0011_add_history_response_table":"finished","0012_add_user_data_table":"finished","0013_sanitize_request_response_and_history_methods":"finished","0014_sanitize_response_requestobject_rawmodedata":"finished","0015_add_favorited_collections_table":"finished","0016_add_permission_table":"finished","0017_add_user_preferences_table":"finished","0018_index_header_presets":"finished","0019_migrate_favorite_collections_data":"finished","0020_migrate_sync_client_revision":"started"}]
[31956][1784860245467][requester][info]["Migrations: Starting migration","0021_clear_permissions"]
[31956][1784860245468][requester][info]["Migrations: Flushing pending migrations for","0021_clear_permissions"]
[31956][1784860245468][requester][info]["Migrations: Updating status in migration context",{"0000_initial":"finished","0001_add_archived_resources_table":"finished","0002_add_variable_sessions_table":"finished","0003_add_editor_tables":"finished","0004_migrate_ws_session_data":"finished","0005_cleanup_request_response_and_history_body":"finished","0006_add_dbp_to_request_response_and_history":"finished","0007_add_sync_client_buckets_by_order_id_table":"finished","0008_migrate_to_sync_client_buckets_by_order_id":"finished","0009_remove_sync_client_buckets_table":"finished","0010_add_history_owner":"finished","0011_add_history_response_table":"finished","0012_add_user_data_table":"finished","0013_sanitize_request_response_and_history_methods":"finished","0014_sanitize_response_requestobject_rawmodedata":"finished","0015_add_favorited_collections_table":"finished","0016_add_permission_table":"finished","0017_add_user_preferences_table":"finished","0018_index_header_presets":"finished","0019_migrate_favorite_collections_data":"finished","0020_migrate_sync_client_revision":"finished"}]
[31956][1784860245468][requester][info]["Migrations: Updated status in migration context",{"0000_initial":"finished","0001_add_archived_resources_table":"finished","0002_add_variable_sessions_table":"finished","0003_add_editor_tables":"finished","0004_migrate_ws_session_data":"finished","0005_cleanup_request_response_and_history_body":"finished","0006_add_dbp_to_request_response_and_history":"finished","0007_add_sync_client_buckets_by_order_id_table":"finished","0008_migrate_to_sync_client_buckets_by_order_id":"finished","0009_remove_sync_client_buckets_table":"finished","0010_add_history_owner":"finished","0011_add_history_response_table":"finished","0012_add_user_data_table":"finished","0013_sanitize_request_response_and_history_methods":"finished","0014_sanitize_response_requestobject_rawmodedata":"finished","0015_add_favorited_collections_table":"finished","0016_add_permission_table":"finished","0017_add_user_preferences_table":"finished","0018_index_header_presets":"finished","0019_migrate_favorite_collections_data":"finished","0020_migrate_sync_client_revision":"finished"}]
[31956][1784860245471][requester][info]["Migrations: Setting context before starting migration","0021_clear_permissions",{"0000_initial":"finished","0001_add_archived_resources_table":"finished","0002_add_variable_sessions_table":"finished","0003_add_editor_tables":"finished","0004_migrate_ws_session_data":"finished","0005_cleanup_request_response_and_history_body":"finished","0006_add_dbp_to_request_response_and_history":"finished","0007_add_sync_client_buckets_by_order_id_table":"finished","0008_migrate_to_sync_client_buckets_by_order_id":"finished","0009_remove_sync_client_buckets_table":"finished","0010_add_history_owner":"finished","0011_add_history_response_table":"finished","0012_add_user_data_table":"finished","0013_sanitize_request_response_and_history_methods":"finished","0014_sanitize_response_requestobject_rawmodedata":"finished","0015_add_favorited_collections_table":"finished","0016_add_permission_table":"finished","0017_add_user_preferences_table":"finished","0018_index_header_presets":"finished","0019_migrate_favorite_collections_data":"finished","0020_migrate_sync_client_revision":"finished","0021_clear_permissions":"started"}]
[31956][1784860245472][requester][info]["Migrations: Applying migration","0021_clear_permissions"]
[31956][1784860245472][requester][info]["Migrations: Processing IndexedDB data migration","0021_clear_permissions"]
[31956][1784860245476][requester][info]["Migration~Permissions: Starting migration"]
[31956][1784860245479][requester][info]["Migrations: Saving migration context after completion","0021_clear_permissions",{"0000_initial":"finished","0001_add_archived_resources_table":"finished","0002_add_variable_sessions_table":"finished","0003_add_editor_tables":"finished","0004_migrate_ws_session_data":"finished","0005_cleanup_request_response_and_history_body":"finished","0006_add_dbp_to_request_response_and_history":"finished","0007_add_sync_client_buckets_by_order_id_table":"finished","0008_migrate_to_sync_client_buckets_by_order_id":"finished","0009_remove_sync_client_buckets_table":"finished","0010_add_history_owner":"finished","0011_add_history_response_table":"finished","0012_add_user_data_table":"finished","0013_sanitize_request_response_and_history_methods":"finished","0014_sanitize_response_requestobject_rawmodedata":"finished","0015_add_favorited_collections_table":"finished","0016_add_permission_table":"finished","0017_add_user_preferences_table":"finished","0018_index_header_presets":"finished","0019_migrate_favorite_collections_data":"finished","0020_migrate_sync_client_revision":"finished","0021_clear_permissions":"started"}]
[31956][1784860245481][requester][info]["Migrations: Starting migration","0022_add_workspace_header_presets"]
[31956][1784860245482][requester][info]["Migrations: Flushing pending migrations for","0022_add_workspace_header_presets"]
[31956][1784860245482][requester][info]["Migrations: Updating status in migration context",{"0000_initial":"finished","0001_add_archived_resources_table":"finished","0002_add_variable_sessions_table":"finished","0003_add_editor_tables":"finished","0004_migrate_ws_session_data":"finished","0005_cleanup_request_response_and_history_body":"finished","0006_add_dbp_to_request_response_and_history":"finished","0007_add_sync_client_buckets_by_order_id_table":"finished","0008_migrate_to_sync_client_buckets_by_order_id":"finished","0009_remove_sync_client_buckets_table":"finished","0010_add_history_owner":"finished","0011_add_history_response_table":"finished","0012_add_user_data_table":"finished","0013_sanitize_request_response_and_history_methods":"finished","0014_sanitize_response_requestobject_rawmodedata":"finished","0015_add_favorited_collections_table":"finished","0016_add_permission_table":"finished","0017_add_user_preferences_table":"finished","0018_index_header_presets":"finished","0019_migrate_favorite_collections_data":"finished","0020_migrate_sync_client_revision":"finished","0021_clear_permissions":"finished"}]
[31956][1784860245482][requester][info]["Migrations: Updated status in migration context",{"0000_initial":"finished","0001_add_archived_resources_table":"finished","0002_add_variable_sessions_table":"finished","0003_add_editor_tables":"finished","0004_migrate_ws_session_data":"finished","0005_cleanup_request_response_and_history_body":"finished","0006_add_dbp_to_request_response_and_history":"finished","0007_add_sync_client_buckets_by_order_id_table":"finished","0008_migrate_to_sync_client_buckets_by_order_id":"finished","0009_remove_sync_client_buckets_table":"finished","0010_add_history_owner":"finished","0011_add_history_response_table":"finished","0012_add_user_data_table":"finished","0013_sanitize_request_response_and_history_methods":"finished","0014_sanitize_response_requestobject_rawmodedata":"finished","0015_add_favorited_collections_table":"finished","0016_add_permission_table":"finished","0017_add_user_preferences_table":"finished","0018_index_header_presets":"finished","0019_migrate_favorite_collections_data":"finished","0020_migrate_sync_client_revision":"finished","0021_clear_permissions":"finished"}]
[31956][1784860245483][requester][info]["Migrations: Setting context before starting migration","0022_add_workspace_header_presets",{"0000_initial":"finished","0001_add_archived_resources_table":"finished","0002_add_variable_sessions_table":"finished","0003_add_editor_tables":"finished","0004_migrate_ws_session_data":"finished","0005_cleanup_request_response_and_history_body":"finished","0006_add_dbp_to_request_response_and_history":"finished","0007_add_sync_client_buckets_by_order_id_table":"finished","0008_migrate_to_sync_client_buckets_by_order_id":"finished","0009_remove_sync_client_buckets_table":"finished","0010_add_history_owner":"finished","0011_add_history_response_table":"finished","0012_add_user_data_table":"finished","0013_sanitize_request_response_and_history_methods":"finished","0014_sanitize_response_requestobject_rawmodedata":"finished","0015_add_favorited_collections_table":"finished","0016_add_permission_table":"finished","0017_add_user_preferences_table":"finished","0018_index_header_presets":"finished","0019_migrate_favorite_collections_data":"finished","0020_migrate_sync_client_revision":"finished","0021_clear_permissions":"finished","0022_add_workspace_header_presets":"started"}]
[31956][1784860245483][requester][info]["Migrations: Applying migration","0022_add_workspace_header_presets"]
[31956][1784860245484][requester][info]["Migrations: Processing IndexedDB data migration","0022_add_workspace_header_presets"]
[31956][1784860245488][requester][info]["Migration~HeaderPresets: Add workspace property in header presets"]
[31956][1784860245495][requester][info]["Migrations: Saving migration context after completion","0022_add_workspace_header_presets",{"0000_initial":"finished","0001_add_archived_resources_table":"finished","0002_add_variable_sessions_table":"finished","0003_add_editor_tables":"finished","0004_migrate_ws_session_data":"finished","0005_cleanup_request_response_and_history_body":"finished","0006_add_dbp_to_request_response_and_history":"finished","0007_add_sync_client_buckets_by_order_id_table":"finished","0008_migrate_to_sync_client_buckets_by_order_id":"finished","0009_remove_sync_client_buckets_table":"finished","0010_add_history_owner":"finished","0011_add_history_response_table":"finished","0012_add_user_data_table":"finished","0013_sanitize_request_response_and_history_methods":"finished","0014_sanitize_response_requestobject_rawmodedata":"finished","0015_add_favorited_collections_table":"finished","0016_add_permission_table":"finished","0017_add_user_preferences_table":"finished","0018_index_header_presets":"finished","0019_migrate_favorite_collections_data":"finished","0020_migrate_sync_client_revision":"finished","0021_clear_permissions":"finished","0022_add_workspace_header_presets":"started"}]
[31956][1784860245495][requester][info]["Migrations: Starting migration","0023_remove_collection_permissions_and_shared"]
[31956][1784860245496][requester][info]["Migrations: Flushing pending migrations for","0023_remove_collection_permissions_and_shared"]
[31956][1784860245496][requester][info]["Migrations: Updating status in migration context",{"0000_initial":"finished","0001_add_archived_resources_table":"finished","0002_add_variable_sessions_table":"finished","0003_add_editor_tables":"finished","0004_migrate_ws_session_data":"finished","0005_cleanup_request_response_and_history_body":"finished","0006_add_dbp_to_request_response_and_history":"finished","0007_add_sync_client_buckets_by_order_id_table":"finished","0008_migrate_to_sync_client_buckets_by_order_id":"finished","0009_remove_sync_client_buckets_table":"finished","0010_add_history_owner":"finished","0011_add_history_response_table":"finished","0012_add_user_data_table":"finished","0013_sanitize_request_response_and_history_methods":"finished","0014_sanitize_response_requestobject_rawmodedata":"finished","0015_add_favorited_collections_table":"finished","0016_add_permission_table":"finished","0017_add_user_preferences_table":"finished","0018_index_header_presets":"finished","0019_migrate_favorite_collections_data":"finished","0020_migrate_sync_client_revision":"finished","0021_clear_permissions":"finished","0022_add_workspace_header_presets":"finished"}]
[31956][1784860245496][requester][info]["Migrations: Updated status in migration context",{"0000_initial":"finished","0001_add_archived_resources_table":"finished","0002_add_variable_sessions_table":"finished","0003_add_editor_tables":"finished","0004_migrate_ws_session_data":"finished","0005_cleanup_request_response_and_history_body":"finished","0006_add_dbp_to_request_response_and_history":"finished","0007_add_sync_client_buckets_by_order_id_table":"finished","0008_migrate_to_sync_client_buckets_by_order_id":"finished","0009_remove_sync_client_buckets_table":"finished","0010_add_history_owner":"finished","0011_add_history_response_table":"finished","0012_add_user_data_table":"finished","0013_sanitize_request_response_and_history_methods":"finished","0014_sanitize_response_requestobject_rawmodedata":"finished","0015_add_favorited_collections_table":"finished","0016_add_permission_table":"finished","0017_add_user_preferences_table":"finished","0018_index_header_presets":"finished","0019_migrate_favorite_collections_data":"finished","0020_migrate_sync_client_revision":"finished","0021_clear_permissions":"finished","0022_add_workspace_header_presets":"finished"}]
[31956][1784860245496][requester][info]["Migrations: Setting context before starting migration","0023_remove_collection_permissions_and_shared",{"0000_initial":"finished","0001_add_archived_resources_table":"finished","0002_add_variable_sessions_table":"finished","0003_add_editor_tables":"finished","0004_migrate_ws_session_data":"finished","0005_cleanup_request_response_and_history_body":"finished","0006_add_dbp_to_request_response_and_history":"finished","0007_add_sync_client_buckets_by_order_id_table":"finished","0008_migrate_to_sync_client_buckets_by_order_id":"finished","0009_remove_sync_client_buckets_table":"finished","0010_add_history_owner":"finished","0011_add_history_response_table":"finished","0012_add_user_data_table":"finished","0013_sanitize_request_response_and_history_methods":"finished","0014_sanitize_response_requestobject_rawmodedata":"finished","0015_add_favorited_collections_table":"finished","0016_add_permission_table":"finished","0017_add_user_preferences_table":"finished","0018_index_header_presets":"finished","0019_migrate_favorite_collections_data":"finished","0020_migrate_sync_client_revision":"finished","0021_clear_permissions":"finished","0022_add_workspace_header_presets":"finished","0023_remove_collection_permissions_and_shared":"started"}]
[31956][1784860245497][requester][info]["Migrations: Applying migration","0023_remove_collection_permissions_and_shared"]
[31956][1784860245497][requester][info]["Migrations: Processing IndexedDB data migration","0023_remove_collection_permissions_and_shared"]
[31956][1784860245504][requester][info]["Migrations: Saving migration context after completion","0023_remove_collection_permissions_and_shared",{"0000_initial":"finished","0001_add_archived_resources_table":"finished","0002_add_variable_sessions_table":"finished","0003_add_editor_tables":"finished","0004_migrate_ws_session_data":"finished","0005_cleanup_request_response_and_history_body":"finished","0006_add_dbp_to_request_response_and_history":"finished","0007_add_sync_client_buckets_by_order_id_table":"finished","0008_migrate_to_sync_client_buckets_by_order_id":"finished","0009_remove_sync_client_buckets_table":"finished","0010_add_history_owner":"finished","0011_add_history_response_table":"finished","0012_add_user_data_table":"finished","0013_sanitize_request_response_and_history_methods":"finished","0014_sanitize_response_requestobject_rawmodedata":"finished","0015_add_favorited_collections_table":"finished","0016_add_permission_table":"finished","0017_add_user_preferences_table":"finished","0018_index_header_presets":"finished","0019_migrate_favorite_collections_data":"finished","0020_migrate_sync_client_revision":"finished","0021_clear_permissions":"finished","0022_add_workspace_header_presets":"finished","0023_remove_collection_permissions_and_shared":"started"}]
[31956][1784860245505][requester][info]["Migrations: Starting migration","0024_add_console_timelines_table"]
[31956][1784860245506][requester][info]["Migrations: Setting context before starting migration","0024_add_console_timelines_table",{"0000_initial":"finished","0001_add_archived_resources_table":"finished","0002_add_variable_sessions_table":"finished","0003_add_editor_tables":"finished","0004_migrate_ws_session_data":"finished","0005_cleanup_request_response_and_history_body":"finished","0006_add_dbp_to_request_response_and_history":"finished","0007_add_sync_client_buckets_by_order_id_table":"finished","0008_migrate_to_sync_client_buckets_by_order_id":"finished","0009_remove_sync_client_buckets_table":"finished","0010_add_history_owner":"finished","0011_add_history_response_table":"finished","0012_add_user_data_table":"finished","0013_sanitize_request_response_and_history_methods":"finished","0014_sanitize_response_requestobject_rawmodedata":"finished","0015_add_favorited_collections_table":"finished","0016_add_permission_table":"finished","0017_add_user_preferences_table":"finished","0018_index_header_presets":"finished","0019_migrate_favorite_collections_data":"finished","0020_migrate_sync_client_revision":"finished","0021_clear_permissions":"finished","0022_add_workspace_header_presets":"finished","0023_remove_collection_permissions_and_shared":"finished","0024_add_console_timelines_table":"started"}]
[31956][1784860245506][requester][info]["Migrations: Applying migration","0024_add_console_timelines_table"]
[31956][1784860245506][requester][info]["Migrations: Upgrading IndexedDB to version","0024_add_console_timelines_table",13]
[31956][1784860245508][requester][info]["Migrations: Adding pending commit to queue","0024_add_console_timelines_table"]
[31956][1784860245508][requester][info]["Migrations: Starting migration","0025_add_console_events_table"]
[31956][1784860245508][requester][info]["Migrations: Setting context before starting migration","0025_add_console_events_table",{"0000_initial":"finished","0001_add_archived_resources_table":"finished","0002_add_variable_sessions_table":"finished","0003_add_editor_tables":"finished","0004_migrate_ws_session_data":"finished","0005_cleanup_request_response_and_history_body":"finished","0006_add_dbp_to_request_response_and_history":"finished","0007_add_sync_client_buckets_by_order_id_table":"finished","0008_migrate_to_sync_client_buckets_by_order_id":"finished","0009_remove_sync_client_buckets_table":"finished","0010_add_history_owner":"finished","0011_add_history_response_table":"finished","0012_add_user_data_table":"finished","0013_sanitize_request_response_and_history_methods":"finished","0014_sanitize_response_requestobject_rawmodedata":"finished","0015_add_favorited_collections_table":"finished","0016_add_permission_table":"finished","0017_add_user_preferences_table":"finished","0018_index_header_presets":"finished","0019_migrate_favorite_collections_data":"finished","0020_migrate_sync_client_revision":"finished","0021_clear_permissions":"finished","0022_add_workspace_header_presets":"finished","0023_remove_collection_permissions_and_shared":"finished","0024_add_console_timelines_table":"started","0025_add_console_events_table":"started"}]
[31956][1784860245509][requester][info]["Migrations: Applying migration","0025_add_console_events_table"]
[31956][1784860245509][requester][info]["Migrations: Upgrading IndexedDB to version","0025_add_console_events_table",14]
[31956][1784860245510][requester][info]["Migrations: Adding pending commit to queue","0025_add_console_events_table"]
[31956][1784860245510][requester][info]["Migrations: Starting migration","0026_index_console_events"]
[31956][1784860245510][requester][info]["Migrations: Setting context before starting migration","0026_index_console_events",{"0000_initial":"finished","0001_add_archived_resources_table":"finished","0002_add_variable_sessions_table":"finished","0003_add_editor_tables":"finished","0004_migrate_ws_session_data":"finished","0005_cleanup_request_response_and_history_body":"finished","0006_add_dbp_to_request_response_and_history":"finished","0007_add_sync_client_buckets_by_order_id_table":"finished","0008_migrate_to_sync_client_buckets_by_order_id":"finished","0009_remove_sync_client_buckets_table":"finished","0010_add_history_owner":"finished","0011_add_history_response_table":"finished","0012_add_user_data_table":"finished","0013_sanitize_request_response_and_history_methods":"finished","0014_sanitize_response_requestobject_rawmodedata":"finished","0015_add_favorited_collections_table":"finished","0016_add_permission_table":"finished","0017_add_user_preferences_table":"finished","0018_index_header_presets":"finished","0019_migrate_favorite_collections_data":"finished","0020_migrate_sync_client_revision":"finished","0021_clear_permissions":"finished","0022_add_workspace_header_presets":"finished","0023_remove_collection_permissions_and_shared":"finished","0024_add_console_timelines_table":"started","0025_add_console_events_table":"started","0026_index_console_events":"started"}]
[31956][1784860245511][requester][info]["Migrations: Applying migration","0026_index_console_events"]
[31956][1784860245511][requester][info]["Migrations: Upgrading IndexedDB to version","0026_index_console_events",15]
[31956][1784860245512][requester][info]["Migrations: Adding pending commit to queue","0026_index_console_events"]
[31956][1784860245512][requester][info]["Migrations: Starting migration","0027_add_console_blob_table"]
[31956][1784860245512][requester][info]["Migrations: Setting context before starting migration","0027_add_console_blob_table",{"0000_initial":"finished","0001_add_archived_resources_table":"finished","0002_add_variable_sessions_table":"finished","0003_add_editor_tables":"finished","0004_migrate_ws_session_data":"finished","0005_cleanup_request_response_and_history_body":"finished","0006_add_dbp_to_request_response_and_history":"finished","0007_add_sync_client_buckets_by_order_id_table":"finished","0008_migrate_to_sync_client_buckets_by_order_id":"finished","0009_remove_sync_client_buckets_table":"finished","0010_add_history_owner":"finished","0011_add_history_response_table":"finished","0012_add_user_data_table":"finished","0013_sanitize_request_response_and_history_methods":"finished","0014_sanitize_response_requestobject_rawmodedata":"finished","0015_add_favorited_collections_table":"finished","0016_add_permission_table":"finished","0017_add_user_preferences_table":"finished","0018_index_header_presets":"finished","0019_migrate_favorite_collections_data":"finished","0020_migrate_sync_client_revision":"finished","0021_clear_permissions":"finished","0022_add_workspace_header_presets":"finished","0023_remove_collection_permissions_and_shared":"finished","0024_add_console_timelines_table":"started","0025_add_console_events_table":"started","0026_index_console_events":"started","0027_add_console_blob_table":"started"}]
[31956][1784860245513][requester][info]["Migrations: Applying migration","0027_add_console_blob_table"]
[31956][1784860245513][requester][info]["Migrations: Upgrading IndexedDB to version","0027_add_console_blob_table",16]
[31956][1784860245514][requester][info]["Migrations: Adding pending commit to queue","0027_add_console_blob_table"]
[31956][1784860245514][requester][info]["Migrations: Starting migration","0028_add_runner_data_table"]
[31956][1784860245514][requester][info]["Migrations: Setting context before starting migration","0028_add_runner_data_table",{"0000_initial":"finished","0001_add_archived_resources_table":"finished","0002_add_variable_sessions_table":"finished","0003_add_editor_tables":"finished","0004_migrate_ws_session_data":"finished","0005_cleanup_request_response_and_history_body":"finished","0006_add_dbp_to_request_response_and_history":"finished","0007_add_sync_client_buckets_by_order_id_table":"finished","0008_migrate_to_sync_client_buckets_by_order_id":"finished","0009_remove_sync_client_buckets_table":"finished","0010_add_history_owner":"finished","0011_add_history_response_table":"finished","0012_add_user_data_table":"finished","0013_sanitize_request_response_and_history_methods":"finished","0014_sanitize_response_requestobject_rawmodedata":"finished","0015_add_favorited_collections_table":"finished","0016_add_permission_table":"finished","0017_add_user_preferences_table":"finished","0018_index_header_presets":"finished","0019_migrate_favorite_collections_data":"finished","0020_migrate_sync_client_revision":"finished","0021_clear_permissions":"finished","0022_add_workspace_header_presets":"finished","0023_remove_collection_permissions_and_shared":"finished","0024_add_console_timelines_table":"started","0025_add_console_events_table":"started","0026_index_console_events":"started","0027_add_console_blob_table":"started","0028_add_runner_data_table":"started"}]
[31956][1784860245514][requester][info]["Migrations: Applying migration","0028_add_runner_data_table"]
[31956][1784860245515][requester][info]["Migrations: Upgrading IndexedDB to version","0028_add_runner_data_table",17]
[31956][1784860245515][requester][info]["Migrations: Adding pending commit to queue","0028_add_runner_data_table"]
[31956][1784860245516][requester][info]["Migrations: Starting migration","0029_add_api_schema_table"]
[31956][1784860245516][requester][info]["Migrations: Setting context before starting migration","0029_add_api_schema_table",{"0000_initial":"finished","0001_add_archived_resources_table":"finished","0002_add_variable_sessions_table":"finished","0003_add_editor_tables":"finished","0004_migrate_ws_session_data":"finished","0005_cleanup_request_response_and_history_body":"finished","0006_add_dbp_to_request_response_and_history":"finished","0007_add_sync_client_buckets_by_order_id_table":"finished","0008_migrate_to_sync_client_buckets_by_order_id":"finished","0009_remove_sync_client_buckets_table":"finished","0010_add_history_owner":"finished","0011_add_history_response_table":"finished","0012_add_user_data_table":"finished","0013_sanitize_request_response_and_history_methods":"finished","0014_sanitize_response_requestobject_rawmodedata":"finished","0015_add_favorited_collections_table":"finished","0016_add_permission_table":"finished","0017_add_user_preferences_table":"finished","0018_index_header_presets":"finished","0019_migrate_favorite_collections_data":"finished","0020_migrate_sync_client_revision":"finished","0021_clear_permissions":"finished","0022_add_workspace_header_presets":"finished","0023_remove_collection_permissions_and_shared":"finished","0024_add_console_timelines_table":"started","0025_add_console_events_table":"started","0026_index_console_events":"started","0027_add_console_blob_table":"started","0028_add_runner_data_table":"started","0029_add_api_schema_table":"started"}]
[31956][1784860245516][requester][info]["Migrations: Applying migration","0029_add_api_schema_table"]
[31956][1784860245516][requester][info]["Migrations: Upgrading IndexedDB to version","0029_add_api_schema_table",18]
[31956][1784860245518][requester][info]["Migrations: Adding pending commit to queue","0029_add_api_schema_table"]
[31956][1784860245519][requester][info]["Migrations: Starting migration","0030_migrate_collection_runs"]
[31956][1784860245519][requester][info]["Migrations: Flushing pending migrations for","0030_migrate_collection_runs"]
[31956][1784860245520][requester][info]["Migrations: Flushing pending commit for type","IndexeddbSchemaMigration"]
[31956][1784860245520][requester][info]["Migrations: Committing IndexedDB upgrade"]
[31956][1784860245543][requester][info]["Migrations: Updating status in migration context",{"0000_initial":"finished","0001_add_archived_resources_table":"finished","0002_add_variable_sessions_table":"finished","0003_add_editor_tables":"finished","0004_migrate_ws_session_data":"finished","0005_cleanup_request_response_and_history_body":"finished","0006_add_dbp_to_request_response_and_history":"finished","0007_add_sync_client_buckets_by_order_id_table":"finished","0008_migrate_to_sync_client_buckets_by_order_id":"finished","0009_remove_sync_client_buckets_table":"finished","0010_add_history_owner":"finished","0011_add_history_response_table":"finished","0012_add_user_data_table":"finished","0013_sanitize_request_response_and_history_methods":"finished","0014_sanitize_response_requestobject_rawmodedata":"finished","0015_add_favorited_collections_table":"finished","0016_add_permission_table":"finished","0017_add_user_preferences_table":"finished","0018_index_header_presets":"finished","0019_migrate_favorite_collections_data":"finished","0020_migrate_sync_client_revision":"finished","0021_clear_permissions":"finished","0022_add_workspace_header_presets":"finished","0023_remove_collection_permissions_and_shared":"finished","0024_add_console_timelines_table":"started","0025_add_console_events_table":"started","0026_index_console_events":"started","0027_add_console_blob_table":"started","0028_add_runner_data_table":"started","0029_add_api_schema_table":"started"}]
[31956][1784860245544][requester][info]["Migrations: Updated status in migration context",{"0000_initial":"finished","0001_add_archived_resources_table":"finished","0002_add_variable_sessions_table":"finished","0003_add_editor_tables":"finished","0004_migrate_ws_session_data":"finished","0005_cleanup_request_response_and_history_body":"finished","0006_add_dbp_to_request_response_and_history":"finished","0007_add_sync_client_buckets_by_order_id_table":"finished","0008_migrate_to_sync_client_buckets_by_order_id":"finished","0009_remove_sync_client_buckets_table":"finished","0010_add_history_owner":"finished","0011_add_history_response_table":"finished","0012_add_user_data_table":"finished","0013_sanitize_request_response_and_history_methods":"finished","0014_sanitize_response_requestobject_rawmodedata":"finished","0015_add_favorited_collections_table":"finished","0016_add_permission_table":"finished","0017_add_user_preferences_table":"finished","0018_index_header_presets":"finished","0019_migrate_favorite_collections_data":"finished","0020_migrate_sync_client_revision":"finished","0021_clear_permissions":"finished","0022_add_workspace_header_presets":"finished","0023_remove_collection_permissions_and_shared":"finished","0024_add_console_timelines_table":"finished","0025_add_console_events_table":"finished","0026_index_console_events":"finished","0027_add_console_blob_table":"finished","0028_add_runner_data_table":"finished","0029_add_api_schema_table":"finished"}]
[31956][1784860245545][requester][info]["Migrations: Setting context before starting migration","0030_migrate_collection_runs",{"0000_initial":"finished","0001_add_archived_resources_table":"finished","0002_add_variable_sessions_table":"finished","0003_add_editor_tables":"finished","0004_migrate_ws_session_data":"finished","0005_cleanup_request_response_and_history_body":"finished","0006_add_dbp_to_request_response_and_history":"finished","0007_add_sync_client_buckets_by_order_id_table":"finished","0008_migrate_to_sync_client_buckets_by_order_id":"finished","0009_remove_sync_client_buckets_table":"finished","0010_add_history_owner":"finished","0011_add_history_response_table":"finished","0012_add_user_data_table":"finished","0013_sanitize_request_response_and_history_methods":"finished","0014_sanitize_response_requestobject_rawmodedata":"finished","0015_add_favorited_collections_table":"finished","0016_add_permission_table":"finished","0017_add_user_preferences_table":"finished","0018_index_header_presets":"finished","0019_migrate_favorite_collections_data":"finished","0020_migrate_sync_client_revision":"finished","0021_clear_permissions":"finished","0022_add_workspace_header_presets":"finished","0023_remove_collection_permissions_and_shared":"finished","0024_add_console_timelines_table":"finished","0025_add_console_events_table":"finished","0026_index_console_events":"finished","0027_add_console_blob_table":"finished","0028_add_runner_data_table":"finished","0029_add_api_schema_table":"finished","0030_migrate_collection_runs":"started"}]
[31956][1784860245545][requester][info]["Migrations: Applying migration","0030_migrate_collection_runs"]
[31956][1784860245546][requester][info]["Migrations: Processing IndexedDB data migration","0030_migrate_collection_runs"]
[31956][1784860245549][requester][info]["Migration~CollectionRun: Migrating collection runs"]
[31956][1784860245556][requester][info]["Migrations: Saving migration context after completion","0030_migrate_collection_runs",{"0000_initial":"finished","0001_add_archived_resources_table":"finished","0002_add_variable_sessions_table":"finished","0003_add_editor_tables":"finished","0004_migrate_ws_session_data":"finished","0005_cleanup_request_response_and_history_body":"finished","0006_add_dbp_to_request_response_and_history":"finished","0007_add_sync_client_buckets_by_order_id_table":"finished","0008_migrate_to_sync_client_buckets_by_order_id":"finished","0009_remove_sync_client_buckets_table":"finished","0010_add_history_owner":"finished","0011_add_history_response_table":"finished","0012_add_user_data_table":"finished","0013_sanitize_request_response_and_history_methods":"finished","0014_sanitize_response_requestobject_rawmodedata":"finished","0015_add_favorited_collections_table":"finished","0016_add_permission_table":"finished","0017_add_user_preferences_table":"finished","0018_index_header_presets":"finished","0019_migrate_favorite_collections_data":"finished","0020_migrate_sync_client_revision":"finished","0021_clear_permissions":"finished","0022_add_workspace_header_presets":"finished","0023_remove_collection_permissions_and_shared":"finished","0024_add_console_timelines_table":"finished","0025_add_console_events_table":"finished","0026_index_console_events":"finished","0027_add_console_blob_table":"finished","0028_add_runner_data_table":"finished","0029_add_api_schema_table":"finished","0030_migrate_collection_runs":"started"}]
[31956][1784860245557][requester][info]["Migrations: Starting migration","0031_add_api_relation_table"]
[31956][1784860245557][requester][info]["Migrations: Setting context before starting migration","0031_add_api_relation_table",{"0000_initial":"finished","0001_add_archived_resources_table":"finished","0002_add_variable_sessions_table":"finished","0003_add_editor_tables":"finished","0004_migrate_ws_session_data":"finished","0005_cleanup_request_response_and_history_body":"finished","0006_add_dbp_to_request_response_and_history":"finished","0007_add_sync_client_buckets_by_order_id_table":"finished","0008_migrate_to_sync_client_buckets_by_order_id":"finished","0009_remove_sync_client_buckets_table":"finished","0010_add_history_owner":"finished","0011_add_history_response_table":"finished","0012_add_user_data_table":"finished","0013_sanitize_request_response_and_history_methods":"finished","0014_sanitize_response_requestobject_rawmodedata":"finished","0015_add_favorited_collections_table":"finished","0016_add_permission_table":"finished","0017_add_user_preferences_table":"finished","0018_index_header_presets":"finished","0019_migrate_favorite_collections_data":"finished","0020_migrate_sync_client_revision":"finished","0021_clear_permissions":"finished","0022_add_workspace_header_presets":"finished","0023_remove_collection_permissions_and_shared":"finished","0024_add_console_timelines_table":"finished","0025_add_console_events_table":"finished","0026_index_console_events":"finished","0027_add_console_blob_table":"finished","0028_add_runner_data_table":"finished","0029_add_api_schema_table":"finished","0030_migrate_collection_runs":"finished","0031_add_api_relation_table":"started"}]
[31956][1784860245558][requester][info]["Migrations: Applying migration","0031_add_api_relation_table"]
[31956][1784860245558][requester][info]["Migrations: Upgrading IndexedDB to version","0031_add_api_relation_table",19]
[31956][1784860245559][requester][info]["Migrations: Adding pending commit to queue","0031_add_api_relation_table"]
[31956][1784860245559][requester][info]["Migrations: Starting migration","0032_index_workspacesession_editor"]
[31956][1784860245559][requester][info]["Migrations: Setting context before starting migration","0032_index_workspacesession_editor",{"0000_initial":"finished","0001_add_archived_resources_table":"finished","0002_add_variable_sessions_table":"finished","0003_add_editor_tables":"finished","0004_migrate_ws_session_data":"finished","0005_cleanup_request_response_and_history_body":"finished","0006_add_dbp_to_request_response_and_history":"finished","0007_add_sync_client_buckets_by_order_id_table":"finished","0008_migrate_to_sync_client_buckets_by_order_id":"finished","0009_remove_sync_client_buckets_table":"finished","0010_add_history_owner":"finished","0011_add_history_response_table":"finished","0012_add_user_data_table":"finished","0013_sanitize_request_response_and_history_methods":"finished","0014_sanitize_response_requestobject_rawmodedata":"finished","0015_add_favorited_collections_table":"finished","0016_add_permission_table":"finished","0017_add_user_preferences_table":"finished","0018_index_header_presets":"finished","0019_migrate_favorite_collections_data":"finished","0020_migrate_sync_client_revision":"finished","0021_clear_permissions":"finished","0022_add_workspace_header_presets":"finished","0023_remove_collection_permissions_and_shared":"finished","0024_add_console_timelines_table":"finished","0025_add_console_events_table":"finished","0026_index_console_events":"finished","0027_add_console_blob_table":"finished","0028_add_runner_data_table":"finished","0029_add_api_schema_table":"finished","0030_migrate_collection_runs":"finished","0031_add_api_relation_table":"started","0032_index_workspacesession_editor":"started"}]
[31956][1784860245559][requester][info]["Migrations: Applying migration","0032_index_workspacesession_editor"]
[31956][1784860245559][requester][info]["Migrations: Upgrading IndexedDB to version","0032_index_workspacesession_editor",20]
[31956][1784860245560][requester][info]["Migrations: Adding pending commit to queue","0032_index_workspacesession_editor"]
[31956][1784860245560][requester][info]["Migrations: Starting migration","0033_add_editor_data_cache_table"]
[31956][1784860245561][requester][info]["Migrations: Setting context before starting migration","0033_add_editor_data_cache_table",{"0000_initial":"finished","0001_add_archived_resources_table":"finished","0002_add_variable_sessions_table":"finished","0003_add_editor_tables":"finished","0004_migrate_ws_session_data":"finished","0005_cleanup_request_response_and_history_body":"finished","0006_add_dbp_to_request_response_and_history":"finished","0007_add_sync_client_buckets_by_order_id_table":"finished","0008_migrate_to_sync_client_buckets_by_order_id":"finished","0009_remove_sync_client_buckets_table":"finished","0010_add_history_owner":"finished","0011_add_history_response_table":"finished","0012_add_user_data_table":"finished","0013_sanitize_request_response_and_history_methods":"finished","0014_sanitize_response_requestobject_rawmodedata":"finished","0015_add_favorited_collections_table":"finished","0016_add_permission_table":"finished","0017_add_user_preferences_table":"finished","0018_index_header_presets":"finished","0019_migrate_favorite_collections_data":"finished","0020_migrate_sync_client_revision":"finished","0021_clear_permissions":"finished","0022_add_workspace_header_presets":"finished","0023_remove_collection_permissions_and_shared":"finished","0024_add_console_timelines_table":"finished","0025_add_console_events_table":"finished","0026_index_console_events":"finished","0027_add_console_blob_table":"finished","0028_add_runner_data_table":"finished","0029_add_api_schema_table":"finished","0030_migrate_collection_runs":"finished","0031_add_api_relation_table":"started","0032_index_workspacesession_editor":"started","0033_add_editor_data_cache_table":"started"}]
[31956][1784860245561][requester][info]["Migrations: Applying migration","0033_add_editor_data_cache_table"]
[31956][1784860245561][requester][info]["Migrations: Upgrading IndexedDB to version","0033_add_editor_data_cache_table",21]
[31956][1784860245562][requester][info]["Migrations: Adding pending commit to queue","0033_add_editor_data_cache_table"]
[31956][1784860245562][requester][info]["Migrations: Starting migration","0034_migrate_editor_data"]
[31956][1784860245562][requester][info]["Migrations: Flushing pending migrations for","0034_migrate_editor_data"]
[31956][1784860245563][requester][info]["Migrations: Flushing pending commit for type","IndexeddbSchemaMigration"]
[31956][1784860245563][requester][info]["Migrations: Committing IndexedDB upgrade"]
[31956][1784860245575][requester][info]["Migrations: Updating status in migration context",{"0000_initial":"finished","0001_add_archived_resources_table":"finished","0002_add_variable_sessions_table":"finished","0003_add_editor_tables":"finished","0004_migrate_ws_session_data":"finished","0005_cleanup_request_response_and_history_body":"finished","0006_add_dbp_to_request_response_and_history":"finished","0007_add_sync_client_buckets_by_order_id_table":"finished","0008_migrate_to_sync_client_buckets_by_order_id":"finished","0009_remove_sync_client_buckets_table":"finished","0010_add_history_owner":"finished","0011_add_history_response_table":"finished","0012_add_user_data_table":"finished","0013_sanitize_request_response_and_history_methods":"finished","0014_sanitize_response_requestobject_rawmodedata":"finished","0015_add_favorited_collections_table":"finished","0016_add_permission_table":"finished","0017_add_user_preferences_table":"finished","0018_index_header_presets":"finished","0019_migrate_favorite_collections_data":"finished","0020_migrate_sync_client_revision":"finished","0021_clear_permissions":"finished","0022_add_workspace_header_presets":"finished","0023_remove_collection_permissions_and_shared":"finished","0024_add_console_timelines_table":"finished","0025_add_console_events_table":"finished","0026_index_console_events":"finished","0027_add_console_blob_table":"finished","0028_add_runner_data_table":"finished","0029_add_api_schema_table":"finished","0030_migrate_collection_runs":"finished","0031_add_api_relation_table":"started","0032_index_workspacesession_editor":"started","0033_add_editor_data_cache_table":"started"}]
[31956][1784860245576][requester][info]["Migrations: Updated status in migration context",{"0000_initial":"finished","0001_add_archived_resources_table":"finished","0002_add_variable_sessions_table":"finished","0003_add_editor_tables":"finished","0004_migrate_ws_session_data":"finished","0005_cleanup_request_response_and_history_body":"finished","0006_add_dbp_to_request_response_and_history":"finished","0007_add_sync_client_buckets_by_order_id_table":"finished","0008_migrate_to_sync_client_buckets_by_order_id":"finished","0009_remove_sync_client_buckets_table":"finished","0010_add_history_owner":"finished","0011_add_history_response_table":"finished","0012_add_user_data_table":"finished","0013_sanitize_request_response_and_history_methods":"finished","0014_sanitize_response_requestobject_rawmodedata":"finished","0015_add_favorited_collections_table":"finished","0016_add_permission_table":"finished","0017_add_user_preferences_table":"finished","0018_index_header_presets":"finished","0019_migrate_favorite_collections_data":"finished","0020_migrate_sync_client_revision":"finished","0021_clear_permissions":"finished","0022_add_workspace_header_presets":"finished","0023_remove_collection_permissions_and_shared":"finished","0024_add_console_timelines_table":"finished","0025_add_console_events_table":"finished","0026_index_console_events":"finished","0027_add_console_blob_table":"finished","0028_add_runner_data_table":"finished","0029_add_api_schema_table":"finished","0030_migrate_collection_runs":"finished","0031_add_api_relation_table":"finished","0032_index_workspacesession_editor":"finished","0033_add_editor_data_cache_table":"finished"}]
[31956][1784860245576][requester][info]["Migrations: Setting context before starting migration","0034_migrate_editor_data",{"0000_initial":"finished","0001_add_archived_resources_table":"finished","0002_add_variable_sessions_table":"finished","0003_add_editor_tables":"finished","0004_migrate_ws_session_data":"finished","0005_cleanup_request_response_and_history_body":"finished","0006_add_dbp_to_request_response_and_history":"finished","0007_add_sync_client_buckets_by_order_id_table":"finished","0008_migrate_to_sync_client_buckets_by_order_id":"finished","0009_remove_sync_client_buckets_table":"finished","0010_add_history_owner":"finished","0011_add_history_response_table":"finished","0012_add_user_data_table":"finished","0013_sanitize_request_response_and_history_methods":"finished","0014_sanitize_response_requestobject_rawmodedata":"finished","0015_add_favorited_collections_table":"finished","0016_add_permission_table":"finished","0017_add_user_preferences_table":"finished","0018_index_header_presets":"finished","0019_migrate_favorite_collections_data":"finished","0020_migrate_sync_client_revision":"finished","0021_clear_permissions":"finished","0022_add_workspace_header_presets":"finished","0023_remove_collection_permissions_and_shared":"finished","0024_add_console_timelines_table":"finished","0025_add_console_events_table":"finished","0026_index_console_events":"finished","0027_add_console_blob_table":"finished","0028_add_runner_data_table":"finished","0029_add_api_schema_table":"finished","0030_migrate_collection_runs":"finished","0031_add_api_relation_table":"finished","0032_index_workspacesession_editor":"finished","0033_add_editor_data_cache_table":"finished","0034_migrate_editor_data":"started"}]
[31956][1784860245577][requester][info]["Migrations: Applying migration","0034_migrate_editor_data"]
[31956][1784860245577][requester][info]["Migrations: Processing IndexedDB data migration","0034_migrate_editor_data"]
[31956][1784860245579][requester][info]["Migration~EditorsData: Migrating editors data"]
[31956][1784860245582][requester][info]["Migrations: Saving migration context after completion","0034_migrate_editor_data",{"0000_initial":"finished","0001_add_archived_resources_table":"finished","0002_add_variable_sessions_table":"finished","0003_add_editor_tables":"finished","0004_migrate_ws_session_data":"finished","0005_cleanup_request_response_and_history_body":"finished","0006_add_dbp_to_request_response_and_history":"finished","0007_add_sync_client_buckets_by_order_id_table":"finished","0008_migrate_to_sync_client_buckets_by_order_id":"finished","0009_remove_sync_client_buckets_table":"finished","0010_add_history_owner":"finished","0011_add_history_response_table":"finished","0012_add_user_data_table":"finished","0013_sanitize_request_response_and_history_methods":"finished","0014_sanitize_response_requestobject_rawmodedata":"finished","0015_add_favorited_collections_table":"finished","0016_add_permission_table":"finished","0017_add_user_preferences_table":"finished","0018_index_header_presets":"finished","0019_migrate_favorite_collections_data":"finished","0020_migrate_sync_client_revision":"finished","0021_clear_permissions":"finished","0022_add_workspace_header_presets":"finished","0023_remove_collection_permissions_and_shared":"finished","0024_add_console_timelines_table":"finished","0025_add_console_events_table":"finished","0026_index_console_events":"finished","0027_add_console_blob_table":"finished","0028_add_runner_data_table":"finished","0029_add_api_schema_table":"finished","0030_migrate_collection_runs":"finished","0031_add_api_relation_table":"finished","0032_index_workspacesession_editor":"finished","0033_add_editor_data_cache_table":"finished","0034_migrate_editor_data":"started"}]
[31956][1784860245583][requester][info]["Migrations: Starting migration","0035_remove_editors_table"]
[31956][1784860245584][requester][info]["Migrations: Setting context before starting migration","0035_remove_editors_table",{"0000_initial":"finished","0001_add_archived_resources_table":"finished","0002_add_variable_sessions_table":"finished","0003_add_editor_tables":"finished","0004_migrate_ws_session_data":"finished","0005_cleanup_request_response_and_history_body":"finished","0006_add_dbp_to_request_response_and_history":"finished","0007_add_sync_client_buckets_by_order_id_table":"finished","0008_migrate_to_sync_client_buckets_by_order_id":"finished","0009_remove_sync_client_buckets_table":"finished","0010_add_history_owner":"finished","0011_add_history_response_table":"finished","0012_add_user_data_table":"finished","0013_sanitize_request_response_and_history_methods":"finished","0014_sanitize_response_requestobject_rawmodedata":"finished","0015_add_favorited_collections_table":"finished","0016_add_permission_table":"finished","0017_add_user_preferences_table":"finished","0018_index_header_presets":"finished","0019_migrate_favorite_collections_data":"finished","0020_migrate_sync_client_revision":"finished","0021_clear_permissions":"finished","0022_add_workspace_header_presets":"finished","0023_remove_collection_permissions_and_shared":"finished","0024_add_console_timelines_table":"finished","0025_add_console_events_table":"finished","0026_index_console_events":"finished","0027_add_console_blob_table":"finished","0028_add_runner_data_table":"finished","0029_add_api_schema_table":"finished","0030_migrate_collection_runs":"finished","0031_add_api_relation_table":"finished","0032_index_workspacesession_editor":"finished","0033_add_editor_data_cache_table":"finished","0034_migrate_editor_data":"finished","0035_remove_editors_table":"started"}]
[31956][1784860245585][requester][info]["Migrations: Applying migration","0035_remove_editors_table"]
[31956][1784860245586][requester][info]["Migrations: Upgrading IndexedDB to version","0035_remove_editors_table",22]
[31956][1784860245587][requester][info]["Migrations: Adding pending commit to queue","0035_remove_editors_table"]
[31956][1784860245587][requester][info]["Migrations: Starting migration","0036_add_auth_sessions_table"]
[31956][1784860245587][requester][info]["Migrations: Setting context before starting migration","0036_add_auth_sessions_table",{"0000_initial":"finished","0001_add_archived_resources_table":"finished","0002_add_variable_sessions_table":"finished","0003_add_editor_tables":"finished","0004_migrate_ws_session_data":"finished","0005_cleanup_request_response_and_history_body":"finished","0006_add_dbp_to_request_response_and_history":"finished","0007_add_sync_client_buckets_by_order_id_table":"finished","0008_migrate_to_sync_client_buckets_by_order_id":"finished","0009_remove_sync_client_buckets_table":"finished","0010_add_history_owner":"finished","0011_add_history_response_table":"finished","0012_add_user_data_table":"finished","0013_sanitize_request_response_and_history_methods":"finished","0014_sanitize_response_requestobject_rawmodedata":"finished","0015_add_favorited_collections_table":"finished","0016_add_permission_table":"finished","0017_add_user_preferences_table":"finished","0018_index_header_presets":"finished","0019_migrate_favorite_collections_data":"finished","0020_migrate_sync_client_revision":"finished","0021_clear_permissions":"finished","0022_add_workspace_header_presets":"finished","0023_remove_collection_permissions_and_shared":"finished","0024_add_console_timelines_table":"finished","0025_add_console_events_table":"finished","0026_index_console_events":"finished","0027_add_console_blob_table":"finished","0028_add_runner_data_table":"finished","0029_add_api_schema_table":"finished","0030_migrate_collection_runs":"finished","0031_add_api_relation_table":"finished","0032_index_workspacesession_editor":"finished","0033_add_editor_data_cache_table":"finished","0034_migrate_editor_data":"finished","0035_remove_editors_table":"started","0036_add_auth_sessions_table":"started"}]
[31956][1784860245588][requester][info]["Migrations: Applying migration","0036_add_auth_sessions_table"]
[31956][1784860245588][requester][info]["Migrations: Upgrading IndexedDB to version","0036_add_auth_sessions_table",23]
[31956][1784860245589][requester][info]["Migrations: Adding pending commit to queue","0036_add_auth_sessions_table"]
[31956][1784860245589][requester][info]["Migrations: Starting migration","0037_add_list_cache_table"]
[31956][1784860245589][requester][info]["Migrations: Setting context before starting migration","0037_add_list_cache_table",{"0000_initial":"finished","0001_add_archived_resources_table":"finished","0002_add_variable_sessions_table":"finished","0003_add_editor_tables":"finished","0004_migrate_ws_session_data":"finished","0005_cleanup_request_response_and_history_body":"finished","0006_add_dbp_to_request_response_and_history":"finished","0007_add_sync_client_buckets_by_order_id_table":"finished","0008_migrate_to_sync_client_buckets_by_order_id":"finished","0009_remove_sync_client_buckets_table":"finished","0010_add_history_owner":"finished","0011_add_history_response_table":"finished","0012_add_user_data_table":"finished","0013_sanitize_request_response_and_history_methods":"finished","0014_sanitize_response_requestobject_rawmodedata":"finished","0015_add_favorited_collections_table":"finished","0016_add_permission_table":"finished","0017_add_user_preferences_table":"finished","0018_index_header_presets":"finished","0019_migrate_favorite_collections_data":"finished","0020_migrate_sync_client_revision":"finished","0021_clear_permissions":"finished","0022_add_workspace_header_presets":"finished","0023_remove_collection_permissions_and_shared":"finished","0024_add_console_timelines_table":"finished","0025_add_console_events_table":"finished","0026_index_console_events":"finished","0027_add_console_blob_table":"finished","0028_add_runner_data_table":"finished","0029_add_api_schema_table":"finished","0030_migrate_collection_runs":"finished","0031_add_api_relation_table":"finished","0032_index_workspacesession_editor":"finished","0033_add_editor_data_cache_table":"finished","0034_migrate_editor_data":"finished","0035_remove_editors_table":"started","0036_add_auth_sessions_table":"started","0037_add_list_cache_table":"started"}]
[31956][1784860245590][requester][info]["Migrations: Applying migration","0037_add_list_cache_table"]
[31956][1784860245590][requester][info]["Migrations: Upgrading IndexedDB to version","0037_add_list_cache_table",24]
[31956][1784860245591][requester][info]["Migrations: Adding pending commit to queue","0037_add_list_cache_table"]
[31956][1784860245591][requester][info]["Migrations: Starting migration","0038_add_cookies_table"]
[31956][1784860245592][requester][info]["Migrations: Setting context before starting migration","0038_add_cookies_table",{"0000_initial":"finished","0001_add_archived_resources_table":"finished","0002_add_variable_sessions_table":"finished","0003_add_editor_tables":"finished","0004_migrate_ws_session_data":"finished","0005_cleanup_request_response_and_history_body":"finished","0006_add_dbp_to_request_response_and_history":"finished","0007_add_sync_client_buckets_by_order_id_table":"finished","0008_migrate_to_sync_client_buckets_by_order_id":"finished","0009_remove_sync_client_buckets_table":"finished","0010_add_history_owner":"finished","0011_add_history_response_table":"finished","0012_add_user_data_table":"finished","0013_sanitize_request_response_and_history_methods":"finished","0014_sanitize_response_requestobject_rawmodedata":"finished","0015_add_favorited_collections_table":"finished","0016_add_permission_table":"finished","0017_add_user_preferences_table":"finished","0018_index_header_presets":"finished","0019_migrate_favorite_collections_data":"finished","0020_migrate_sync_client_revision":"finished","0021_clear_permissions":"finished","0022_add_workspace_header_presets":"finished","0023_remove_collection_permissions_and_shared":"finished","0024_add_console_timelines_table":"finished","0025_add_console_events_table":"finished","0026_index_console_events":"finished","0027_add_console_blob_table":"finished","0028_add_runner_data_table":"finished","0029_add_api_schema_table":"finished","0030_migrate_collection_runs":"finished","0031_add_api_relation_table":"finished","0032_index_workspacesession_editor":"finished","0033_add_editor_data_cache_table":"finished","0034_migrate_editor_data":"finished","0035_remove_editors_table":"started","0036_add_auth_sessions_table":"started","0037_add_list_cache_table":"started","0038_add_cookies_table":"started"}]
[31956][1784860245593][requester][info]["Migrations: Applying migration","0038_add_cookies_table"]
[31956][1784860245594][requester][info]["Migrations: Upgrading IndexedDB to version","0038_add_cookies_table",25]
[31956][1784860245595][requester][info]["Migrations: Adding pending commit to queue","0038_add_cookies_table"]
[31956][1784860245595][requester][info]["Migrations: Starting migration","0039_add_runtime_preferences_table"]
[31956][1784860245595][requester][info]["Migrations: Setting context before starting migration","0039_add_runtime_preferences_table",{"0000_initial":"finished","0001_add_archived_resources_table":"finished","0002_add_variable_sessions_table":"finished","0003_add_editor_tables":"finished","0004_migrate_ws_session_data":"finished","0005_cleanup_request_response_and_history_body":"finished","0006_add_dbp_to_request_response_and_history":"finished","0007_add_sync_client_buckets_by_order_id_table":"finished","0008_migrate_to_sync_client_buckets_by_order_id":"finished","0009_remove_sync_client_buckets_table":"finished","0010_add_history_owner":"finished","0011_add_history_response_table":"finished","0012_add_user_data_table":"finished","0013_sanitize_request_response_and_history_methods":"finished","0014_sanitize_response_requestobject_rawmodedata":"finished","0015_add_favorited_collections_table":"finished","0016_add_permission_table":"finished","0017_add_user_preferences_table":"finished","0018_index_header_presets":"finished","0019_migrate_favorite_collections_data":"finished","0020_migrate_sync_client_revision":"finished","0021_clear_permissions":"finished","0022_add_workspace_header_presets":"finished","0023_remove_collection_permissions_and_shared":"finished","0024_add_console_timelines_table":"finished","0025_add_console_events_table":"finished","0026_index_console_events":"finished","0027_add_console_blob_table":"finished","0028_add_runner_data_table":"finished","0029_add_api_schema_table":"finished","0030_migrate_collection_runs":"finished","0031_add_api_relation_table":"finished","0032_index_workspacesession_editor":"finished","0033_add_editor_data_cache_table":"finished","0034_migrate_editor_data":"finished","0035_remove_editors_table":"started","0036_add_auth_sessions_table":"started","0037_add_list_cache_table":"started","0038_add_cookies_table":"started","0039_add_runtime_preferences_table":"started"}]
[31956][1784860245596][requester][info]["Migrations: Applying migration","0039_add_runtime_preferences_table"]
[31956][1784860245596][requester][info]["Migrations: Upgrading IndexedDB to version","0039_add_runtime_preferences_table",26]
[31956][1784860245596][requester][info]["Migrations: Adding pending commit to queue","0039_add_runtime_preferences_table"]
[31956][1784860245596][requester][info]["Migrations: Starting migration","0040_index_cookies_table"]
[31956][1784860245596][requester][info]["Migrations: Setting context before starting migration","0040_index_cookies_table",{"0000_initial":"finished","0001_add_archived_resources_table":"finished","0002_add_variable_sessions_table":"finished","0003_add_editor_tables":"finished","0004_migrate_ws_session_data":"finished","0005_cleanup_request_response_and_history_body":"finished","0006_add_dbp_to_request_response_and_history":"finished","0007_add_sync_client_buckets_by_order_id_table":"finished","0008_migrate_to_sync_client_buckets_by_order_id":"finished","0009_remove_sync_client_buckets_table":"finished","0010_add_history_owner":"finished","0011_add_history_response_table":"finished","0012_add_user_data_table":"finished","0013_sanitize_request_response_and_history_methods":"finished","0014_sanitize_response_requestobject_rawmodedata":"finished","0015_add_favorited_collections_table":"finished","0016_add_permission_table":"finished","0017_add_user_preferences_table":"finished","0018_index_header_presets":"finished","0019_migrate_favorite_collections_data":"finished","0020_migrate_sync_client_revision":"finished","0021_clear_permissions":"finished","0022_add_workspace_header_presets":"finished","0023_remove_collection_permissions_and_shared":"finished","0024_add_console_timelines_table":"finished","0025_add_console_events_table":"finished","0026_index_console_events":"finished","0027_add_console_blob_table":"finished","0028_add_runner_data_table":"finished","0029_add_api_schema_table":"finished","0030_migrate_collection_runs":"finished","0031_add_api_relation_table":"finished","0032_index_workspacesession_editor":"finished","0033_add_editor_data_cache_table":"finished","0034_migrate_editor_data":"finished","0035_remove_editors_table":"started","0036_add_auth_sessions_table":"started","0037_add_list_cache_table":"started","0038_add_cookies_table":"started","0039_add_runtime_preferences_table":"started","0040_index_cookies_table":"started"}]
[31956][1784860245597][requester][info]["Migrations: Applying migration","0040_index_cookies_table"]
[31956][1784860245597][requester][info]["Migrations: Upgrading IndexedDB to version","0040_index_cookies_table",27]
[31956][1784860245598][requester][info]["Migrations: Adding pending commit to queue","0040_index_cookies_table"]
[31956][1784860245598][requester][info]["Migrations: Starting migration","0041_update_collections_folder_request_response_with_owner_and_uid"]
[31956][1784860245598][requester][info]["Migrations: Flushing pending migrations for","0041_update_collections_folder_request_response_with_owner_and_uid"]
[31956][1784860245598][requester][info]["Migrations: Flushing pending commit for type","IndexeddbSchemaMigration"]
[31956][1784860245598][requester][info]["Migrations: Committing IndexedDB upgrade"]
[31956][1784860245637][requester][info]["Migrations: Updating status in migration context",{"0000_initial":"finished","0001_add_archived_resources_table":"finished","0002_add_variable_sessions_table":"finished","0003_add_editor_tables":"finished","0004_migrate_ws_session_data":"finished","0005_cleanup_request_response_and_history_body":"finished","0006_add_dbp_to_request_response_and_history":"finished","0007_add_sync_client_buckets_by_order_id_table":"finished","0008_migrate_to_sync_client_buckets_by_order_id":"finished","0009_remove_sync_client_buckets_table":"finished","0010_add_history_owner":"finished","0011_add_history_response_table":"finished","0012_add_user_data_table":"finished","0013_sanitize_request_response_and_history_methods":"finished","0014_sanitize_response_requestobject_rawmodedata":"finished","0015_add_favorited_collections_table":"finished","0016_add_permission_table":"finished","0017_add_user_preferences_table":"finished","0018_index_header_presets":"finished","0019_migrate_favorite_collections_data":"finished","0020_migrate_sync_client_revision":"finished","0021_clear_permissions":"finished","0022_add_workspace_header_presets":"finished","0023_remove_collection_permissions_and_shared":"finished","0024_add_console_timelines_table":"finished","0025_add_console_events_table":"finished","0026_index_console_events":"finished","0027_add_console_blob_table":"finished","0028_add_runner_data_table":"finished","0029_add_api_schema_table":"finished","0030_migrate_collection_runs":"finished","0031_add_api_relation_table":"finished","0032_index_workspacesession_editor":"finished","0033_add_editor_data_cache_table":"finished","0034_migrate_editor_data":"finished","0035_remove_editors_table":"started","0036_add_auth_sessions_table":"started","0037_add_list_cache_table":"started","0038_add_cookies_table":"started","0039_add_runtime_preferences_table":"started","0040_index_cookies_table":"started"}]
[31956][1784860245639][requester][info]["Migrations: Updated status in migration context",{"0000_initial":"finished","0001_add_archived_resources_table":"finished","0002_add_variable_sessions_table":"finished","0003_add_editor_tables":"finished","0004_migrate_ws_session_data":"finished","0005_cleanup_request_response_and_history_body":"finished","0006_add_dbp_to_request_response_and_history":"finished","0007_add_sync_client_buckets_by_order_id_table":"finished","0008_migrate_to_sync_client_buckets_by_order_id":"finished","0009_remove_sync_client_buckets_table":"finished","0010_add_history_owner":"finished","0011_add_history_response_table":"finished","0012_add_user_data_table":"finished","0013_sanitize_request_response_and_history_methods":"finished","0014_sanitize_response_requestobject_rawmodedata":"finished","0015_add_favorited_collections_table":"finished","0016_add_permission_table":"finished","0017_add_user_preferences_table":"finished","0018_index_header_presets":"finished","0019_migrate_favorite_collections_data":"finished","0020_migrate_sync_client_revision":"finished","0021_clear_permissions":"finished","0022_add_workspace_header_presets":"finished","0023_remove_collection_permissions_and_shared":"finished","0024_add_console_timelines_table":"finished","0025_add_console_events_table":"finished","0026_index_console_events":"finished","0027_add_console_blob_table":"finished","0028_add_runner_data_table":"finished","0029_add_api_schema_table":"finished","0030_migrate_collection_runs":"finished","0031_add_api_relation_table":"finished","0032_index_workspacesession_editor":"finished","0033_add_editor_data_cache_table":"finished","0034_migrate_editor_data":"finished","0035_remove_editors_table":"finished","0036_add_auth_sessions_table":"finished","0037_add_list_cache_table":"finished","0038_add_cookies_table":"finished","0039_add_runtime_preferences_table":"finished","0040_index_cookies_table":"finished"}]
[31956][1784860245640][requester][info]["Migrations: Setting context before starting migration","0041_update_collections_folder_request_response_with_owner_and_uid",{"0000_initial":"finished","0001_add_archived_resources_table":"finished","0002_add_variable_sessions_table":"finished","0003_add_editor_tables":"finished","0004_migrate_ws_session_data":"finished","0005_cleanup_request_response_and_history_body":"finished","0006_add_dbp_to_request_response_and_history":"finished","0007_add_sync_client_buckets_by_order_id_table":"finished","0008_migrate_to_sync_client_buckets_by_order_id":"finished","0009_remove_sync_client_buckets_table":"finished","0010_add_history_owner":"finished","0011_add_history_response_table":"finished","0012_add_user_data_table":"finished","0013_sanitize_request_response_and_history_methods":"finished","0014_sanitize_response_requestobject_rawmodedata":"finished","0015_add_favorited_collections_table":"finished","0016_add_permission_table":"finished","0017_add_user_preferences_table":"finished","0018_index_header_presets":"finished","0019_migrate_favorite_collections_data":"finished","0020_migrate_sync_client_revision":"finished","0021_clear_permissions":"finished","0022_add_workspace_header_presets":"finished","0023_remove_collection_permissions_and_shared":"finished","0024_add_console_timelines_table":"finished","0025_add_console_events_table":"finished","0026_index_console_events":"finished","0027_add_console_blob_table":"finished","0028_add_runner_data_table":"finished","0029_add_api_schema_table":"finished","0030_migrate_collection_runs":"finished","0031_add_api_relation_table":"finished","0032_index_workspacesession_editor":"finished","0033_add_editor_data_cache_table":"finished","0034_migrate_editor_data":"finished","0035_remove_editors_table":"finished","0036_add_auth_sessions_table":"finished","0037_add_list_cache_table":"finished","0038_add_cookies_table":"finished","0039_add_runtime_preferences_table":"finished","0040_index_cookies_table":"finished","0041_update_collections_folder_request_response_with_owner_and_uid":"started"}]
[31956][1784860245640][requester][info]["Migrations: Applying migration","0041_update_collections_folder_request_response_with_owner_and_uid"]
[31956][1784860245641][requester][info]["Migrations: Processing IndexedDB data migration","0041_update_collections_folder_request_response_with_owner_and_uid"]
[31956][1784860245644][requester][info]["Migrations: Saving migration context after completion","0041_update_collections_folder_request_response_with_owner_and_uid",{"0000_initial":"finished","0001_add_archived_resources_table":"finished","0002_add_variable_sessions_table":"finished","0003_add_editor_tables":"finished","0004_migrate_ws_session_data":"finished","0005_cleanup_request_response_and_history_body":"finished","0006_add_dbp_to_request_response_and_history":"finished","0007_add_sync_client_buckets_by_order_id_table":"finished","0008_migrate_to_sync_client_buckets_by_order_id":"finished","0009_remove_sync_client_buckets_table":"finished","0010_add_history_owner":"finished","0011_add_history_response_table":"finished","0012_add_user_data_table":"finished","0013_sanitize_request_response_and_history_methods":"finished","0014_sanitize_response_requestobject_rawmodedata":"finished","0015_add_favorited_collections_table":"finished","0016_add_permission_table":"finished","0017_add_user_preferences_table":"finished","0018_index_header_presets":"finished","0019_migrate_favorite_collections_data":"finished","0020_migrate_sync_client_revision":"finished","0021_clear_permissions":"finished","0022_add_workspace_header_presets":"finished","0023_remove_collection_permissions_and_shared":"finished","0024_add_console_timelines_table":"finished","0025_add_console_events_table":"finished","0026_index_console_events":"finished","0027_add_console_blob_table":"finished","0028_add_runner_data_table":"finished","0029_add_api_schema_table":"finished","0030_migrate_collection_runs":"finished","0031_add_api_relation_table":"finished","0032_index_workspacesession_editor":"finished","0033_add_editor_data_cache_table":"finished","0034_migrate_editor_data":"finished","0035_remove_editors_table":"finished","0036_add_auth_sessions_table":"finished","0037_add_list_cache_table":"finished","0038_add_cookies_table":"finished","0039_add_runtime_preferences_table":"finished","0040_index_cookies_table":"finished","0041_update_collections_folder_request_response_with_owner_and_uid":"started"}]
[31956][1784860245645][requester][info]["Migrations: Starting migration","0042_migrate_runtime_user_preferences"]
[31956][1784860245646][requester][info]["Migrations: Flushing pending migrations for","0042_migrate_runtime_user_preferences"]
[31956][1784860245646][requester][info]["Migrations: Updating status in migration context",{"0000_initial":"finished","0001_add_archived_resources_table":"finished","0002_add_variable_sessions_table":"finished","0003_add_editor_tables":"finished","0004_migrate_ws_session_data":"finished","0005_cleanup_request_response_and_history_body":"finished","0006_add_dbp_to_request_response_and_history":"finished","0007_add_sync_client_buckets_by_order_id_table":"finished","0008_migrate_to_sync_client_buckets_by_order_id":"finished","0009_remove_sync_client_buckets_table":"finished","0010_add_history_owner":"finished","0011_add_history_response_table":"finished","0012_add_user_data_table":"finished","0013_sanitize_request_response_and_history_methods":"finished","0014_sanitize_response_requestobject_rawmodedata":"finished","0015_add_favorited_collections_table":"finished","0016_add_permission_table":"finished","0017_add_user_preferences_table":"finished","0018_index_header_presets":"finished","0019_migrate_favorite_collections_data":"finished","0020_migrate_sync_client_revision":"finished","0021_clear_permissions":"finished","0022_add_workspace_header_presets":"finished","0023_remove_collection_permissions_and_shared":"finished","0024_add_console_timelines_table":"finished","0025_add_console_events_table":"finished","0026_index_console_events":"finished","0027_add_console_blob_table":"finished","0028_add_runner_data_table":"finished","0029_add_api_schema_table":"finished","0030_migrate_collection_runs":"finished","0031_add_api_relation_table":"finished","0032_index_workspacesession_editor":"finished","0033_add_editor_data_cache_table":"finished","0034_migrate_editor_data":"finished","0035_remove_editors_table":"finished","0036_add_auth_sessions_table":"finished","0037_add_list_cache_table":"finished","0038_add_cookies_table":"finished","0039_add_runtime_preferences_table":"finished","0040_index_cookies_table":"finished","0041_update_collections_folder_request_response_with_owner_and_uid":"finished"}]
[31956][1784860245646][requester][info]["Migrations: Updated status in migration context",{"0000_initial":"finished","0001_add_archived_resources_table":"finished","0002_add_variable_sessions_table":"finished","0003_add_editor_tables":"finished","0004_migrate_ws_session_data":"finished","0005_cleanup_request_response_and_history_body":"finished","0006_add_dbp_to_request_response_and_history":"finished","0007_add_sync_client_buckets_by_order_id_table":"finished","0008_migrate_to_sync_client_buckets_by_order_id":"finished","0009_remove_sync_client_buckets_table":"finished","0010_add_history_owner":"finished","0011_add_history_response_table":"finished","0012_add_user_data_table":"finished","0013_sanitize_request_response_and_history_methods":"finished","0014_sanitize_response_requestobject_rawmodedata":"finished","0015_add_favorited_collections_table":"finished","0016_add_permission_table":"finished","0017_add_user_preferences_table":"finished","0018_index_header_presets":"finished","0019_migrate_favorite_collections_data":"finished","0020_migrate_sync_client_revision":"finished","0021_clear_permissions":"finished","0022_add_workspace_header_presets":"finished","0023_remove_collection_permissions_and_shared":"finished","0024_add_console_timelines_table":"finished","0025_add_console_events_table":"finished","0026_index_console_events":"finished","0027_add_console_blob_table":"finished","0028_add_runner_data_table":"finished","0029_add_api_schema_table":"finished","0030_migrate_collection_runs":"finished","0031_add_api_relation_table":"finished","0032_index_workspacesession_editor":"finished","0033_add_editor_data_cache_table":"finished","0034_migrate_editor_data":"finished","0035_remove_editors_table":"finished","0036_add_auth_sessions_table":"finished","0037_add_list_cache_table":"finished","0038_add_cookies_table":"finished","0039_add_runtime_preferences_table":"finished","0040_index_cookies_table":"finished","0041_update_collections_folder_request_response_with_owner_and_uid":"finished"}]
[31956][1784860245647][requester][info]["Migrations: Setting context before starting migration","0042_migrate_runtime_user_preferences",{"0000_initial":"finished","0001_add_archived_resources_table":"finished","0002_add_variable_sessions_table":"finished","0003_add_editor_tables":"finished","0004_migrate_ws_session_data":"finished","0005_cleanup_request_response_and_history_body":"finished","0006_add_dbp_to_request_response_and_history":"finished","0007_add_sync_client_buckets_by_order_id_table":"finished","0008_migrate_to_sync_client_buckets_by_order_id":"finished","0009_remove_sync_client_buckets_table":"finished","0010_add_history_owner":"finished","0011_add_history_response_table":"finished","0012_add_user_data_table":"finished","0013_sanitize_request_response_and_history_methods":"finished","0014_sanitize_response_requestobject_rawmodedata":"finished","0015_add_favorited_collections_table":"finished","0016_add_permission_table":"finished","0017_add_user_preferences_table":"finished","0018_index_header_presets":"finished","0019_migrate_favorite_collections_data":"finished","0020_migrate_sync_client_revision":"finished","0021_clear_permissions":"finished","0022_add_workspace_header_presets":"finished","0023_remove_collection_permissions_and_shared":"finished","0024_add_console_timelines_table":"finished","0025_add_console_events_table":"finished","0026_index_console_events":"finished","0027_add_console_blob_table":"finished","0028_add_runner_data_table":"finished","0029_add_api_schema_table":"finished","0030_migrate_collection_runs":"finished","0031_add_api_relation_table":"finished","0032_index_workspacesession_editor":"finished","0033_add_editor_data_cache_table":"finished","0034_migrate_editor_data":"finished","0035_remove_editors_table":"finished","0036_add_auth_sessions_table":"finished","0037_add_list_cache_table":"finished","0038_add_cookies_table":"finished","0039_add_runtime_preferences_table":"finished","0040_index_cookies_table":"finished","0041_update_collections_folder_request_response_with_owner_and_uid":"finished","0042_migrate_runtime_user_preferences":"started"}]
[31956][1784860245647][requester][info]["Migrations: Applying migration","0042_migrate_runtime_user_preferences"]
[31956][1784860245647][requester][info]["Migrations: Processing IndexedDB data migration","0042_migrate_runtime_user_preferences"]
[31956][1784860245653][requester][info]["Migration~RuntimeUserPreferences: Migrating Runtime Preferences"]
[31956][1784860245657][requester][info]["Migrations: Saving migration context after completion","0042_migrate_runtime_user_preferences",{"0000_initial":"finished","0001_add_archived_resources_table":"finished","0002_add_variable_sessions_table":"finished","0003_add_editor_tables":"finished","0004_migrate_ws_session_data":"finished","0005_cleanup_request_response_and_history_body":"finished","0006_add_dbp_to_request_response_and_history":"finished","0007_add_sync_client_buckets_by_order_id_table":"finished","0008_migrate_to_sync_client_buckets_by_order_id":"finished","0009_remove_sync_client_buckets_table":"finished","0010_add_history_owner":"finished","0011_add_history_response_table":"finished","0012_add_user_data_table":"finished","0013_sanitize_request_response_and_history_methods":"finished","0014_sanitize_response_requestobject_rawmodedata":"finished","0015_add_favorited_collections_table":"finished","0016_add_permission_table":"finished","0017_add_user_preferences_table":"finished","0018_index_header_presets":"finished","0019_migrate_favorite_collections_data":"finished","0020_migrate_sync_client_revision":"finished","0021_clear_permissions":"finished","0022_add_workspace_header_presets":"finished","0023_remove_collection_permissions_and_shared":"finished","0024_add_console_timelines_table":"finished","0025_add_console_events_table":"finished","0026_index_console_events":"finished","0027_add_console_blob_table":"finished","0028_add_runner_data_table":"finished","0029_add_api_schema_table":"finished","0030_migrate_collection_runs":"finished","0031_add_api_relation_table":"finished","0032_index_workspacesession_editor":"finished","0033_add_editor_data_cache_table":"finished","0034_migrate_editor_data":"finished","0035_remove_editors_table":"finished","0036_add_auth_sessions_table":"finished","0037_add_list_cache_table":"finished","0038_add_cookies_table":"finished","0039_add_runtime_preferences_table":"finished","0040_index_cookies_table":"finished","0041_update_collections_folder_request_response_with_owner_and_uid":"finished","0042_migrate_runtime_user_preferences":"started"}]
[31956][1784860245658][requester][info]["Migrations: Starting migration","0043_cleanup_launchpad_bootcamp"]
[31956][1784860245658][requester][info]["Migrations: Flushing pending migrations for","0043_cleanup_launchpad_bootcamp"]
[31956][1784860245659][requester][info]["Migrations: Updating status in migration context",{"0000_initial":"finished","0001_add_archived_resources_table":"finished","0002_add_variable_sessions_table":"finished","0003_add_editor_tables":"finished","0004_migrate_ws_session_data":"finished","0005_cleanup_request_response_and_history_body":"finished","0006_add_dbp_to_request_response_and_history":"finished","0007_add_sync_client_buckets_by_order_id_table":"finished","0008_migrate_to_sync_client_buckets_by_order_id":"finished","0009_remove_sync_client_buckets_table":"finished","0010_add_history_owner":"finished","0011_add_history_response_table":"finished","0012_add_user_data_table":"finished","0013_sanitize_request_response_and_history_methods":"finished","0014_sanitize_response_requestobject_rawmodedata":"finished","0015_add_favorited_collections_table":"finished","0016_add_permission_table":"finished","0017_add_user_preferences_table":"finished","0018_index_header_presets":"finished","0019_migrate_favorite_collections_data":"finished","0020_migrate_sync_client_revision":"finished","0021_clear_permissions":"finished","0022_add_workspace_header_presets":"finished","0023_remove_collection_permissions_and_shared":"finished","0024_add_console_timelines_table":"finished","0025_add_console_events_table":"finished","0026_index_console_events":"finished","0027_add_console_blob_table":"finished","0028_add_runner_data_table":"finished","0029_add_api_schema_table":"finished","0030_migrate_collection_runs":"finished","0031_add_api_relation_table":"finished","0032_index_workspacesession_editor":"finished","0033_add_editor_data_cache_table":"finished","0034_migrate_editor_data":"finished","0035_remove_editors_table":"finished","0036_add_auth_sessions_table":"finished","0037_add_list_cache_table":"finished","0038_add_cookies_table":"finished","0039_add_runtime_preferences_table":"finished","0040_index_cookies_table":"finished","0041_update_collections_folder_request_response_with_owner_and_uid":"finished","0042_migrate_runtime_user_preferences":"finished"}]
[31956][1784860245660][requester][info]["Migrations: Updated status in migration context",{"0000_initial":"finished","0001_add_archived_resources_table":"finished","0002_add_variable_sessions_table":"finished","0003_add_editor_tables":"finished","0004_migrate_ws_session_data":"finished","0005_cleanup_request_response_and_history_body":"finished","0006_add_dbp_to_request_response_and_history":"finished","0007_add_sync_client_buckets_by_order_id_table":"finished","0008_migrate_to_sync_client_buckets_by_order_id":"finished","0009_remove_sync_client_buckets_table":"finished","0010_add_history_owner":"finished","0011_add_history_response_table":"finished","0012_add_user_data_table":"finished","0013_sanitize_request_response_and_history_methods":"finished","0014_sanitize_response_requestobject_rawmodedata":"finished","0015_add_favorited_collections_table":"finished","0016_add_permission_table":"finished","0017_add_user_preferences_table":"finished","0018_index_header_presets":"finished","0019_migrate_favorite_collections_data":"finished","0020_migrate_sync_client_revision":"finished","0021_clear_permissions":"finished","0022_add_workspace_header_presets":"finished","0023_remove_collection_permissions_and_shared":"finished","0024_add_console_timelines_table":"finished","0025_add_console_events_table":"finished","0026_index_console_events":"finished","0027_add_console_blob_table":"finished","0028_add_runner_data_table":"finished","0029_add_api_schema_table":"finished","0030_migrate_collection_runs":"finished","0031_add_api_relation_table":"finished","0032_index_workspacesession_editor":"finished","0033_add_editor_data_cache_table":"finished","0034_migrate_editor_data":"finished","0035_remove_editors_table":"finished","0036_add_auth_sessions_table":"finished","0037_add_list_cache_table":"finished","0038_add_cookies_table":"finished","0039_add_runtime_preferences_table":"finished","0040_index_cookies_table":"finished","0041_update_collections_folder_request_response_with_owner_and_uid":"finished","0042_migrate_runtime_user_preferences":"finished"}]
[31956][1784860245660][requester][info]["Migrations: Setting context before starting migration","0043_cleanup_launchpad_bootcamp",{"0000_initial":"finished","0001_add_archived_resources_table":"finished","0002_add_variable_sessions_table":"finished","0003_add_editor_tables":"finished","0004_migrate_ws_session_data":"finished","0005_cleanup_request_response_and_history_body":"finished","0006_add_dbp_to_request_response_and_history":"finished","0007_add_sync_client_buckets_by_order_id_table":"finished","0008_migrate_to_sync_client_buckets_by_order_id":"finished","0009_remove_sync_client_buckets_table":"finished","0010_add_history_owner":"finished","0011_add_history_response_table":"finished","0012_add_user_data_table":"finished","0013_sanitize_request_response_and_history_methods":"finished","0014_sanitize_response_requestobject_rawmodedata":"finished","0015_add_favorited_collections_table":"finished","0016_add_permission_table":"finished","0017_add_user_preferences_table":"finished","0018_index_header_presets":"finished","0019_migrate_favorite_collections_data":"finished","0020_migrate_sync_client_revision":"finished","0021_clear_permissions":"finished","0022_add_workspace_header_presets":"finished","0023_remove_collection_permissions_and_shared":"finished","0024_add_console_timelines_table":"finished","0025_add_console_events_table":"finished","0026_index_console_events":"finished","0027_add_console_blob_table":"finished","0028_add_runner_data_table":"finished","0029_add_api_schema_table":"finished","0030_migrate_collection_runs":"finished","0031_add_api_relation_table":"finished","0032_index_workspacesession_editor":"finished","0033_add_editor_data_cache_table":"finished","0034_migrate_editor_data":"finished","0035_remove_editors_table":"finished","0036_add_auth_sessions_table":"finished","0037_add_list_cache_table":"finished","0038_add_cookies_table":"finished","0039_add_runtime_preferences_table":"finished","0040_index_cookies_table":"finished","0041_update_collections_folder_request_response_with_owner_and_uid":"finished","0042_migrate_runtime_user_preferences":"finished","0043_cleanup_launchpad_bootcamp":"started"}]
[31956][1784860245661][requester][info]["Migrations: Applying migration","0043_cleanup_launchpad_bootcamp"]
[31956][1784860245661][requester][info]["Migrations: Processing IndexedDB data migration","0043_cleanup_launchpad_bootcamp"]
[31956][1784860245664][requester][info]["Migration~CleanupLaunchpadAndBootcamp: Cleaning up references of launchpad and bootcamp"]
[31956][1784860245666][requester][info]["Migrations: Saving migration context after completion","0043_cleanup_launchpad_bootcamp",{"0000_initial":"finished","0001_add_archived_resources_table":"finished","0002_add_variable_sessions_table":"finished","0003_add_editor_tables":"finished","0004_migrate_ws_session_data":"finished","0005_cleanup_request_response_and_history_body":"finished","0006_add_dbp_to_request_response_and_history":"finished","0007_add_sync_client_buckets_by_order_id_table":"finished","0008_migrate_to_sync_client_buckets_by_order_id":"finished","0009_remove_sync_client_buckets_table":"finished","0010_add_history_owner":"finished","0011_add_history_response_table":"finished","0012_add_user_data_table":"finished","0013_sanitize_request_response_and_history_methods":"finished","0014_sanitize_response_requestobject_rawmodedata":"finished","0015_add_favorited_collections_table":"finished","0016_add_permission_table":"finished","0017_add_user_preferences_table":"finished","0018_index_header_presets":"finished","0019_migrate_favorite_collections_data":"finished","0020_migrate_sync_client_revision":"finished","0021_clear_permissions":"finished","0022_add_workspace_header_presets":"finished","0023_remove_collection_permissions_and_shared":"finished","0024_add_console_timelines_table":"finished","0025_add_console_events_table":"finished","0026_index_console_events":"finished","0027_add_console_blob_table":"finished","0028_add_runner_data_table":"finished","0029_add_api_schema_table":"finished","0030_migrate_collection_runs":"finished","0031_add_api_relation_table":"finished","0032_index_workspacesession_editor":"finished","0033_add_editor_data_cache_table":"finished","0034_migrate_editor_data":"finished","0035_remove_editors_table":"finished","0036_add_auth_sessions_table":"finished","0037_add_list_cache_table":"finished","0038_add_cookies_table":"finished","0039_add_runtime_preferences_table":"finished","0040_index_cookies_table":"finished","0041_update_collections_folder_request_response_with_owner_and_uid":"finished","0042_migrate_runtime_user_preferences":"finished","0043_cleanup_launchpad_bootcamp":"started"}]
[31956][1784860245668][requester][info]["Migrations: Starting migration","0044_migrate_tab_resource"]
[31956][1784860245668][requester][info]["Migrations: Flushing pending migrations for","0044_migrate_tab_resource"]
[31956][1784860245668][requester][info]["Migrations: Updating status in migration context",{"0000_initial":"finished","0001_add_archived_resources_table":"finished","0002_add_variable_sessions_table":"finished","0003_add_editor_tables":"finished","0004_migrate_ws_session_data":"finished","0005_cleanup_request_response_and_history_body":"finished","0006_add_dbp_to_request_response_and_history":"finished","0007_add_sync_client_buckets_by_order_id_table":"finished","0008_migrate_to_sync_client_buckets_by_order_id":"finished","0009_remove_sync_client_buckets_table":"finished","0010_add_history_owner":"finished","0011_add_history_response_table":"finished","0012_add_user_data_table":"finished","0013_sanitize_request_response_and_history_methods":"finished","0014_sanitize_response_requestobject_rawmodedata":"finished","0015_add_favorited_collections_table":"finished","0016_add_permission_table":"finished","0017_add_user_preferences_table":"finished","0018_index_header_presets":"finished","0019_migrate_favorite_collections_data":"finished","0020_migrate_sync_client_revision":"finished","0021_clear_permissions":"finished","0022_add_workspace_header_presets":"finished","0023_remove_collection_permissions_and_shared":"finished","0024_add_console_timelines_table":"finished","0025_add_console_events_table":"finished","0026_index_console_events":"finished","0027_add_console_blob_table":"finished","0028_add_runner_data_table":"finished","0029_add_api_schema_table":"finished","0030_migrate_collection_runs":"finished","0031_add_api_relation_table":"finished","0032_index_workspacesession_editor":"finished","0033_add_editor_data_cache_table":"finished","0034_migrate_editor_data":"finished","0035_remove_editors_table":"finished","0036_add_auth_sessions_table":"finished","0037_add_list_cache_table":"finished","0038_add_cookies_table":"finished","0039_add_runtime_preferences_table":"finished","0040_index_cookies_table":"finished","0041_update_collections_folder_request_response_with_owner_and_uid":"finished","0042_migrate_runtime_user_preferences":"finished","0043_cleanup_launchpad_bootcamp":"finished"}]
[31956][1784860245669][requester][info]["Migrations: Updated status in migration context",{"0000_initial":"finished","0001_add_archived_resources_table":"finished","0002_add_variable_sessions_table":"finished","0003_add_editor_tables":"finished","0004_migrate_ws_session_data":"finished","0005_cleanup_request_response_and_history_body":"finished","0006_add_dbp_to_request_response_and_history":"finished","0007_add_sync_client_buckets_by_order_id_table":"finished","0008_migrate_to_sync_client_buckets_by_order_id":"finished","0009_remove_sync_client_buckets_table":"finished","0010_add_history_owner":"finished","0011_add_history_response_table":"finished","0012_add_user_data_table":"finished","0013_sanitize_request_response_and_history_methods":"finished","0014_sanitize_response_requestobject_rawmodedata":"finished","0015_add_favorited_collections_table":"finished","0016_add_permission_table":"finished","0017_add_user_preferences_table":"finished","0018_index_header_presets":"finished","0019_migrate_favorite_collections_data":"finished","0020_migrate_sync_client_revision":"finished","0021_clear_permissions":"finished","0022_add_workspace_header_presets":"finished","0023_remove_collection_permissions_and_shared":"finished","0024_add_console_timelines_table":"finished","0025_add_console_events_table":"finished","0026_index_console_events":"finished","0027_add_console_blob_table":"finished","0028_add_runner_data_table":"finished","0029_add_api_schema_table":"finished","0030_migrate_collection_runs":"finished","0031_add_api_relation_table":"finished","0032_index_workspacesession_editor":"finished","0033_add_editor_data_cache_table":"finished","0034_migrate_editor_data":"finished","0035_remove_editors_table":"finished","0036_add_auth_sessions_table":"finished","0037_add_list_cache_table":"finished","0038_add_cookies_table":"finished","0039_add_runtime_preferences_table":"finished","0040_index_cookies_table":"finished","0041_update_collections_folder_request_response_with_owner_and_uid":"finished","0042_migrate_runtime_user_preferences":"finished","0043_cleanup_launchpad_bootcamp":"finished"}]
[31956][1784860245670][requester][info]["Migrations: Setting context before starting migration","0044_migrate_tab_resource",{"0000_initial":"finished","0001_add_archived_resources_table":"finished","0002_add_variable_sessions_table":"finished","0003_add_editor_tables":"finished","0004_migrate_ws_session_data":"finished","0005_cleanup_request_response_and_history_body":"finished","0006_add_dbp_to_request_response_and_history":"finished","0007_add_sync_client_buckets_by_order_id_table":"finished","0008_migrate_to_sync_client_buckets_by_order_id":"finished","0009_remove_sync_client_buckets_table":"finished","0010_add_history_owner":"finished","0011_add_history_response_table":"finished","0012_add_user_data_table":"finished","0013_sanitize_request_response_and_history_methods":"finished","0014_sanitize_response_requestobject_rawmodedata":"finished","0015_add_favorited_collections_table":"finished","0016_add_permission_table":"finished","0017_add_user_preferences_table":"finished","0018_index_header_presets":"finished","0019_migrate_favorite_collections_data":"finished","0020_migrate_sync_client_revision":"finished","0021_clear_permissions":"finished","0022_add_workspace_header_presets":"finished","0023_remove_collection_permissions_and_shared":"finished","0024_add_console_timelines_table":"finished","0025_add_console_events_table":"finished","0026_index_console_events":"finished","0027_add_console_blob_table":"finished","0028_add_runner_data_table":"finished","0029_add_api_schema_table":"finished","0030_migrate_collection_runs":"finished","0031_add_api_relation_table":"finished","0032_index_workspacesession_editor":"finished","0033_add_editor_data_cache_table":"finished","0034_migrate_editor_data":"finished","0035_remove_editors_table":"finished","0036_add_auth_sessions_table":"finished","0037_add_list_cache_table":"finished","0038_add_cookies_table":"finished","0039_add_runtime_preferences_table":"finished","0040_index_cookies_table":"finished","0041_update_collections_folder_request_response_with_owner_and_uid":"finished","0042_migrate_runtime_user_preferences":"finished","0043_cleanup_launchpad_bootcamp":"finished","0044_migrate_tab_resource":"started"}]
[31956][1784860245671][requester][info]["Migrations: Applying migration","0044_migrate_tab_resource"]
[31956][1784860245672][requester][info]["Migrations: Processing IndexedDB data migration","0044_migrate_tab_resource"]
[31956][1784860245675][requester][info]["MigrateTabResource: Updating the older tab resource to newer format"]
[31956][1784860245678][requester][info]["Migrations: Saving migration context after completion","0044_migrate_tab_resource",{"0000_initial":"finished","0001_add_archived_resources_table":"finished","0002_add_variable_sessions_table":"finished","0003_add_editor_tables":"finished","0004_migrate_ws_session_data":"finished","0005_cleanup_request_response_and_history_body":"finished","0006_add_dbp_to_request_response_and_history":"finished","0007_add_sync_client_buckets_by_order_id_table":"finished","0008_migrate_to_sync_client_buckets_by_order_id":"finished","0009_remove_sync_client_buckets_table":"finished","0010_add_history_owner":"finished","0011_add_history_response_table":"finished","0012_add_user_data_table":"finished","0013_sanitize_request_response_and_history_methods":"finished","0014_sanitize_response_requestobject_rawmodedata":"finished","0015_add_favorited_collections_table":"finished","0016_add_permission_table":"finished","0017_add_user_preferences_table":"finished","0018_index_header_presets":"finished","0019_migrate_favorite_collections_data":"finished","0020_migrate_sync_client_revision":"finished","0021_clear_permissions":"finished","0022_add_workspace_header_presets":"finished","0023_remove_collection_permissions_and_shared":"finished","0024_add_console_timelines_table":"finished","0025_add_console_events_table":"finished","0026_index_console_events":"finished","0027_add_console_blob_table":"finished","0028_add_runner_data_table":"finished","0029_add_api_schema_table":"finished","0030_migrate_collection_runs":"finished","0031_add_api_relation_table":"finished","0032_index_workspacesession_editor":"finished","0033_add_editor_data_cache_table":"finished","0034_migrate_editor_data":"finished","0035_remove_editors_table":"finished","0036_add_auth_sessions_table":"finished","0037_add_list_cache_table":"finished","0038_add_cookies_table":"finished","0039_add_runtime_preferences_table":"finished","0040_index_cookies_table":"finished","0041_update_collections_folder_request_response_with_owner_and_uid":"finished","0042_migrate_runtime_user_preferences":"finished","0043_cleanup_launchpad_bootcamp":"finished","0044_migrate_tab_resource":"started"}]
[31956][1784860245679][requester][info]["Migrations: Starting migration","0045_add_runtime_entity_settings_table"]
[31956][1784860245680][requester][info]["Migrations: Setting context before starting migration","0045_add_runtime_entity_settings_table",{"0000_initial":"finished","0001_add_archived_resources_table":"finished","0002_add_variable_sessions_table":"finished","0003_add_editor_tables":"finished","0004_migrate_ws_session_data":"finished","0005_cleanup_request_response_and_history_body":"finished","0006_add_dbp_to_request_response_and_history":"finished","0007_add_sync_client_buckets_by_order_id_table":"finished","0008_migrate_to_sync_client_buckets_by_order_id":"finished","0009_remove_sync_client_buckets_table":"finished","0010_add_history_owner":"finished","0011_add_history_response_table":"finished","0012_add_user_data_table":"finished","0013_sanitize_request_response_and_history_methods":"finished","0014_sanitize_response_requestobject_rawmodedata":"finished","0015_add_favorited_collections_table":"finished","0016_add_permission_table":"finished","0017_add_user_preferences_table":"finished","0018_index_header_presets":"finished","0019_migrate_favorite_collections_data":"finished","0020_migrate_sync_client_revision":"finished","0021_clear_permissions":"finished","0022_add_workspace_header_presets":"finished","0023_remove_collection_permissions_and_shared":"finished","0024_add_console_timelines_table":"finished","0025_add_console_events_table":"finished","0026_index_console_events":"finished","0027_add_console_blob_table":"finished","0028_add_runner_data_table":"finished","0029_add_api_schema_table":"finished","0030_migrate_collection_runs":"finished","0031_add_api_relation_table":"finished","0032_index_workspacesession_editor":"finished","0033_add_editor_data_cache_table":"finished","0034_migrate_editor_data":"finished","0035_remove_editors_table":"finished","0036_add_auth_sessions_table":"finished","0037_add_list_cache_table":"finished","0038_add_cookies_table":"finished","0039_add_runtime_preferences_table":"finished","0040_index_cookies_table":"finished","0041_update_collections_folder_request_response_with_owner_and_uid":"finished","0042_migrate_runtime_user_preferences":"finished","0043_cleanup_launchpad_bootcamp":"finished","0044_migrate_tab_resource":"finished","0045_add_runtime_entity_settings_table":"started"}]
[31956][1784860245680][requester][info]["Migrations: Applying migration","0045_add_runtime_entity_settings_table"]
[31956][1784860245681][requester][info]["Migrations: Upgrading IndexedDB to version","0045_add_runtime_entity_settings_table",28]
[31956][1784860245681][requester][info]["Migrations: Adding pending commit to queue","0045_add_runtime_entity_settings_table"]
[31956][1784860245682][requester][info]["Migrations: Starting migration","0046_migrate_responses_order"]
[31956][1784860245682][requester][info]["Migrations: Flushing pending migrations for","0046_migrate_responses_order"]
[31956][1784860245682][requester][info]["Migrations: Flushing pending commit for type","IndexeddbSchemaMigration"]
[31956][1784860245682][requester][info]["Migrations: Committing IndexedDB upgrade"]
[31956][1784860245692][requester][info]["Migrations: Updating status in migration context",{"0000_initial":"finished","0001_add_archived_resources_table":"finished","0002_add_variable_sessions_table":"finished","0003_add_editor_tables":"finished","0004_migrate_ws_session_data":"finished","0005_cleanup_request_response_and_history_body":"finished","0006_add_dbp_to_request_response_and_history":"finished","0007_add_sync_client_buckets_by_order_id_table":"finished","0008_migrate_to_sync_client_buckets_by_order_id":"finished","0009_remove_sync_client_buckets_table":"finished","0010_add_history_owner":"finished","0011_add_history_response_table":"finished","0012_add_user_data_table":"finished","0013_sanitize_request_response_and_history_methods":"finished","0014_sanitize_response_requestobject_rawmodedata":"finished","0015_add_favorited_collections_table":"finished","0016_add_permission_table":"finished","0017_add_user_preferences_table":"finished","0018_index_header_presets":"finished","0019_migrate_favorite_collections_data":"finished","0020_migrate_sync_client_revision":"finished","0021_clear_permissions":"finished","0022_add_workspace_header_presets":"finished","0023_remove_collection_permissions_and_shared":"finished","0024_add_console_timelines_table":"finished","0025_add_console_events_table":"finished","0026_index_console_events":"finished","0027_add_console_blob_table":"finished","0028_add_runner_data_table":"finished","0029_add_api_schema_table":"finished","0030_migrate_collection_runs":"finished","0031_add_api_relation_table":"finished","0032_index_workspacesession_editor":"finished","0033_add_editor_data_cache_table":"finished","0034_migrate_editor_data":"finished","0035_remove_editors_table":"finished","0036_add_auth_sessions_table":"finished","0037_add_list_cache_table":"finished","0038_add_cookies_table":"finished","0039_add_runtime_preferences_table":"finished","0040_index_cookies_table":"finished","0041_update_collections_folder_request_response_with_owner_and_uid":"finished","0042_migrate_runtime_user_preferences":"finished","0043_cleanup_launchpad_bootcamp":"finished","0044_migrate_tab_resource":"finished","0045_add_runtime_entity_settings_table":"started"}]
[31956][1784860245693][requester][info]["Migrations: Updated status in migration context",{"0000_initial":"finished","0001_add_archived_resources_table":"finished","0002_add_variable_sessions_table":"finished","0003_add_editor_tables":"finished","0004_migrate_ws_session_data":"finished","0005_cleanup_request_response_and_history_body":"finished","0006_add_dbp_to_request_response_and_history":"finished","0007_add_sync_client_buckets_by_order_id_table":"finished","0008_migrate_to_sync_client_buckets_by_order_id":"finished","0009_remove_sync_client_buckets_table":"finished","0010_add_history_owner":"finished","0011_add_history_response_table":"finished","0012_add_user_data_table":"finished","0013_sanitize_request_response_and_history_methods":"finished","0014_sanitize_response_requestobject_rawmodedata":"finished","0015_add_favorited_collections_table":"finished","0016_add_permission_table":"finished","0017_add_user_preferences_table":"finished","0018_index_header_presets":"finished","0019_migrate_favorite_collections_data":"finished","0020_migrate_sync_client_revision":"finished","0021_clear_permissions":"finished","0022_add_workspace_header_presets":"finished","0023_remove_collection_permissions_and_shared":"finished","0024_add_console_timelines_table":"finished","0025_add_console_events_table":"finished","0026_index_console_events":"finished","0027_add_console_blob_table":"finished","0028_add_runner_data_table":"finished","0029_add_api_schema_table":"finished","0030_migrate_collection_runs":"finished","0031_add_api_relation_table":"finished","0032_index_workspacesession_editor":"finished","0033_add_editor_data_cache_table":"finished","0034_migrate_editor_data":"finished","0035_remove_editors_table":"finished","0036_add_auth_sessions_table":"finished","0037_add_list_cache_table":"finished","0038_add_cookies_table":"finished","0039_add_runtime_preferences_table":"finished","0040_index_cookies_table":"finished","0041_update_collections_folder_request_response_with_owner_and_uid":"finished","0042_migrate_runtime_user_preferences":"finished","0043_cleanup_launchpad_bootcamp":"finished","0044_migrate_tab_resource":"finished","0045_add_runtime_entity_settings_table":"finished"}]
[31956][1784860245694][requester][info]["Migrations: Setting context before starting migration","0046_migrate_responses_order",{"0000_initial":"finished","0001_add_archived_resources_table":"finished","0002_add_variable_sessions_table":"finished","0003_add_editor_tables":"finished","0004_migrate_ws_session_data":"finished","0005_cleanup_request_response_and_history_body":"finished","0006_add_dbp_to_request_response_and_history":"finished","0007_add_sync_client_buckets_by_order_id_table":"finished","0008_migrate_to_sync_client_buckets_by_order_id":"finished","0009_remove_sync_client_buckets_table":"finished","0010_add_history_owner":"finished","0011_add_history_response_table":"finished","0012_add_user_data_table":"finished","0013_sanitize_request_response_and_history_methods":"finished","0014_sanitize_response_requestobject_rawmodedata":"finished","0015_add_favorited_collections_table":"finished","0016_add_permission_table":"finished","0017_add_user_preferences_table":"finished","0018_index_header_presets":"finished","0019_migrate_favorite_collections_data":"finished","0020_migrate_sync_client_revision":"finished","0021_clear_permissions":"finished","0022_add_workspace_header_presets":"finished","0023_remove_collection_permissions_and_shared":"finished","0024_add_console_timelines_table":"finished","0025_add_console_events_table":"finished","0026_index_console_events":"finished","0027_add_console_blob_table":"finished","0028_add_runner_data_table":"finished","0029_add_api_schema_table":"finished","0030_migrate_collection_runs":"finished","0031_add_api_relation_table":"finished","0032_index_workspacesession_editor":"finished","0033_add_editor_data_cache_table":"finished","0034_migrate_editor_data":"finished","0035_remove_editors_table":"finished","0036_add_auth_sessions_table":"finished","0037_add_list_cache_table":"finished","0038_add_cookies_table":"finished","0039_add_runtime_preferences_table":"finished","0040_index_cookies_table":"finished","0041_update_collections_folder_request_response_with_owner_and_uid":"finished","0042_migrate_runtime_user_preferences":"finished","0043_cleanup_launchpad_bootcamp":"finished","0044_migrate_tab_resource":"finished","0045_add_runtime_entity_settings_table":"finished","0046_migrate_responses_order":"started"}]
[31956][1784860245694][requester][info]["Migrations: Applying migration","0046_migrate_responses_order"]
[31956][1784860245694][requester][info]["Migrations: Processing IndexedDB data migration","0046_migrate_responses_order"]
[31956][1784860245697][requester][info]["Migration~ResponsesOrder: Migrating Responses order"]
[31956][1784860245705][requester][info]["Migrations: Saving migration context after completion","0046_migrate_responses_order",{"0000_initial":"finished","0001_add_archived_resources_table":"finished","0002_add_variable_sessions_table":"finished","0003_add_editor_tables":"finished","0004_migrate_ws_session_data":"finished","0005_cleanup_request_response_and_history_body":"finished","0006_add_dbp_to_request_response_and_history":"finished","0007_add_sync_client_buckets_by_order_id_table":"finished","0008_migrate_to_sync_client_buckets_by_order_id":"finished","0009_remove_sync_client_buckets_table":"finished","0010_add_history_owner":"finished","0011_add_history_response_table":"finished","0012_add_user_data_table":"finished","0013_sanitize_request_response_and_history_methods":"finished","0014_sanitize_response_requestobject_rawmodedata":"finished","0015_add_favorited_collections_table":"finished","0016_add_permission_table":"finished","0017_add_user_preferences_table":"finished","0018_index_header_presets":"finished","0019_migrate_favorite_collections_data":"finished","0020_migrate_sync_client_revision":"finished","0021_clear_permissions":"finished","0022_add_workspace_header_presets":"finished","0023_remove_collection_permissions_and_shared":"finished","0024_add_console_timelines_table":"finished","0025_add_console_events_table":"finished","0026_index_console_events":"finished","0027_add_console_blob_table":"finished","0028_add_runner_data_table":"finished","0029_add_api_schema_table":"finished","0030_migrate_collection_runs":"finished","0031_add_api_relation_table":"finished","0032_index_workspacesession_editor":"finished","0033_add_editor_data_cache_table":"finished","0034_migrate_editor_data":"finished","0035_remove_editors_table":"finished","0036_add_auth_sessions_table":"finished","0037_add_list_cache_table":"finished","0038_add_cookies_table":"finished","0039_add_runtime_preferences_table":"finished","0040_index_cookies_table":"finished","0041_update_collections_folder_request_response_with_owner_and_uid":"finished","0042_migrate_runtime_user_preferences":"finished","0043_cleanup_launchpad_bootcamp":"finished","0044_migrate_tab_resource":"finished","0045_add_runtime_entity_settings_table":"finished","0046_migrate_responses_order":"started"}]
[31956][1784860245706][requester][info]["Migrations: Starting migration","0047_update_api_relation_v2_table_indexes"]
[31956][1784860245706][requester][info]["Migrations: Setting context before starting migration","0047_update_api_relation_v2_table_indexes",{"0000_initial":"finished","0001_add_archived_resources_table":"finished","0002_add_variable_sessions_table":"finished","0003_add_editor_tables":"finished","0004_migrate_ws_session_data":"finished","0005_cleanup_request_response_and_history_body":"finished","0006_add_dbp_to_request_response_and_history":"finished","0007_add_sync_client_buckets_by_order_id_table":"finished","0008_migrate_to_sync_client_buckets_by_order_id":"finished","0009_remove_sync_client_buckets_table":"finished","0010_add_history_owner":"finished","0011_add_history_response_table":"finished","0012_add_user_data_table":"finished","0013_sanitize_request_response_and_history_methods":"finished","0014_sanitize_response_requestobject_rawmodedata":"finished","0015_add_favorited_collections_table":"finished","0016_add_permission_table":"finished","0017_add_user_preferences_table":"finished","0018_index_header_presets":"finished","0019_migrate_favorite_collections_data":"finished","0020_migrate_sync_client_revision":"finished","0021_clear_permissions":"finished","0022_add_workspace_header_presets":"finished","0023_remove_collection_permissions_and_shared":"finished","0024_add_console_timelines_table":"finished","0025_add_console_events_table":"finished","0026_index_console_events":"finished","0027_add_console_blob_table":"finished","0028_add_runner_data_table":"finished","0029_add_api_schema_table":"finished","0030_migrate_collection_runs":"finished","0031_add_api_relation_table":"finished","0032_index_workspacesession_editor":"finished","0033_add_editor_data_cache_table":"finished","0034_migrate_editor_data":"finished","0035_remove_editors_table":"finished","0036_add_auth_sessions_table":"finished","0037_add_list_cache_table":"finished","0038_add_cookies_table":"finished","0039_add_runtime_preferences_table":"finished","0040_index_cookies_table":"finished","0041_update_collections_folder_request_response_with_owner_and_uid":"finished","0042_migrate_runtime_user_preferences":"finished","0043_cleanup_launchpad_bootcamp":"finished","0044_migrate_tab_resource":"finished","0045_add_runtime_entity_settings_table":"finished","0046_migrate_responses_order":"finished","0047_update_api_relation_v2_table_indexes":"started"}]
[31956][1784860245706][requester][info]["Migrations: Applying migration","0047_update_api_relation_v2_table_indexes"]
[31956][1784860245707][requester][info]["Migrations: Upgrading IndexedDB to version","0047_update_api_relation_v2_table_indexes",29]
[31956][1784860245708][requester][info]["Migrations: Adding pending commit to queue","0047_update_api_relation_v2_table_indexes"]
[31956][1784860245708][requester][info]["Migrations: Starting migration","0048_add_session_cookie_table"]
[31956][1784860245708][requester][info]["Migrations: Setting context before starting migration","0048_add_session_cookie_table",{"0000_initial":"finished","0001_add_archived_resources_table":"finished","0002_add_variable_sessions_table":"finished","0003_add_editor_tables":"finished","0004_migrate_ws_session_data":"finished","0005_cleanup_request_response_and_history_body":"finished","0006_add_dbp_to_request_response_and_history":"finished","0007_add_sync_client_buckets_by_order_id_table":"finished","0008_migrate_to_sync_client_buckets_by_order_id":"finished","0009_remove_sync_client_buckets_table":"finished","0010_add_history_owner":"finished","0011_add_history_response_table":"finished","0012_add_user_data_table":"finished","0013_sanitize_request_response_and_history_methods":"finished","0014_sanitize_response_requestobject_rawmodedata":"finished","0015_add_favorited_collections_table":"finished","0016_add_permission_table":"finished","0017_add_user_preferences_table":"finished","0018_index_header_presets":"finished","0019_migrate_favorite_collections_data":"finished","0020_migrate_sync_client_revision":"finished","0021_clear_permissions":"finished","0022_add_workspace_header_presets":"finished","0023_remove_collection_permissions_and_shared":"finished","0024_add_console_timelines_table":"finished","0025_add_console_events_table":"finished","0026_index_console_events":"finished","0027_add_console_blob_table":"finished","0028_add_runner_data_table":"finished","0029_add_api_schema_table":"finished","0030_migrate_collection_runs":"finished","0031_add_api_relation_table":"finished","0032_index_workspacesession_editor":"finished","0033_add_editor_data_cache_table":"finished","0034_migrate_editor_data":"finished","0035_remove_editors_table":"finished","0036_add_auth_sessions_table":"finished","0037_add_list_cache_table":"finished","0038_add_cookies_table":"finished","0039_add_runtime_preferences_table":"finished","0040_index_cookies_table":"finished","0041_update_collections_folder_request_response_with_owner_and_uid":"finished","0042_migrate_runtime_user_preferences":"finished","0043_cleanup_launchpad_bootcamp":"finished","0044_migrate_tab_resource":"finished","0045_add_runtime_entity_settings_table":"finished","0046_migrate_responses_order":"finished","0047_update_api_relation_v2_table_indexes":"started","0048_add_session_cookie_table":"started"}]
[31956][1784860245708][requester][info]["Migrations: Applying migration","0048_add_session_cookie_table"]
[31956][1784860245709][requester][info]["Migrations: Upgrading IndexedDB to version","0048_add_session_cookie_table",30]
[31956][1784860245710][requester][info]["Migrations: Adding pending commit to queue","0048_add_session_cookie_table"]
[31956][1784860245711][requester][info]["Migrations: Starting migration","0049_migrate_data_from_file_to_https"]
[31956][1784860245711][requester][info]["Migrations: Flushing pending migrations for","0049_migrate_data_from_file_to_https"]
[31956][1784860245711][requester][info]["Migrations: Flushing pending commit for type","IndexeddbSchemaMigration"]
[31956][1784860245711][requester][info]["Migrations: Committing IndexedDB upgrade"]
[31956][1784860245721][requester][info]["Migrations: Updating status in migration context",{"0000_initial":"finished","0001_add_archived_resources_table":"finished","0002_add_variable_sessions_table":"finished","0003_add_editor_tables":"finished","0004_migrate_ws_session_data":"finished","0005_cleanup_request_response_and_history_body":"finished","0006_add_dbp_to_request_response_and_history":"finished","0007_add_sync_client_buckets_by_order_id_table":"finished","0008_migrate_to_sync_client_buckets_by_order_id":"finished","0009_remove_sync_client_buckets_table":"finished","0010_add_history_owner":"finished","0011_add_history_response_table":"finished","0012_add_user_data_table":"finished","0013_sanitize_request_response_and_history_methods":"finished","0014_sanitize_response_requestobject_rawmodedata":"finished","0015_add_favorited_collections_table":"finished","0016_add_permission_table":"finished","0017_add_user_preferences_table":"finished","0018_index_header_presets":"finished","0019_migrate_favorite_collections_data":"finished","0020_migrate_sync_client_revision":"finished","0021_clear_permissions":"finished","0022_add_workspace_header_presets":"finished","0023_remove_collection_permissions_and_shared":"finished","0024_add_console_timelines_table":"finished","0025_add_console_events_table":"finished","0026_index_console_events":"finished","0027_add_console_blob_table":"finished","0028_add_runner_data_table":"finished","0029_add_api_schema_table":"finished","0030_migrate_collection_runs":"finished","0031_add_api_relation_table":"finished","0032_index_workspacesession_editor":"finished","0033_add_editor_data_cache_table":"finished","0034_migrate_editor_data":"finished","0035_remove_editors_table":"finished","0036_add_auth_sessions_table":"finished","0037_add_list_cache_table":"finished","0038_add_cookies_table":"finished","0039_add_runtime_preferences_table":"finished","0040_index_cookies_table":"finished","0041_update_collections_folder_request_response_with_owner_and_uid":"finished","0042_migrate_runtime_user_preferences":"finished","0043_cleanup_launchpad_bootcamp":"finished","0044_migrate_tab_resource":"finished","0045_add_runtime_entity_settings_table":"finished","0046_migrate_responses_order":"finished","0047_update_api_relation_v2_table_indexes":"started","0048_add_session_cookie_table":"started"}]
[31956][1784860245722][requester][info]["Migrations: Updated status in migration context",{"0000_initial":"finished","0001_add_archived_resources_table":"finished","0002_add_variable_sessions_table":"finished","0003_add_editor_tables":"finished","0004_migrate_ws_session_data":"finished","0005_cleanup_request_response_and_history_body":"finished","0006_add_dbp_to_request_response_and_history":"finished","0007_add_sync_client_buckets_by_order_id_table":"finished","0008_migrate_to_sync_client_buckets_by_order_id":"finished","0009_remove_sync_client_buckets_table":"finished","0010_add_history_owner":"finished","0011_add_history_response_table":"finished","0012_add_user_data_table":"finished","0013_sanitize_request_response_and_history_methods":"finished","0014_sanitize_response_requestobject_rawmodedata":"finished","0015_add_favorited_collections_table":"finished","0016_add_permission_table":"finished","0017_add_user_preferences_table":"finished","0018_index_header_presets":"finished","0019_migrate_favorite_collections_data":"finished","0020_migrate_sync_client_revision":"finished","0021_clear_permissions":"finished","0022_add_workspace_header_presets":"finished","0023_remove_collection_permissions_and_shared":"finished","0024_add_console_timelines_table":"finished","0025_add_console_events_table":"finished","0026_index_console_events":"finished","0027_add_console_blob_table":"finished","0028_add_runner_data_table":"finished","0029_add_api_schema_table":"finished","0030_migrate_collection_runs":"finished","0031_add_api_relation_table":"finished","0032_index_workspacesession_editor":"finished","0033_add_editor_data_cache_table":"finished","0034_migrate_editor_data":"finished","0035_remove_editors_table":"finished","0036_add_auth_sessions_table":"finished","0037_add_list_cache_table":"finished","0038_add_cookies_table":"finished","0039_add_runtime_preferences_table":"finished","0040_index_cookies_table":"finished","0041_update_collections_folder_request_response_with_owner_and_uid":"finished","0042_migrate_runtime_user_preferences":"finished","0043_cleanup_launchpad_bootcamp":"finished","0044_migrate_tab_resource":"finished","0045_add_runtime_entity_settings_table":"finished","0046_migrate_responses_order":"finished","0047_update_api_relation_v2_table_indexes":"finished","0048_add_session_cookie_table":"finished"}]
[31956][1784860245723][requester][info]["Migrations: Setting context before starting migration","0049_migrate_data_from_file_to_https",{"0000_initial":"finished","0001_add_archived_resources_table":"finished","0002_add_variable_sessions_table":"finished","0003_add_editor_tables":"finished","0004_migrate_ws_session_data":"finished","0005_cleanup_request_response_and_history_body":"finished","0006_add_dbp_to_request_response_and_history":"finished","0007_add_sync_client_buckets_by_order_id_table":"finished","0008_migrate_to_sync_client_buckets_by_order_id":"finished","0009_remove_sync_client_buckets_table":"finished","0010_add_history_owner":"finished","0011_add_history_response_table":"finished","0012_add_user_data_table":"finished","0013_sanitize_request_response_and_history_methods":"finished","0014_sanitize_response_requestobject_rawmodedata":"finished","0015_add_favorited_collections_table":"finished","0016_add_permission_table":"finished","0017_add_user_preferences_table":"finished","0018_index_header_presets":"finished","0019_migrate_favorite_collections_data":"finished","0020_migrate_sync_client_revision":"finished","0021_clear_permissions":"finished","0022_add_workspace_header_presets":"finished","0023_remove_collection_permissions_and_shared":"finished","0024_add_console_timelines_table":"finished","0025_add_console_events_table":"finished","0026_index_console_events":"finished","0027_add_console_blob_table":"finished","0028_add_runner_data_table":"finished","0029_add_api_schema_table":"finished","0030_migrate_collection_runs":"finished","0031_add_api_relation_table":"finished","0032_index_workspacesession_editor":"finished","0033_add_editor_data_cache_table":"finished","0034_migrate_editor_data":"finished","0035_remove_editors_table":"finished","0036_add_auth_sessions_table":"finished","0037_add_list_cache_table":"finished","0038_add_cookies_table":"finished","0039_add_runtime_preferences_table":"finished","0040_index_cookies_table":"finished","0041_update_collections_folder_request_response_with_owner_and_uid":"finished","0042_migrate_runtime_user_preferences":"finished","0043_cleanup_launchpad_bootcamp":"finished","0044_migrate_tab_resource":"finished","0045_add_runtime_entity_settings_table":"finished","0046_migrate_responses_order":"finished","0047_update_api_relation_v2_table_indexes":"finished","0048_add_session_cookie_table":"finished","0049_migrate_data_from_file_to_https":"started"}]
[31956][1784860245723][requester][info]["Migrations: Applying migration","0049_migrate_data_from_file_to_https"]
[31956][1784860245724][requester][info]["Migrations: Processing IndexedDB data migration","0049_migrate_data_from_file_to_https"]
[31956][1784860245733][requester][info]["performFileProtocolDataMigration: Starting migration flow"]
[31956][1784860245733][requester][info]["bootFileProtocolMigrationFirmware~initializeMigrationFirmware : started"]
[31956][1784860245733][requester][info]["bootFileProtocolMigrationFirmware~initializeMigrationFirmware : pm.fileProtocolMigrator already set. bailing out"]
[31956][1784860245756][requester][info]["performDataMigration: Starting migration flow, models to skip - ",[]]
[31956][1784860245757][requester][info]["migrateUser: Migrating user model"]
[31956][1784860245758][requester][info]["migrateModel: Migrating model WorkspaceSession"]
[31956][1784860245759][requester][info]["migrateModel: Migrating model VariableSession"]
[31956][1784860245759][requester][info]["migrateModel: Migrating model EditorModel"]
[31956][1784860245759][requester][info]["migrateModel: Migrating model OAuth2AccessToken"]
[31956][1784860245759][requester][info]["migrateModel: Migrating model Cookie"]
[31956][1784860245760][requester][info]["migrateModel: Migrating model UserData"]
[31956][1784860245787][requester][info]["migrateModel: Migrating model AuthHelperState"]
[31956][1784860245787][requester][info]["migrateModel: Migrating model UserPreference"]
[31956][1784860245788][requester][info]["migrateModel: Migrating model AuthSession"]
[31956][1784860245788][requester][info]["migrateModel: Migrating model RuntimeEntitySettings"]
[31956][1784860245788][requester][info]["migrateModel: Migrating model RuntimePreference"]
[31956][1784860245796][requester][info]["performDataMigration: Migration successful"]
[31956][1784860245797][requester][info]["cleanupMigrator: Cleaning up the migrator"]
[31956][1784860245809][requester][info]["Migrations: Saving migration context after completion","0049_migrate_data_from_file_to_https",{"0000_initial":"finished","0001_add_archived_resources_table":"finished","0002_add_variable_sessions_table":"finished","0003_add_editor_tables":"finished","0004_migrate_ws_session_data":"finished","0005_cleanup_request_response_and_history_body":"finished","0006_add_dbp_to_request_response_and_history":"finished","0007_add_sync_client_buckets_by_order_id_table":"finished","0008_migrate_to_sync_client_buckets_by_order_id":"finished","0009_remove_sync_client_buckets_table":"finished","0010_add_history_owner":"finished","0011_add_history_response_table":"finished","0012_add_user_data_table":"finished","0013_sanitize_request_response_and_history_methods":"finished","0014_sanitize_response_requestobject_rawmodedata":"finished","0015_add_favorited_collections_table":"finished","0016_add_permission_table":"finished","0017_add_user_preferences_table":"finished","0018_index_header_presets":"finished","0019_migrate_favorite_collections_data":"finished","0020_migrate_sync_client_revision":"finished","0021_clear_permissions":"finished","0022_add_workspace_header_presets":"finished","0023_remove_collection_permissions_and_shared":"finished","0024_add_console_timelines_table":"finished","0025_add_console_events_table":"finished","0026_index_console_events":"finished","0027_add_console_blob_table":"finished","0028_add_runner_data_table":"finished","0029_add_api_schema_table":"finished","0030_migrate_collection_runs":"finished","0031_add_api_relation_table":"finished","0032_index_workspacesession_editor":"finished","0033_add_editor_data_cache_table":"finished","0034_migrate_editor_data":"finished","0035_remove_editors_table":"finished","0036_add_auth_sessions_table":"finished","0037_add_list_cache_table":"finished","0038_add_cookies_table":"finished","0039_add_runtime_preferences_table":"finished","0040_index_cookies_table":"finished","0041_update_collections_folder_request_response_with_owner_and_uid":"finished","0042_migrate_runtime_user_preferences":"finished","0043_cleanup_launchpad_bootcamp":"finished","0044_migrate_tab_resource":"finished","0045_add_runtime_entity_settings_table":"finished","0046_migrate_responses_order":"finished","0047_update_api_relation_v2_table_indexes":"finished","0048_add_session_cookie_table":"finished","0049_migrate_data_from_file_to_https":"started"}]
[31956][1784860245811][requester][info]["Migrations: Starting migration","0050_add_usage_table"]
[31956][1784860245811][requester][info]["Migrations: Setting context before starting migration","0050_add_usage_table",{"0000_initial":"finished","0001_add_archived_resources_table":"finished","0002_add_variable_sessions_table":"finished","0003_add_editor_tables":"finished","0004_migrate_ws_session_data":"finished","0005_cleanup_request_response_and_history_body":"finished","0006_add_dbp_to_request_response_and_history":"finished","0007_add_sync_client_buckets_by_order_id_table":"finished","0008_migrate_to_sync_client_buckets_by_order_id":"finished","0009_remove_sync_client_buckets_table":"finished","0010_add_history_owner":"finished","0011_add_history_response_table":"finished","0012_add_user_data_table":"finished","0013_sanitize_request_response_and_history_methods":"finished","0014_sanitize_response_requestobject_rawmodedata":"finished","0015_add_favorited_collections_table":"finished","0016_add_permission_table":"finished","0017_add_user_preferences_table":"finished","0018_index_header_presets":"finished","0019_migrate_favorite_collections_data":"finished","0020_migrate_sync_client_revision":"finished","0021_clear_permissions":"finished","0022_add_workspace_header_presets":"finished","0023_remove_collection_permissions_and_shared":"finished","0024_add_console_timelines_table":"finished","0025_add_console_events_table":"finished","0026_index_console_events":"finished","0027_add_console_blob_table":"finished","0028_add_runner_data_table":"finished","0029_add_api_schema_table":"finished","0030_migrate_collection_runs":"finished","0031_add_api_relation_table":"finished","0032_index_workspacesession_editor":"finished","0033_add_editor_data_cache_table":"finished","0034_migrate_editor_data":"finished","0035_remove_editors_table":"finished","0036_add_auth_sessions_table":"finished","0037_add_list_cache_table":"finished","0038_add_cookies_table":"finished","0039_add_runtime_preferences_table":"finished","0040_index_cookies_table":"finished","0041_update_collections_folder_request_response_with_owner_and_uid":"finished","0042_migrate_runtime_user_preferences":"finished","0043_cleanup_launchpad_bootcamp":"finished","0044_migrate_tab_resource":"finished","0045_add_runtime_entity_settings_table":"finished","0046_migrate_responses_order":"finished","0047_update_api_relation_v2_table_indexes":"finished","0048_add_session_cookie_table":"finished","0049_migrate_data_from_file_to_https":"finished","0050_add_usage_table":"started"}]
[31956][1784860245812][requester][info]["Migrations: Applying migration","0050_add_usage_table"]
[31956][1784860245812][requester][info]["Migrations: Upgrading IndexedDB to version","0050_add_usage_table",31]
[31956][1784860245813][requester][info]["Migrations: Adding pending commit to queue","0050_add_usage_table"]
[31956][1784860245813][requester][info]["Migrations: Starting migration","0051_add_collection_usage_table"]
[31956][1784860245814][requester][info]["Migrations: Setting context before starting migration","0051_add_collection_usage_table",{"0000_initial":"finished","0001_add_archived_resources_table":"finished","0002_add_variable_sessions_table":"finished","0003_add_editor_tables":"finished","0004_migrate_ws_session_data":"finished","0005_cleanup_request_response_and_history_body":"finished","0006_add_dbp_to_request_response_and_history":"finished","0007_add_sync_client_buckets_by_order_id_table":"finished","0008_migrate_to_sync_client_buckets_by_order_id":"finished","0009_remove_sync_client_buckets_table":"finished","0010_add_history_owner":"finished","0011_add_history_response_table":"finished","0012_add_user_data_table":"finished","0013_sanitize_request_response_and_history_methods":"finished","0014_sanitize_response_requestobject_rawmodedata":"finished","0015_add_favorited_collections_table":"finished","0016_add_permission_table":"finished","0017_add_user_preferences_table":"finished","0018_index_header_presets":"finished","0019_migrate_favorite_collections_data":"finished","0020_migrate_sync_client_revision":"finished","0021_clear_permissions":"finished","0022_add_workspace_header_presets":"finished","0023_remove_collection_permissions_and_shared":"finished","0024_add_console_timelines_table":"finished","0025_add_console_events_table":"finished","0026_index_console_events":"finished","0027_add_console_blob_table":"finished","0028_add_runner_data_table":"finished","0029_add_api_schema_table":"finished","0030_migrate_collection_runs":"finished","0031_add_api_relation_table":"finished","0032_index_workspacesession_editor":"finished","0033_add_editor_data_cache_table":"finished","0034_migrate_editor_data":"finished","0035_remove_editors_table":"finished","0036_add_auth_sessions_table":"finished","0037_add_list_cache_table":"finished","0038_add_cookies_table":"finished","0039_add_runtime_preferences_table":"finished","0040_index_cookies_table":"finished","0041_update_collections_folder_request_response_with_owner_and_uid":"finished","0042_migrate_runtime_user_preferences":"finished","0043_cleanup_launchpad_bootcamp":"finished","0044_migrate_tab_resource":"finished","0045_add_runtime_entity_settings_table":"finished","0046_migrate_responses_order":"finished","0047_update_api_relation_v2_table_indexes":"finished","0048_add_session_cookie_table":"finished","0049_migrate_data_from_file_to_https":"finished","0050_add_usage_table":"started","0051_add_collection_usage_table":"started"}]
[31956][1784860245814][requester][info]["Migrations: Applying migration","0051_add_collection_usage_table"]
[31956][1784860245815][requester][info]["Migrations: Upgrading IndexedDB to version","0051_add_collection_usage_table",32]
[31956][1784860245816][requester][info]["Migrations: Adding pending commit to queue","0051_add_collection_usage_table"]
[31956][1784860245816][requester][info]["Migrations: Starting migration","0052_add_ecitem_history_table"]
[31956][1784860245816][requester][info]["Migrations: Setting context before starting migration","0052_add_ecitem_history_table",{"0000_initial":"finished","0001_add_archived_resources_table":"finished","0002_add_variable_sessions_table":"finished","0003_add_editor_tables":"finished","0004_migrate_ws_session_data":"finished","0005_cleanup_request_response_and_history_body":"finished","0006_add_dbp_to_request_response_and_history":"finished","0007_add_sync_client_buckets_by_order_id_table":"finished","0008_migrate_to_sync_client_buckets_by_order_id":"finished","0009_remove_sync_client_buckets_table":"finished","0010_add_history_owner":"finished","0011_add_history_response_table":"finished","0012_add_user_data_table":"finished","0013_sanitize_request_response_and_history_methods":"finished","0014_sanitize_response_requestobject_rawmodedata":"finished","0015_add_favorited_collections_table":"finished","0016_add_permission_table":"finished","0017_add_user_preferences_table":"finished","0018_index_header_presets":"finished","0019_migrate_favorite_collections_data":"finished","0020_migrate_sync_client_revision":"finished","0021_clear_permissions":"finished","0022_add_workspace_header_presets":"finished","0023_remove_collection_permissions_and_shared":"finished","0024_add_console_timelines_table":"finished","0025_add_console_events_table":"finished","0026_index_console_events":"finished","0027_add_console_blob_table":"finished","0028_add_runner_data_table":"finished","0029_add_api_schema_table":"finished","0030_migrate_collection_runs":"finished","0031_add_api_relation_table":"finished","0032_index_workspacesession_editor":"finished","0033_add_editor_data_cache_table":"finished","0034_migrate_editor_data":"finished","0035_remove_editors_table":"finished","0036_add_auth_sessions_table":"finished","0037_add_list_cache_table":"finished","0038_add_cookies_table":"finished","0039_add_runtime_preferences_table":"finished","0040_index_cookies_table":"finished","0041_update_collections_folder_request_response_with_owner_and_uid":"finished","0042_migrate_runtime_user_preferences":"finished","0043_cleanup_launchpad_bootcamp":"finished","0044_migrate_tab_resource":"finished","0045_add_runtime_entity_settings_table":"finished","0046_migrate_responses_order":"finished","0047_update_api_relation_v2_table_indexes":"finished","0048_add_session_cookie_table":"finished","0049_migrate_data_from_file_to_https":"finished","0050_add_usage_table":"started","0051_add_collection_usage_table":"started","0052_add_ecitem_history_table":"started"}]
[31956][1784860245818][requester][info]["Migrations: Applying migration","0052_add_ecitem_history_table"]
[31956][1784860245818][requester][info]["Migrations: Upgrading IndexedDB to version","0052_add_ecitem_history_table",33]
[31956][1784860245822][requester][info]["Migrations: Adding pending commit to queue","0052_add_ecitem_history_table"]
[31956][1784860245823][requester][info]["Migrations: Starting migration","0053_add_timestamp_runner_blob"]
[31956][1784860245823][requester][info]["Migrations: Setting context before starting migration","0053_add_timestamp_runner_blob",{"0000_initial":"finished","0001_add_archived_resources_table":"finished","0002_add_variable_sessions_table":"finished","0003_add_editor_tables":"finished","0004_migrate_ws_session_data":"finished","0005_cleanup_request_response_and_history_body":"finished","0006_add_dbp_to_request_response_and_history":"finished","0007_add_sync_client_buckets_by_order_id_table":"finished","0008_migrate_to_sync_client_buckets_by_order_id":"finished","0009_remove_sync_client_buckets_table":"finished","0010_add_history_owner":"finished","0011_add_history_response_table":"finished","0012_add_user_data_table":"finished","0013_sanitize_request_response_and_history_methods":"finished","0014_sanitize_response_requestobject_rawmodedata":"finished","0015_add_favorited_collections_table":"finished","0016_add_permission_table":"finished","0017_add_user_preferences_table":"finished","0018_index_header_presets":"finished","0019_migrate_favorite_collections_data":"finished","0020_migrate_sync_client_revision":"finished","0021_clear_permissions":"finished","0022_add_workspace_header_presets":"finished","0023_remove_collection_permissions_and_shared":"finished","0024_add_console_timelines_table":"finished","0025_add_console_events_table":"finished","0026_index_console_events":"finished","0027_add_console_blob_table":"finished","0028_add_runner_data_table":"finished","0029_add_api_schema_table":"finished","0030_migrate_collection_runs":"finished","0031_add_api_relation_table":"finished","0032_index_workspacesession_editor":"finished","0033_add_editor_data_cache_table":"finished","0034_migrate_editor_data":"finished","0035_remove_editors_table":"finished","0036_add_auth_sessions_table":"finished","0037_add_list_cache_table":"finished","0038_add_cookies_table":"finished","0039_add_runtime_preferences_table":"finished","0040_index_cookies_table":"finished","0041_update_collections_folder_request_response_with_owner_and_uid":"finished","0042_migrate_runtime_user_preferences":"finished","0043_cleanup_launchpad_bootcamp":"finished","0044_migrate_tab_resource":"finished","0045_add_runtime_entity_settings_table":"finished","0046_migrate_responses_order":"finished","0047_update_api_relation_v2_table_indexes":"finished","0048_add_session_cookie_table":"finished","0049_migrate_data_from_file_to_https":"finished","0050_add_usage_table":"started","0051_add_collection_usage_table":"started","0052_add_ecitem_history_table":"started","0053_add_timestamp_runner_blob":"started"}]
[31956][1784860245824][requester][info]["Migrations: Applying migration","0053_add_timestamp_runner_blob"]
[31956][1784860245824][requester][info]["Migrations: Upgrading IndexedDB to version","0053_add_timestamp_runner_blob",34]
[31956][1784860245826][requester][info]["Migrations: Adding pending commit to queue","0053_add_timestamp_runner_blob"]
[31956][1784860245826][requester][info]["Migrations: Starting migration","0054_encrypt_values_of_variable_sessions_table"]
[31956][1784860245826][requester][info]["Migrations: Flushing pending migrations for","0054_encrypt_values_of_variable_sessions_table"]
[31956][1784860245826][requester][info]["Migrations: Flushing pending commit for type","IndexeddbSchemaMigration"]
[31956][1784860245826][requester][info]["Migrations: Committing IndexedDB upgrade"]
[31956][1784860245845][requester][info]["Migrations: Updating status in migration context",{"0000_initial":"finished","0001_add_archived_resources_table":"finished","0002_add_variable_sessions_table":"finished","0003_add_editor_tables":"finished","0004_migrate_ws_session_data":"finished","0005_cleanup_request_response_and_history_body":"finished","0006_add_dbp_to_request_response_and_history":"finished","0007_add_sync_client_buckets_by_order_id_table":"finished","0008_migrate_to_sync_client_buckets_by_order_id":"finished","0009_remove_sync_client_buckets_table":"finished","0010_add_history_owner":"finished","0011_add_history_response_table":"finished","0012_add_user_data_table":"finished","0013_sanitize_request_response_and_history_methods":"finished","0014_sanitize_response_requestobject_rawmodedata":"finished","0015_add_favorited_collections_table":"finished","0016_add_permission_table":"finished","0017_add_user_preferences_table":"finished","0018_index_header_presets":"finished","0019_migrate_favorite_collections_data":"finished","0020_migrate_sync_client_revision":"finished","0021_clear_permissions":"finished","0022_add_workspace_header_presets":"finished","0023_remove_collection_permissions_and_shared":"finished","0024_add_console_timelines_table":"finished","0025_add_console_events_table":"finished","0026_index_console_events":"finished","0027_add_console_blob_table":"finished","0028_add_runner_data_table":"finished","0029_add_api_schema_table":"finished","0030_migrate_collection_runs":"finished","0031_add_api_relation_table":"finished","0032_index_workspacesession_editor":"finished","0033_add_editor_data_cache_table":"finished","0034_migrate_editor_data":"finished","0035_remove_editors_table":"finished","0036_add_auth_sessions_table":"finished","0037_add_list_cache_table":"finished","0038_add_cookies_table":"finished","0039_add_runtime_preferences_table":"finished","0040_index_cookies_table":"finished","0041_update_collections_folder_request_response_with_owner_and_uid":"finished","0042_migrate_runtime_user_preferences":"finished","0043_cleanup_launchpad_bootcamp":"finished","0044_migrate_tab_resource":"finished","0045_add_runtime_entity_settings_table":"finished","0046_migrate_responses_order":"finished","0047_update_api_relation_v2_table_indexes":"finished","0048_add_session_cookie_table":"finished","0049_migrate_data_from_file_to_https":"finished","0050_add_usage_table":"started","0051_add_collection_usage_table":"started","0052_add_ecitem_history_table":"started","0053_add_timestamp_runner_blob":"started"}]
[31956][1784860245846][requester][info]["Migrations: Updated status in migration context",{"0000_initial":"finished","0001_add_archived_resources_table":"finished","0002_add_variable_sessions_table":"finished","0003_add_editor_tables":"finished","0004_migrate_ws_session_data":"finished","0005_cleanup_request_response_and_history_body":"finished","0006_add_dbp_to_request_response_and_history":"finished","0007_add_sync_client_buckets_by_order_id_table":"finished","0008_migrate_to_sync_client_buckets_by_order_id":"finished","0009_remove_sync_client_buckets_table":"finished","0010_add_history_owner":"finished","0011_add_history_response_table":"finished","0012_add_user_data_table":"finished","0013_sanitize_request_response_and_history_methods":"finished","0014_sanitize_response_requestobject_rawmodedata":"finished","0015_add_favorited_collections_table":"finished","0016_add_permission_table":"finished","0017_add_user_preferences_table":"finished","0018_index_header_presets":"finished","0019_migrate_favorite_collections_data":"finished","0020_migrate_sync_client_revision":"finished","0021_clear_permissions":"finished","0022_add_workspace_header_presets":"finished","0023_remove_collection_permissions_and_shared":"finished","0024_add_console_timelines_table":"finished","0025_add_console_events_table":"finished","0026_index_console_events":"finished","0027_add_console_blob_table":"finished","0028_add_runner_data_table":"finished","0029_add_api_schema_table":"finished","0030_migrate_collection_runs":"finished","0031_add_api_relation_table":"finished","0032_index_workspacesession_editor":"finished","0033_add_editor_data_cache_table":"finished","0034_migrate_editor_data":"finished","0035_remove_editors_table":"finished","0036_add_auth_sessions_table":"finished","0037_add_list_cache_table":"finished","0038_add_cookies_table":"finished","0039_add_runtime_preferences_table":"finished","0040_index_cookies_table":"finished","0041_update_collections_folder_request_response_with_owner_and_uid":"finished","0042_migrate_runtime_user_preferences":"finished","0043_cleanup_launchpad_bootcamp":"finished","0044_migrate_tab_resource":"finished","0045_add_runtime_entity_settings_table":"finished","0046_migrate_responses_order":"finished","0047_update_api_relation_v2_table_indexes":"finished","0048_add_session_cookie_table":"finished","0049_migrate_data_from_file_to_https":"finished","0050_add_usage_table":"finished","0051_add_collection_usage_table":"finished","0052_add_ecitem_history_table":"finished","0053_add_timestamp_runner_blob":"finished"}]
[31956][1784860245846][requester][info]["Migrations: Setting context before starting migration","0054_encrypt_values_of_variable_sessions_table",{"0000_initial":"finished","0001_add_archived_resources_table":"finished","0002_add_variable_sessions_table":"finished","0003_add_editor_tables":"finished","0004_migrate_ws_session_data":"finished","0005_cleanup_request_response_and_history_body":"finished","0006_add_dbp_to_request_response_and_history":"finished","0007_add_sync_client_buckets_by_order_id_table":"finished","0008_migrate_to_sync_client_buckets_by_order_id":"finished","0009_remove_sync_client_buckets_table":"finished","0010_add_history_owner":"finished","0011_add_history_response_table":"finished","0012_add_user_data_table":"finished","0013_sanitize_request_response_and_history_methods":"finished","0014_sanitize_response_requestobject_rawmodedata":"finished","0015_add_favorited_collections_table":"finished","0016_add_permission_table":"finished","0017_add_user_preferences_table":"finished","0018_index_header_presets":"finished","0019_migrate_favorite_collections_data":"finished","0020_migrate_sync_client_revision":"finished","0021_clear_permissions":"finished","0022_add_workspace_header_presets":"finished","0023_remove_collection_permissions_and_shared":"finished","0024_add_console_timelines_table":"finished","0025_add_console_events_table":"finished","0026_index_console_events":"finished","0027_add_console_blob_table":"finished","0028_add_runner_data_table":"finished","0029_add_api_schema_table":"finished","0030_migrate_collection_runs":"finished","0031_add_api_relation_table":"finished","0032_index_workspacesession_editor":"finished","0033_add_editor_data_cache_table":"finished","0034_migrate_editor_data":"finished","0035_remove_editors_table":"finished","0036_add_auth_sessions_table":"finished","0037_add_list_cache_table":"finished","0038_add_cookies_table":"finished","0039_add_runtime_preferences_table":"finished","0040_index_cookies_table":"finished","0041_update_collections_folder_request_response_with_owner_and_uid":"finished","0042_migrate_runtime_user_preferences":"finished","0043_cleanup_launchpad_bootcamp":"finished","0044_migrate_tab_resource":"finished","0045_add_runtime_entity_settings_table":"finished","0046_migrate_responses_order":"finished","0047_update_api_relation_v2_table_indexes":"finished","0048_add_session_cookie_table":"finished","0049_migrate_data_from_file_to_https":"finished","0050_add_usage_table":"finished","0051_add_collection_usage_table":"finished","0052_add_ecitem_history_table":"finished","0053_add_timestamp_runner_blob":"finished","0054_encrypt_values_of_variable_sessions_table":"started"}]
[31956][1784860245846][requester][info]["Migrations: Applying migration","0054_encrypt_values_of_variable_sessions_table"]
[31956][1784860245847][requester][info]["Migrations: Processing IndexedDB data migration","0054_encrypt_values_of_variable_sessions_table"]
[31956][1784860245851][requester][info]["Migrations: Saving migration context after completion","0054_encrypt_values_of_variable_sessions_table",{"0000_initial":"finished","0001_add_archived_resources_table":"finished","0002_add_variable_sessions_table":"finished","0003_add_editor_tables":"finished","0004_migrate_ws_session_data":"finished","0005_cleanup_request_response_and_history_body":"finished","0006_add_dbp_to_request_response_and_history":"finished","0007_add_sync_client_buckets_by_order_id_table":"finished","0008_migrate_to_sync_client_buckets_by_order_id":"finished","0009_remove_sync_client_buckets_table":"finished","0010_add_history_owner":"finished","0011_add_history_response_table":"finished","0012_add_user_data_table":"finished","0013_sanitize_request_response_and_history_methods":"finished","0014_sanitize_response_requestobject_rawmodedata":"finished","0015_add_favorited_collections_table":"finished","0016_add_permission_table":"finished","0017_add_user_preferences_table":"finished","0018_index_header_presets":"finished","0019_migrate_favorite_collections_data":"finished","0020_migrate_sync_client_revision":"finished","0021_clear_permissions":"finished","0022_add_workspace_header_presets":"finished","0023_remove_collection_permissions_and_shared":"finished","0024_add_console_timelines_table":"finished","0025_add_console_events_table":"finished","0026_index_console_events":"finished","0027_add_console_blob_table":"finished","0028_add_runner_data_table":"finished","0029_add_api_schema_table":"finished","0030_migrate_collection_runs":"finished","0031_add_api_relation_table":"finished","0032_index_workspacesession_editor":"finished","0033_add_editor_data_cache_table":"finished","0034_migrate_editor_data":"finished","0035_remove_editors_table":"finished","0036_add_auth_sessions_table":"finished","0037_add_list_cache_table":"finished","0038_add_cookies_table":"finished","0039_add_runtime_preferences_table":"finished","0040_index_cookies_table":"finished","0041_update_collections_folder_request_response_with_owner_and_uid":"finished","0042_migrate_runtime_user_preferences":"finished","0043_cleanup_launchpad_bootcamp":"finished","0044_migrate_tab_resource":"finished","0045_add_runtime_entity_settings_table":"finished","0046_migrate_responses_order":"finished","0047_update_api_relation_v2_table_indexes":"finished","0048_add_session_cookie_table":"finished","0049_migrate_data_from_file_to_https":"finished","0050_add_usage_table":"finished","0051_add_collection_usage_table":"finished","0052_add_ecitem_history_table":"finished","0053_add_timestamp_runner_blob":"finished","0054_encrypt_values_of_variable_sessions_table":"started"}]
[31956][1784860245853][requester][info]["Migrations: Starting migration","0055_encrypt_buffers_of_editor_models_table"]
[31956][1784860245854][requester][info]["Migrations: Flushing pending migrations for","0055_encrypt_buffers_of_editor_models_table"]
[31956][1784860245854][requester][info]["Migrations: Updating status in migration context",{"0000_initial":"finished","0001_add_archived_resources_table":"finished","0002_add_variable_sessions_table":"finished","0003_add_editor_tables":"finished","0004_migrate_ws_session_data":"finished","0005_cleanup_request_response_and_history_body":"finished","0006_add_dbp_to_request_response_and_history":"finished","0007_add_sync_client_buckets_by_order_id_table":"finished","0008_migrate_to_sync_client_buckets_by_order_id":"finished","0009_remove_sync_client_buckets_table":"finished","0010_add_history_owner":"finished","0011_add_history_response_table":"finished","0012_add_user_data_table":"finished","0013_sanitize_request_response_and_history_methods":"finished","0014_sanitize_response_requestobject_rawmodedata":"finished","0015_add_favorited_collections_table":"finished","0016_add_permission_table":"finished","0017_add_user_preferences_table":"finished","0018_index_header_presets":"finished","0019_migrate_favorite_collections_data":"finished","0020_migrate_sync_client_revision":"finished","0021_clear_permissions":"finished","0022_add_workspace_header_presets":"finished","0023_remove_collection_permissions_and_shared":"finished","0024_add_console_timelines_table":"finished","0025_add_console_events_table":"finished","0026_index_console_events":"finished","0027_add_console_blob_table":"finished","0028_add_runner_data_table":"finished","0029_add_api_schema_table":"finished","0030_migrate_collection_runs":"finished","0031_add_api_relation_table":"finished","0032_index_workspacesession_editor":"finished","0033_add_editor_data_cache_table":"finished","0034_migrate_editor_data":"finished","0035_remove_editors_table":"finished","0036_add_auth_sessions_table":"finished","0037_add_list_cache_table":"finished","0038_add_cookies_table":"finished","0039_add_runtime_preferences_table":"finished","0040_index_cookies_table":"finished","0041_update_collections_folder_request_response_with_owner_and_uid":"finished","0042_migrate_runtime_user_preferences":"finished","0043_cleanup_launchpad_bootcamp":"finished","0044_migrate_tab_resource":"finished","0045_add_runtime_entity_settings_table":"finished","0046_migrate_responses_order":"finished","0047_update_api_relation_v2_table_indexes":"finished","0048_add_session_cookie_table":"finished","0049_migrate_data_from_file_to_https":"finished","0050_add_usage_table":"finished","0051_add_collection_usage_table":"finished","0052_add_ecitem_history_table":"finished","0053_add_timestamp_runner_blob":"finished","0054_encrypt_values_of_variable_sessions_table":"finished"}]
[31956][1784860245854][requester][info]["Migrations: Updated status in migration context",{"0000_initial":"finished","0001_add_archived_resources_table":"finished","0002_add_variable_sessions_table":"finished","0003_add_editor_tables":"finished","0004_migrate_ws_session_data":"finished","0005_cleanup_request_response_and_history_body":"finished","0006_add_dbp_to_request_response_and_history":"finished","0007_add_sync_client_buckets_by_order_id_table":"finished","0008_migrate_to_sync_client_buckets_by_order_id":"finished","0009_remove_sync_client_buckets_table":"finished","0010_add_history_owner":"finished","0011_add_history_response_table":"finished","0012_add_user_data_table":"finished","0013_sanitize_request_response_and_history_methods":"finished","0014_sanitize_response_requestobject_rawmodedata":"finished","0015_add_favorited_collections_table":"finished","0016_add_permission_table":"finished","0017_add_user_preferences_table":"finished","0018_index_header_presets":"finished","0019_migrate_favorite_collections_data":"finished","0020_migrate_sync_client_revision":"finished","0021_clear_permissions":"finished","0022_add_workspace_header_presets":"finished","0023_remove_collection_permissions_and_shared":"finished","0024_add_console_timelines_table":"finished","0025_add_console_events_table":"finished","0026_index_console_events":"finished","0027_add_console_blob_table":"finished","0028_add_runner_data_table":"finished","0029_add_api_schema_table":"finished","0030_migrate_collection_runs":"finished","0031_add_api_relation_table":"finished","0032_index_workspacesession_editor":"finished","0033_add_editor_data_cache_table":"finished","0034_migrate_editor_data":"finished","0035_remove_editors_table":"finished","0036_add_auth_sessions_table":"finished","0037_add_list_cache_table":"finished","0038_add_cookies_table":"finished","0039_add_runtime_preferences_table":"finished","0040_index_cookies_table":"finished","0041_update_collections_folder_request_response_with_owner_and_uid":"finished","0042_migrate_runtime_user_preferences":"finished","0043_cleanup_launchpad_bootcamp":"finished","0044_migrate_tab_resource":"finished","0045_add_runtime_entity_settings_table":"finished","0046_migrate_responses_order":"finished","0047_update_api_relation_v2_table_indexes":"finished","0048_add_session_cookie_table":"finished","0049_migrate_data_from_file_to_https":"finished","0050_add_usage_table":"finished","0051_add_collection_usage_table":"finished","0052_add_ecitem_history_table":"finished","0053_add_timestamp_runner_blob":"finished","0054_encrypt_values_of_variable_sessions_table":"finished"}]
[31956][1784860245855][requester][info]["Migrations: Setting context before starting migration","0055_encrypt_buffers_of_editor_models_table",{"0000_initial":"finished","0001_add_archived_resources_table":"finished","0002_add_variable_sessions_table":"finished","0003_add_editor_tables":"finished","0004_migrate_ws_session_data":"finished","0005_cleanup_request_response_and_history_body":"finished","0006_add_dbp_to_request_response_and_history":"finished","0007_add_sync_client_buckets_by_order_id_table":"finished","0008_migrate_to_sync_client_buckets_by_order_id":"finished","0009_remove_sync_client_buckets_table":"finished","0010_add_history_owner":"finished","0011_add_history_response_table":"finished","0012_add_user_data_table":"finished","0013_sanitize_request_response_and_history_methods":"finished","0014_sanitize_response_requestobject_rawmodedata":"finished","0015_add_favorited_collections_table":"finished","0016_add_permission_table":"finished","0017_add_user_preferences_table":"finished","0018_index_header_presets":"finished","0019_migrate_favorite_collections_data":"finished","0020_migrate_sync_client_revision":"finished","0021_clear_permissions":"finished","0022_add_workspace_header_presets":"finished","0023_remove_collection_permissions_and_shared":"finished","0024_add_console_timelines_table":"finished","0025_add_console_events_table":"finished","0026_index_console_events":"finished","0027_add_console_blob_table":"finished","0028_add_runner_data_table":"finished","0029_add_api_schema_table":"finished","0030_migrate_collection_runs":"finished","0031_add_api_relation_table":"finished","0032_index_workspacesession_editor":"finished","0033_add_editor_data_cache_table":"finished","0034_migrate_editor_data":"finished","0035_remove_editors_table":"finished","0036_add_auth_sessions_table":"finished","0037_add_list_cache_table":"finished","0038_add_cookies_table":"finished","0039_add_runtime_preferences_table":"finished","0040_index_cookies_table":"finished","0041_update_collections_folder_request_response_with_owner_and_uid":"finished","0042_migrate_runtime_user_preferences":"finished","0043_cleanup_launchpad_bootcamp":"finished","0044_migrate_tab_resource":"finished","0045_add_runtime_entity_settings_table":"finished","0046_migrate_responses_order":"finished","0047_update_api_relation_v2_table_indexes":"finished","0048_add_session_cookie_table":"finished","0049_migrate_data_from_file_to_https":"finished","0050_add_usage_table":"finished","0051_add_collection_usage_table":"finished","0052_add_ecitem_history_table":"finished","0053_add_timestamp_runner_blob":"finished","0054_encrypt_values_of_variable_sessions_table":"finished","0055_encrypt_buffers_of_editor_models_table":"started"}]
[31956][1784860245855][requester][info]["Migrations: Applying migration","0055_encrypt_buffers_of_editor_models_table"]
[31956][1784860245856][requester][info]["Migrations: Processing IndexedDB data migration","0055_encrypt_buffers_of_editor_models_table"]
[31956][1784860245861][requester][info]["Migrations: Saving migration context after completion","0055_encrypt_buffers_of_editor_models_table",{"0000_initial":"finished","0001_add_archived_resources_table":"finished","0002_add_variable_sessions_table":"finished","0003_add_editor_tables":"finished","0004_migrate_ws_session_data":"finished","0005_cleanup_request_response_and_history_body":"finished","0006_add_dbp_to_request_response_and_history":"finished","0007_add_sync_client_buckets_by_order_id_table":"finished","0008_migrate_to_sync_client_buckets_by_order_id":"finished","0009_remove_sync_client_buckets_table":"finished","0010_add_history_owner":"finished","0011_add_history_response_table":"finished","0012_add_user_data_table":"finished","0013_sanitize_request_response_and_history_methods":"finished","0014_sanitize_response_requestobject_rawmodedata":"finished","0015_add_favorited_collections_table":"finished","0016_add_permission_table":"finished","0017_add_user_preferences_table":"finished","0018_index_header_presets":"finished","0019_migrate_favorite_collections_data":"finished","0020_migrate_sync_client_revision":"finished","0021_clear_permissions":"finished","0022_add_workspace_header_presets":"finished","0023_remove_collection_permissions_and_shared":"finished","0024_add_console_timelines_table":"finished","0025_add_console_events_table":"finished","0026_index_console_events":"finished","0027_add_console_blob_table":"finished","0028_add_runner_data_table":"finished","0029_add_api_schema_table":"finished","0030_migrate_collection_runs":"finished","0031_add_api_relation_table":"finished","0032_index_workspacesession_editor":"finished","0033_add_editor_data_cache_table":"finished","0034_migrate_editor_data":"finished","0035_remove_editors_table":"finished","0036_add_auth_sessions_table":"finished","0037_add_list_cache_table":"finished","0038_add_cookies_table":"finished","0039_add_runtime_preferences_table":"finished","0040_index_cookies_table":"finished","0041_update_collections_folder_request_response_with_owner_and_uid":"finished","0042_migrate_runtime_user_preferences":"finished","0043_cleanup_launchpad_bootcamp":"finished","0044_migrate_tab_resource":"finished","0045_add_runtime_entity_settings_table":"finished","0046_migrate_responses_order":"finished","0047_update_api_relation_v2_table_indexes":"finished","0048_add_session_cookie_table":"finished","0049_migrate_data_from_file_to_https":"finished","0050_add_usage_table":"finished","0051_add_collection_usage_table":"finished","0052_add_ecitem_history_table":"finished","0053_add_timestamp_runner_blob":"finished","0054_encrypt_values_of_variable_sessions_table":"finished","0055_encrypt_buffers_of_editor_models_table":"started"}]
[31956][1784860245862][requester][info]["Migrations: Starting migration","0056_add_local_runner_tables"]
[31956][1784860245862][requester][info]["Migrations: Setting context before starting migration","0056_add_local_runner_tables",{"0000_initial":"finished","0001_add_archived_resources_table":"finished","0002_add_variable_sessions_table":"finished","0003_add_editor_tables":"finished","0004_migrate_ws_session_data":"finished","0005_cleanup_request_response_and_history_body":"finished","0006_add_dbp_to_request_response_and_history":"finished","0007_add_sync_client_buckets_by_order_id_table":"finished","0008_migrate_to_sync_client_buckets_by_order_id":"finished","0009_remove_sync_client_buckets_table":"finished","0010_add_history_owner":"finished","0011_add_history_response_table":"finished","0012_add_user_data_table":"finished","0013_sanitize_request_response_and_history_methods":"finished","0014_sanitize_response_requestobject_rawmodedata":"finished","0015_add_favorited_collections_table":"finished","0016_add_permission_table":"finished","0017_add_user_preferences_table":"finished","0018_index_header_presets":"finished","0019_migrate_favorite_collections_data":"finished","0020_migrate_sync_client_revision":"finished","0021_clear_permissions":"finished","0022_add_workspace_header_presets":"finished","0023_remove_collection_permissions_and_shared":"finished","0024_add_console_timelines_table":"finished","0025_add_console_events_table":"finished","0026_index_console_events":"finished","0027_add_console_blob_table":"finished","0028_add_runner_data_table":"finished","0029_add_api_schema_table":"finished","0030_migrate_collection_runs":"finished","0031_add_api_relation_table":"finished","0032_index_workspacesession_editor":"finished","0033_add_editor_data_cache_table":"finished","0034_migrate_editor_data":"finished","0035_remove_editors_table":"finished","0036_add_auth_sessions_table":"finished","0037_add_list_cache_table":"finished","0038_add_cookies_table":"finished","0039_add_runtime_preferences_table":"finished","0040_index_cookies_table":"finished","0041_update_collections_folder_request_response_with_owner_and_uid":"finished","0042_migrate_runtime_user_preferences":"finished","0043_cleanup_launchpad_bootcamp":"finished","0044_migrate_tab_resource":"finished","0045_add_runtime_entity_settings_table":"finished","0046_migrate_responses_order":"finished","0047_update_api_relation_v2_table_indexes":"finished","0048_add_session_cookie_table":"finished","0049_migrate_data_from_file_to_https":"finished","0050_add_usage_table":"finished","0051_add_collection_usage_table":"finished","0052_add_ecitem_history_table":"finished","0053_add_timestamp_runner_blob":"finished","0054_encrypt_values_of_variable_sessions_table":"finished","0055_encrypt_buffers_of_editor_models_table":"finished","0056_add_local_runner_tables":"started"}]
[31956][1784860245863][requester][info]["Migrations: Applying migration","0056_add_local_runner_tables"]
[31956][1784860245863][requester][info]["Migrations: Upgrading IndexedDB to version","0056_add_local_runner_tables",35]
[31956][1784860245864][requester][info]["Migrations: Adding pending commit to queue","0056_add_local_runner_tables"]
[31956][1784860245864][requester][info]["Migrations: Flushing pending commit steps"]
[31956][1784860245864][requester][info]["Migrations: Flushing pending commit for type","IndexeddbSchemaMigration"]
[31956][1784860245865][requester][info]["Migrations: Committing IndexedDB upgrade"]
[31956][1784860245878][requester][info]["Migrations: Updating status in migration context",{"0000_initial":"finished","0001_add_archived_resources_table":"finished","0002_add_variable_sessions_table":"finished","0003_add_editor_tables":"finished","0004_migrate_ws_session_data":"finished","0005_cleanup_request_response_and_history_body":"finished","0006_add_dbp_to_request_response_and_history":"finished","0007_add_sync_client_buckets_by_order_id_table":"finished","0008_migrate_to_sync_client_buckets_by_order_id":"finished","0009_remove_sync_client_buckets_table":"finished","0010_add_history_owner":"finished","0011_add_history_response_table":"finished","0012_add_user_data_table":"finished","0013_sanitize_request_response_and_history_methods":"finished","0014_sanitize_response_requestobject_rawmodedata":"finished","0015_add_favorited_collections_table":"finished","0016_add_permission_table":"finished","0017_add_user_preferences_table":"finished","0018_index_header_presets":"finished","0019_migrate_favorite_collections_data":"finished","0020_migrate_sync_client_revision":"finished","0021_clear_permissions":"finished","0022_add_workspace_header_presets":"finished","0023_remove_collection_permissions_and_shared":"finished","0024_add_console_timelines_table":"finished","0025_add_console_events_table":"finished","0026_index_console_events":"finished","0027_add_console_blob_table":"finished","0028_add_runner_data_table":"finished","0029_add_api_schema_table":"finished","0030_migrate_collection_runs":"finished","0031_add_api_relation_table":"finished","0032_index_workspacesession_editor":"finished","0033_add_editor_data_cache_table":"finished","0034_migrate_editor_data":"finished","0035_remove_editors_table":"finished","0036_add_auth_sessions_table":"finished","0037_add_list_cache_table":"finished","0038_add_cookies_table":"finished","0039_add_runtime_preferences_table":"finished","0040_index_cookies_table":"finished","0041_update_collections_folder_request_response_with_owner_and_uid":"finished","0042_migrate_runtime_user_preferences":"finished","0043_cleanup_launchpad_bootcamp":"finished","0044_migrate_tab_resource":"finished","0045_add_runtime_entity_settings_table":"finished","0046_migrate_responses_order":"finished","0047_update_api_relation_v2_table_indexes":"finished","0048_add_session_cookie_table":"finished","0049_migrate_data_from_file_to_https":"finished","0050_add_usage_table":"finished","0051_add_collection_usage_table":"finished","0052_add_ecitem_history_table":"finished","0053_add_timestamp_runner_blob":"finished","0054_encrypt_values_of_variable_sessions_table":"finished","0055_encrypt_buffers_of_editor_models_table":"finished","0056_add_local_runner_tables":"started"}]
[31956][1784860245879][requester][info]["Migrations: Updated status in migration context",{"0000_initial":"finished","0001_add_archived_resources_table":"finished","0002_add_variable_sessions_table":"finished","0003_add_editor_tables":"finished","0004_migrate_ws_session_data":"finished","0005_cleanup_request_response_and_history_body":"finished","0006_add_dbp_to_request_response_and_history":"finished","0007_add_sync_client_buckets_by_order_id_table":"finished","0008_migrate_to_sync_client_buckets_by_order_id":"finished","0009_remove_sync_client_buckets_table":"finished","0010_add_history_owner":"finished","0011_add_history_response_table":"finished","0012_add_user_data_table":"finished","0013_sanitize_request_response_and_history_methods":"finished","0014_sanitize_response_requestobject_rawmodedata":"finished","0015_add_favorited_collections_table":"finished","0016_add_permission_table":"finished","0017_add_user_preferences_table":"finished","0018_index_header_presets":"finished","0019_migrate_favorite_collections_data":"finished","0020_migrate_sync_client_revision":"finished","0021_clear_permissions":"finished","0022_add_workspace_header_presets":"finished","0023_remove_collection_permissions_and_shared":"finished","0024_add_console_timelines_table":"finished","0025_add_console_events_table":"finished","0026_index_console_events":"finished","0027_add_console_blob_table":"finished","0028_add_runner_data_table":"finished","0029_add_api_schema_table":"finished","0030_migrate_collection_runs":"finished","0031_add_api_relation_table":"finished","0032_index_workspacesession_editor":"finished","0033_add_editor_data_cache_table":"finished","0034_migrate_editor_data":"finished","0035_remove_editors_table":"finished","0036_add_auth_sessions_table":"finished","0037_add_list_cache_table":"finished","0038_add_cookies_table":"finished","0039_add_runtime_preferences_table":"finished","0040_index_cookies_table":"finished","0041_update_collections_folder_request_response_with_owner_and_uid":"finished","0042_migrate_runtime_user_preferences":"finished","0043_cleanup_launchpad_bootcamp":"finished","0044_migrate_tab_resource":"finished","0045_add_runtime_entity_settings_table":"finished","0046_migrate_responses_order":"finished","0047_update_api_relation_v2_table_indexes":"finished","0048_add_session_cookie_table":"finished","0049_migrate_data_from_file_to_https":"finished","0050_add_usage_table":"finished","0051_add_collection_usage_table":"finished","0052_add_ecitem_history_table":"finished","0053_add_timestamp_runner_blob":"finished","0054_encrypt_values_of_variable_sessions_table":"finished","0055_encrypt_buffers_of_editor_models_table":"finished","0056_add_local_runner_tables":"finished"}]
[31956][1784860245879][requester][info]["Migration: Finished all migrations"]
[31956][1784860245880][requester][info]["WindowController~initialize - Success"]
[31956][1784860245889][requester][info]["Session~boot - Success"]
[31956][1784860245893][requester][info]["IndependentServices~boot - Success"]
[31956][1784860245912][requester][info]["AppModels~boot - Success"]
[31956][1784860245966][requester][info]["CookiesBootHelper~Migration: Completed as there are no cookies to migrate."]
[31956][1784860245998][requester][info]["bootIndependentServicesShared: Success"]
[31956][1784860245999][requester][info]["instrumentSeries ~ Sending metric requester-init-singleton-initializeConfigurationsValues to client envets with value 2.400000000372529"]
[31956][1784860246000][requester][info]["instrumentSeries ~ Sending metric requester-init-singleton-cleanupRunner to client envets with value 1.5"]
[31956][1784860246000][requester][info]["instrumentSeries ~ Sending metric requester-init-singleton-migrateCookiesFromElectron to client envets with value 50.700000000186265"]
[31956][1784860246000][requester][info]["instrumentSeries ~ Sending metric requester-init-singleton-cleanupCookies to client envets with value 24.100000000093132"]
[31956][1784860246000][requester][info]["instrumentSeries ~ Sending metric requester-init-singleton-clearEditorDataCache to client envets with value 7"]
[31956][1784860246000][requester][info]["instrumentSeries ~ Sending metric requester-init-singleton-bootIndependentServicesShare to client envets with value 0.599999999627471"]
[31956][1784860246001][requester][info]["performSingletonJobs: Success"]
[31956][1784860246040][requester][info]["prefetchWorkspaceData~waitForAuthDuringLoginAction - login/signup  detected, checking authentication state"]
[31956][1784860246040][requester][info]["prefetchWorkspaceData~waitForAuthDuringLoginAction - Waiting for authentication to complete"]
[31956][1784860246057][requester][info]["Sync~boot - Success"]
[31956][1784860246077][requester][info]["PostUpdateBackup~init: Success"]
[31956][1784860246083][requester][info]["Shared~boot - Success"]
[31956][1784860246087][requester][info]["IPCAgent~select: IPCAgent selected","6638e778-a314-4dd2-beab-7e052f71ec0b"]
[31956][1784860246127][requester][info]["ExtensibleCollections~boot - Success"]
[31956][1784860246136][requester][info]["DBWatcher~boot - Success"]
[31956][1784860246140][requester][info]["ThemeManager~boot - Success"]
[31956][1784860246143][requester][info]["WorkbenchService~boot - Success"]
[31956][1784860246144][requester][info]["Store~boot - Success"]
[31956][1784860246145][requester][info]["Shortcuts~boot - Success"]
[31956][1784860246157][requester][info]["OfflineAPIClientService~init: started"]
[31956][1784860246158][requester][info]["OfflineAPIClientService~init: settings cache isOfflineAPIClientEnabled",]
[31956][1784860246158][requester][info]["OfflineAPIClientService~init: Boot started"]
[31956][1784860246158][requester][info]["ScratchpadMigrationBootFirmware~bootFirmware : Booting started"]
[31956][1784860246158][requester][info]["bootMigrationFirmware~initializeMigrationFirmware : started"]
[31956][1784860246160][requester][info]["bootMigrationFirmware~getFirmwareWebview : partition string created","persist:221ad43e-90f9-4b3c-96bd-30e75895b6de"]
[31956][1784860246161][requester][info]["bootMigrationFirmware~getFirmwareWebview : webview created"]
[31956][1784860246174][requester][info]["bootMigrationFirmware~getLocalStorageAdapter : getting local storage adapter"]
[31956][1784860246301][requester][info]["LocalSecretProtection~setupReactionsForLocalMode: MobX reaction set up for local mode workspace changes",{"context":{"api":"LocalSecretProtection","domain":"secret-scanner"}}]
[31956][1784860246629][requester][error]["SidebarSettingsController~hydrateFromService","Access to this resource is forbidden for this user"]
[31956][1784860246709][requester][error]["ClientSecretScannerService~constructor: Failed to fetch regex patterns",{"name":"Error","message":"HTTP 403: Request failed","stack":"Error: HTTP 403: Request failed\n    at n.fetchRegexPatterns (https://desktop.postman.com/_ar-assets/requester-desktop-3e2336d60a41d7fb.min.js:180:33674)"},{"context":{"api":"ClientSecretScannerService","domain":"product-trust"}}]
[31956][1784860246987][requester][info]["bootMigrationFirmware~bootstrapORM : webview dom-ready"]
[31956][1784860246988][requester][info]["bootMigrationFirmware~bootstrapORM : started"]
[31956][1784860247007][requester][error]["bootMigrationFirmware~bootstrapORM - Failed",{"name":"Error","message":"Datastore `remote-indexeddb` is already registered.","stack":"Error: Datastore `remote-indexeddb` is already registered.\n    at Object.registerDatastore (https://desktop.postman.com/_ar-assets/requester-desktop-3e2336d60a41d7fb.min.js:2657:6647)\n    at https://desktop.postman.com/_ar-assets/vendors-b47dc2056e2d15ba.min.js:1228:346704\n    at https://desktop.postman.com/_ar-assets/vendors-b47dc2056e2d15ba.min.js:1228:535471\n    at eA (https://desktop.postman.com/_ar-assets/vendors-b47dc2056e2d15ba.min.js:1228:526581)\n    at ek (https://desktop.postman.com/_ar-assets/vendors-b47dc2056e2d15ba.min.js:1228:526646)\n    at Object.tH (https://desktop.postman.com/_ar-assets/vendors-b47dc2056e2d15ba.min.js:1228:535498)\n    at g.initialize (https://desktop.postman.com/_ar-assets/vendors-b47dc2056e2d15ba.min.js:1228:345508)\n    at e.exports.start (https://desktop.postman.com/_ar-assets/vendors-b47dc2056e2d15ba.min.js:1228:349622)\n    at WebViewElement.<anonymous> (https://desktop.postman.com/_ar-assets/requester-desktop-3e2336d60a41d7fb.min.js:2591:66938)\n    at WebViewElement.i (https://desktop.postman.com/_ar-assets/vendors-b47dc2056e2d15ba.min.js:1205:145674)\n    at WebViewElement.nrWrapper (https://desktop.postman.com/?desktopVersion=12.20.2&userId=51092757&teamId=12425541&region=us:6:17817)\n    at WebViewImpl.dispatchEvent (node:electron/js2c/renderer_init:2:26768)\n    at IpcRendererInternal.<anonymous> (node:electron/js2c/renderer_init:2:17569)\n    at IpcRendererInternal.emit (node:events:519:28)\n    at Object.onMessage (node:electron/js2c/renderer_init:2:10679)"}]
[31956][1784860247008][requester][error]["bootMigrationFirmware~webview(dom-ready callback) - Failed",{"name":"Error","message":"Datastore `remote-indexeddb` is already registered.","stack":"Error: Datastore `remote-indexeddb` is already registered.\n    at Object.registerDatastore (https://desktop.postman.com/_ar-assets/requester-desktop-3e2336d60a41d7fb.min.js:2657:6647)\n    at https://desktop.postman.com/_ar-assets/vendors-b47dc2056e2d15ba.min.js:1228:346704\n    at https://desktop.postman.com/_ar-assets/vendors-b47dc2056e2d15ba.min.js:1228:535471\n    at eA (https://desktop.postman.com/_ar-assets/vendors-b47dc2056e2d15ba.min.js:1228:526581)\n    at ek (https://desktop.postman.com/_ar-assets/vendors-b47dc2056e2d15ba.min.js:1228:526646)\n    at Object.tH (https://desktop.postman.com/_ar-assets/vendors-b47dc2056e2d15ba.min.js:1228:535498)\n    at g.initialize (https://desktop.postman.com/_ar-assets/vendors-b47dc2056e2d15ba.min.js:1228:345508)\n    at e.exports.start (https://desktop.postman.com/_ar-assets/vendors-b47dc2056e2d15ba.min.js:1228:349622)\n    at WebViewElement.<anonymous> (https://desktop.postman.com/_ar-assets/requester-desktop-3e2336d60a41d7fb.min.js:2591:66938)\n    at WebViewElement.i (https://desktop.postman.com/_ar-assets/vendors-b47dc2056e2d15ba.min.js:1205:145674)\n    at WebViewElement.nrWrapper (https://desktop.postman.com/?desktopVersion=12.20.2&userId=51092757&teamId=12425541&region=us:6:17817)\n    at WebViewImpl.dispatchEvent (node:electron/js2c/renderer_init:2:26768)\n    at IpcRendererInternal.<anonymous> (node:electron/js2c/renderer_init:2:17569)\n    at IpcRendererInternal.emit (node:events:519:28)\n    at Object.onMessage (node:electron/js2c/renderer_init:2:10679)"}]
[31956][1784860247009][requester][error]["OfflineAPIClientService~init: errored",{"name":"Error","message":"Datastore `remote-indexeddb` is already registered.","stack":"Error: Datastore `remote-indexeddb` is already registered.\n    at Object.registerDatastore (https://desktop.postman.com/_ar-assets/requester-desktop-3e2336d60a41d7fb.min.js:2657:6647)\n    at https://desktop.postman.com/_ar-assets/vendors-b47dc2056e2d15ba.min.js:1228:346704\n    at https://desktop.postman.com/_ar-assets/vendors-b47dc2056e2d15ba.min.js:1228:535471\n    at eA (https://desktop.postman.com/_ar-assets/vendors-b47dc2056e2d15ba.min.js:1228:526581)\n    at ek (https://desktop.postman.com/_ar-assets/vendors-b47dc2056e2d15ba.min.js:1228:526646)\n    at Object.tH (https://desktop.postman.com/_ar-assets/vendors-b47dc2056e2d15ba.min.js:1228:535498)\n    at g.initialize (https://desktop.postman.com/_ar-assets/vendors-b47dc2056e2d15ba.min.js:1228:345508)\n    at e.exports.start (https://desktop.postman.com/_ar-assets/vendors-b47dc2056e2d15ba.min.js:1228:349622)\n    at WebViewElement.<anonymous> (https://desktop.postman.com/_ar-assets/requester-desktop-3e2336d60a41d7fb.min.js:2591:66938)\n    at WebViewElement.i (https://desktop.postman.com/_ar-assets/vendors-b47dc2056e2d15ba.min.js:1205:145674)\n    at WebViewElement.nrWrapper (https://desktop.postman.com/?desktopVersion=12.20.2&userId=51092757&teamId=12425541&region=us:6:17817)\n    at WebViewImpl.dispatchEvent (node:electron/js2c/renderer_init:2:26768)\n    at IpcRendererInternal.<anonymous> (node:electron/js2c/renderer_init:2:17569)\n    at IpcRendererInternal.emit (node:events:519:28)\n    at Object.onMessage (node:electron/js2c/renderer_init:2:10679)"},{"context":{"api":"OfflineAPIClientService","domain":"runtime"}}]
[31956][1784860247010][requester][info]["initializePostV8UpdateCheck: Success"]
[31956][1784860247044][requester][info]["Requester~boot - Success"]
[31956][1784860247056][requester][info]["SharedRuntimeListeners~boot - Success"]
[31956][1784860247062][requester][info]["[AvailabilityManager] Registered panel \"collection\""]
[31956][1784860247062][requester][info]["[AvailabilityManager] Registered panel \"environment\""]
[31956][1784860247065][requester][info]["[AvailabilityManager] Registered panel \"documents\""]
[31956][1784860247065][requester][info]["[AvailabilityManager] Registered panel \"api-builder\""]
[31956][1784860247066][requester][info]["[AvailabilityManager] Registered panel \"specifications\""]
[31956][1784860247067][requester][info]["[AvailabilityManager] Registered panel \"sdks\""]
[31956][1784860247067][requester][info]["[AvailabilityManager] Registered panel \"local-mock\""]
[31956][1784860247068][requester][info]["[AvailabilityManager] Registered panel \"dataset\""]
[31956][1784860247068][requester][info]["[AvailabilityManager] Registered panel \"toolsets-local\""]
[31956][1784860247068][requester][info]["[AvailabilityManager] Registered panel \"flows\""]
[31956][1784860247069][requester][info]["[AvailabilityManager] Registered panel \"mock\""]
[31956][1784860247069][requester][info]["[AvailabilityManager] Registered panel \"monitor\""]
[31956][1784860247069][requester][info]["[AvailabilityManager] Registered panel \"webhooks\""]
[31956][1784860247069][requester][info]["[AvailabilityManager] Registered panel \"insights\""]
[31956][1784860247069][requester][info]["[AvailabilityManager] Registered panel \"deployed-flows\""]
[31956][1784860247070][requester][info]["[AvailabilityManager] Registered panel \"github-sdks-classic\""]
[31956][1784860247070][requester][info]["[AvailabilityManager] Registered panel \"mcp-servers\""]
[31956][1784860247070][requester][info]["[AvailabilityManager] Registered panel \"workspace-sync\""]
[31956][1784860247071][requester][info]["[AvailabilityManager] Registered panel \"workspace-diff-sidebar\""]
[31956][1784860247071][requester][info]["[AvailabilityManager] Registered panel \"history\""]
[31956][1784860247071][requester][info]["[AvailabilityManager] Registered panel \"files\""]
[31956][1784860247071][requester][info]["[AvailabilityManager] Registered panel \"governance-rulesets\""]
[31956][1784860247071][requester][info]["[AvailabilityManager] Registered panel \"governance-custom-functions\""]
[31956][1784860247071][requester][info]["[AvailabilityManager] Registered panel \"governance-workspace-groups\""]
[31956][1784860247072][requester][info]["[AvailabilityManager] Registered panel \"console\""]
[31956][1784860247072][requester][info]["[AvailabilityManager] Registered panel \"terminal\""]
[31956][1784860247072][requester][info]["[AvailabilityManager] Registered panel \"findReplace\""]
[31956][1784860247072][requester][info]["[AvailabilityManager] Registered panel \"diagnostics\""]
[31956][1784860247074][requester][info]["[AvailabilityManager] Registered panel group \"internal-dev-services\""]
[31956][1784860247075][requester][info]["[AvailabilityManager] Registered panel group \"cloud-services\""]
[31956][1784860247076][requester][info]["[AvailabilityManager] Registered panel group \"file-system\""]
[31956][1784860247078][requester][info]["[AvailabilityManager] Registered panel group \"terminal\""]
[31956][1784860247078][requester][info]["[AvailabilityManager] Registered panel group \"findReplace\""]
[31956][1784860247078][requester][info]["[AvailabilityManager] Registered panel group \"diagnostics\""]
[31956][1784860247083][requester][info]["[ManifestService] Registered 10 panel groups, 28 panels, and 0 panel templates"]
[31956][1784860247084][requester][info]["[ManifestService] AvailabilityManager initializing"]
[31956][1784860247084][requester][info]["[AvailabilityManager] Initializing..."]
[31956][1784860247090][requester][info]["[ManifestService] AvailabilityManager initialized"]
[31956][1784860247091][requester][info]["[ManifestService] Initialization complete"]
[31956][1784860247102][requester][info]["booted - requester"]
[31956][1784860247111][requester][info]["SyncManagerNew~setSync",true]
[31956][1784860247111][requester][info]["SyncManagerNew~signIn",{"forceConnect":true}]
[31956][1784860247276][requester][info]["[DockService] removePanelFromState: \"workspace-diff-sidebar\" from group \"history-modifications\""]
[31956][1784860247278][requester][info]["SyncManagerNew~createSocket",{"forceConnect":true}]
[31956][1784860247279][requester][info]["SyncManagerNew~createSocket - socket url","https://bifrost-v4-global.gw.postman.com"]
[31956][1784860247279][requester][info]["SyncManagerNew~createSocket","sailsIO.connect",{"url":"https://bifrost-v4-global.gw.postman.com","opts":{"reconnectionDelay":10000,"reconnectionDelayMax":60000,"reconnectionAttempts":8,"randomizationFactor":0.3}}]
[31956][1784860247279][requester][info]["SyncManagerNew~createSocket - userContext: ",{"os":"linux 7.1.4-1-cachyos","type":"app_native","version":"12.20.2-ui-260722-0232","productVersion":"12.20.2"}]
[31956][1784860247350][requester][info]["CloudProxyHandler: Proxy configuration has not been setup"]
[31956][1784860247495][requester][error]["PlanFeatureStore~fetchPlanFeatures",{"name":"Error","message":"Cannot parse the response as json","stack":"Error: Cannot parse the response as json\n    at e.request (https://desktop.postman.com/_ar-assets/requester-desktop-3e2336d60a41d7fb.min.js:3801:23336)"},{"context":{"api":"PlanFeaturesStore","domain":"billing"}}]
[31956][1784860247527][requester][info]["instrumentSeries ~ Sending metric requester-init-series-getLaunchParams to client envets with value 12.200000000186265"]
[31956][1784860247527][requester][info]["instrumentSeries ~ Sending metric requester-init-series-windowConfig to client envets with value 0.5"]
[31956][1784860247527][requester][info]["instrumentSeries ~ Sending metric requester-init-series-Logger to client envets with value 7.100000000093132"]
[31956][1784860247527][requester][info]["instrumentSeries ~ Sending metric requester-init-series-initializeNavigation to client envets with value 7.2999999998137355"]
[31956][1784860247528][requester][info]["instrumentSeries ~ Sending metric requester-init-series-initializeNavigationForDomains to client envets with value 10.399999999906868"]
[31956][1784860247528][requester][info]["instrumentSeries ~ Sending metric requester-init-series-Messaging to client envets with value 11.700000000186265"]
[31956][1784860247528][requester][info]["instrumentSeries ~ Sending metric requester-init-series-CrashReporter to client envets with value 63.60000000009313"]
[31956][1784860247528][requester][info]["instrumentSeries ~ Sending metric requester-init-series-Telemetry to client envets with value 2.1999999997206032"]
[31956][1784860247528][requester][info]["instrumentSeries ~ Sending metric requester-init-series-registerServiceWorkerListeners to client envets with value 0.20000000018626451"]
[31956][1784860247528][requester][info]["instrumentSeries ~ Sending metric requester-init-series-initializeConfigurations to client envets with value 4.599999999627471"]
[31956][1784860247529][requester][info]["instrumentSeries ~ Sending metric requester-init-series-migrateLocalStorage to client envets with value 1286.1000000000931"]
[31956][1784860247529][requester][info]["instrumentSeries ~ Sending metric requester-init-series-Settings to client envets with value 36.60000000009313"]
[31956][1784860247530][requester][info]["instrumentSeries ~ Sending metric requester-init-series-initializeDB to client envets with value 665.8999999999069"]
[31956][1784860247530][requester][info]["instrumentSeries ~ Sending metric requester-init-series-WLModels to client envets with value 0.6000000000931323"]
[31956][1784860247531][requester][info]["instrumentSeries ~ Sending metric requester-init-series-bootWindowConfig to client envets with value 9.399999999906868"]
[31956][1784860247531][requester][info]["instrumentSeries ~ Sending metric requester-init-series-IndependentServices to client envets with value 3.6000000000931323"]
[31956][1784860247532][requester][info]["instrumentSeries ~ Sending metric requester-init-series-initAppBadgeAnalytics to client envets with value 0.3000000002793968"]
[31956][1784860247532][requester][info]["instrumentSeries ~ Sending metric requester-init-series-AppModels to client envets with value 18.399999999906868"]
[31956][1784860247532][requester][info]["instrumentSeries ~ Sending metric requester-init-series-performSingletonSteps to client envets with value 88.79999999981374"]
[31956][1784860247533][requester][info]["instrumentSeries ~ Sending metric requester-init-series-CurrentUserDetailsService to client envets with value 6.5"]
[31956][1784860247533][requester][info]["instrumentSeries ~ Sending metric requester-init-series-i18nService to client envets with value 10"]
[31956][1784860247533][requester][info]["instrumentSeries ~ Sending metric requester-init-series-checkVersionLock to client envets with value 0.39999999990686774"]
[31956][1784860247533][requester][info]["instrumentSeries ~ Sending metric requester-init-series-prefetchWorkspaceData to client envets with value 23.299999999813735"]
[31956][1784860247533][requester][info]["instrumentSeries ~ Sending metric requester-init-series-Shared to client envets with value 42.39999999990687"]
[31956][1784860247533][requester][info]["instrumentSeries ~ Sending metric requester-init-series-RuntimeInterface to client envets with value 5.100000000093132"]
[31956][1784860247533][requester][info]["instrumentSeries ~ Sending metric requester-init-series-bootExtensibleCollections to client envets with value 38.200000000186265"]
[31956][1784860247533][requester][info]["instrumentSeries ~ Sending metric requester-init-series-bootManifest to client envets with value 5.7999999998137355"]
[31956][1784860247533][requester][info]["instrumentSeries ~ Sending metric requester-init-series-initializeCommunicationForCookies to client envets with value 0.6000000000931323"]
[31956][1784860247534][requester][info]["instrumentSeries ~ Sending metric requester-init-series-setupVersionLockListener to client envets with value 2.099999999627471"]
[31956][1784860247534][requester][info]["instrumentSeries ~ Sending metric requester-init-series-setupProductUpdatesListener to client envets with value 0.3000000002793968"]
[31956][1784860247534][requester][info]["instrumentSeries ~ Sending metric requester-init-series-bootDBWatcher to client envets with value 0.6999999997206032"]
[31956][1784860247534][requester][info]["instrumentSeries ~ Sending metric requester-init-series-bootThemeManager to client envets with value 3.1000000000931323"]
[31956][1784860247534][requester][info]["instrumentSeries ~ Sending metric requester-init-series-bootWorkbenchService to client envets with value 3.5"]
[31956][1784860247534][requester][info]["instrumentSeries ~ Sending metric requester-init-series-Requester to client envets with value 900.3999999999069"]
[31956][1784860247534][requester][info]["instrumentSeries ~ Sending metric requester-init-series-bootRuntimeListeners to client envets with value 12.200000000186265"]
[31956][1784860247534][requester][info]["instrumentSeries ~ Sending metric requester-init-series-PlanFeaturesInterface to client envets with value 4.100000000093132"]
[31956][1784860247534][requester][info]["instrumentSeries ~ Sending metric requester-init-series-ManifestService to client envets with value 38"]
[31956][1784860247686][requester][info]["IPCAgent~select: IPCAgent selected","1f1269ef-b8dd-4b2e-9dfc-bf2a10d694f0"]
[31956][1784860248692][requester][info]["DesktopLocationService ~ init initialized"]
[31956][1784860248696][requester][info]["NavigationService ~ Initialized: Success"]
[31956][1784860248696][requester][info]["initializeNavigation~boot - Success"]
[31956][1784860248699][requester][error]["NavigationService~register- A route already registered for this intent. Duplicate routes not supported."]
[31956][1784860248707][requester][info]["EventBus~initialize - Success"]
[31956][1784860248708][requester][info]["Messaging~boot - Success"]
[31956][1784860248951][requester][info]["bootCrashReporter~ Success"]
[31956][1784860248953][requester][info]["Telemetry~boot - Success"]
[31956][1784860248957][requester][info]["bootConfigurations~initialize - Success"]
[31956][1784860248958][requester][info]["migrateLocalStorage: Bailing out"]
[31956][1784860248967][requester][info]["Settings~boot - Success"]
[31956][1784860248967][requester][info]["Migrations: all migrations finished and no version downgrade detected. Skipping migrations."]
[31956][1784860248968][requester][info]["WindowController~initialize - Success"]
[31956][1784860249057][requester][info]["Session~boot - Success"]
[31956][1784860249060][requester][info]["IndependentServices~boot - Success"]
[31956][1784860249071][requester][info]["AppModels~boot - Success"]
[31956][1784860249077][requester][info]["CookiesBootHelper~Migration: Bailing out, no migrations to apply."]
[31956][1784860249126][requester][info]["bootIndependentServicesShared: Success"]
[31956][1784860249127][requester][info]["instrumentSeries ~ Sending metric requester-init-singleton-initializeConfigurationsValues to client envets with value 2.8999999999068677"]
[31956][1784860249130][requester][info]["instrumentSeries ~ Sending metric requester-init-singleton-cleanupRunner to client envets with value 0.8999999999068677"]
[31956][1784860249131][requester][info]["instrumentSeries ~ Sending metric requester-init-singleton-migrateCookiesFromElectron to client envets with value 1.3000000002793968"]
[31956][1784860249132][requester][info]["instrumentSeries ~ Sending metric requester-init-singleton-cleanupCookies to client envets with value 40.5"]
[31956][1784860249132][requester][info]["instrumentSeries ~ Sending metric requester-init-singleton-clearEditorDataCache to client envets with value 7.199999999720603"]
[31956][1784860249132][requester][info]["instrumentSeries ~ Sending metric requester-init-singleton-bootIndependentServicesShare to client envets with value 0.7000000001862645"]
[31956][1784860249133][requester][info]["performSingletonJobs: Success"]
[31956][1784860249157][requester][info]["checkVersionLock: Starting version lock check"]
[31956][1784860249635][requester][info]["performVersionLockCheck: Current version is valid for the user"]
[31956][1784860249636][requester][info]["checkVersionLock: Version lock check passed"]
[31956][1784860249647][requester][info]["prefetchWorkspaceData~waitForAuthDuringLoginAction - login/signup  detected, checking authentication state"]
[31956][1784860249647][requester][info]["prefetchWorkspaceData~waitForAuthDuringLoginAction - Authentication already available, proceeding"]
[31956][1784860249654][requester][info]["SyncManagerNew~setSync",true]
[31956][1784860249654][requester][info]["SyncManagerNew~signIn",{"forceConnect":true}]
[31956][1784860249655][requester][info]["Sync~boot - Success"]
[31956][1784860249657][requester][info]["SyncManagerNew~createSocket",{"forceConnect":true}]
[31956][1784860249658][requester][info]["SyncManagerNew~createSocket - socket url","https://bifrost-v4-global.gw.postman.com"]
[31956][1784860249658][requester][info]["SyncManagerNew~createSocket","sailsIO.connect",{"url":"https://bifrost-v4-global.gw.postman.com","opts":{"reconnectionDelay":10000,"reconnectionDelayMax":60000,"reconnectionAttempts":8,"randomizationFactor":0.3}}]
[31956][1784860249658][requester][info]["SyncManagerNew~createSocket - userContext: ",{"userId":"51092757","os":"linux 7.1.4-1-cachyos","type":"app_native","version":"12.20.2-ui-260722-0232","productVersion":"12.20.2"}]
[31956][1784860249718][requester][info]["PostUpdateBackup~init: Success"]
[31956][1784860249724][requester][info]["Shared~boot - Success"]
[31956][1784860249725][requester][info]["IPCAgent~select: IPCAgent selected","ca902257-6896-4019-a4e9-ed105e5ff4aa"]
[31956][1784860249749][requester][info]["ExtensibleCollections~boot - Success"]
[31956][1784860249753][requester][info]["DBWatcher~boot - Success"]
[31956][1784860249754][requester][info]["ThemeManager~boot - Success"]
[31956][1784860249757][requester][info]["WorkbenchService~boot - Success"]
[31956][1784860249757][requester][info]["Store~boot - Success"]
[31956][1784860249758][requester][info]["Shortcuts~boot - Success"]
[31956][1784860249767][requester][info]["OfflineAPIClientService~init: started"]
[31956][1784860249767][requester][info]["OfflineAPIClientService~init: settings cache isOfflineAPIClientEnabled",]
[31956][1784860249767][requester][info]["OfflineAPIClientService~init: Boot started"]
[31956][1784860249767][requester][info]["ScratchpadMigrationBootFirmware~bootFirmware : Booting started"]
[31956][1784860249768][requester][info]["bootMigrationFirmware~initializeMigrationFirmware : started"]
[31956][1784860249769][requester][info]["bootMigrationFirmware~getFirmwareWebview : partition string created","persist:221ad43e-90f9-4b3c-96bd-30e75895b6de"]
[31956][1784860249770][requester][info]["bootMigrationFirmware~getFirmwareWebview : webview created"]
[31956][1784860249779][requester][info]["bootMigrationFirmware~getLocalStorageAdapter : getting local storage adapter"]
[31956][1784860249798][requester][info]["LocalSecretProtection~setupReactionsForLocalMode: MobX reaction set up for local mode workspace changes",{"context":{"api":"LocalSecretProtection","domain":"secret-scanner"}}]
[31956][1784860250446][requester][info]["SyncManagerNew~setSync",true]
[31956][1784860250563][requester][info]["bootMigrationFirmware~bootstrapORM : webview dom-ready"]
[31956][1784860250564][requester][info]["bootMigrationFirmware~bootstrapORM : started"]
[31956][1784860250591][requester][info]["bootMigrationFirmware~bootstrapORM- Success"]
[31956][1784860250603][requester][info]["OfflineAPIClientService~init: Boot done isOfflineAPIClientEnabled",true]
[31956][1784860250604][requester][info]["initializePostV8UpdateCheck: Success"]
[31956][1784860250621][requester][info]["Requester~boot - Success"]
[31956][1784860250628][requester][info]["SharedRuntimeListeners~boot - Success"]
[31956][1784860250631][requester][info]["[AvailabilityManager] Registered panel \"collection\""]
[31956][1784860250632][requester][info]["[AvailabilityManager] Registered panel \"environment\""]
[31956][1784860250632][requester][info]["[AvailabilityManager] Registered panel \"documents\""]
[31956][1784860250633][requester][info]["[AvailabilityManager] Registered panel \"api-builder\""]
[31956][1784860250633][requester][info]["[AvailabilityManager] Registered panel \"specifications\""]
[31956][1784860250633][requester][info]["[AvailabilityManager] Registered panel \"sdks\""]
[31956][1784860250634][requester][info]["[AvailabilityManager] Registered panel \"local-mock\""]
[31956][1784860250634][requester][info]["[AvailabilityManager] Registered panel \"dataset\""]
[31956][1784860250634][requester][info]["[AvailabilityManager] Registered panel \"toolsets-local\""]
[31956][1784860250634][requester][info]["[AvailabilityManager] Registered panel \"flows\""]
[31956][1784860250634][requester][info]["[AvailabilityManager] Registered panel \"mock\""]
[31956][1784860250635][requester][info]["[AvailabilityManager] Registered panel \"monitor\""]
[31956][1784860250635][requester][info]["[AvailabilityManager] Registered panel \"webhooks\""]
[31956][1784860250635][requester][info]["[AvailabilityManager] Registered panel \"insights\""]
[31956][1784860250635][requester][info]["[AvailabilityManager] Registered panel \"deployed-flows\""]
[31956][1784860250635][requester][info]["[AvailabilityManager] Registered panel \"github-sdks-classic\""]
[31956][1784860250636][requester][info]["[AvailabilityManager] Registered panel \"mcp-servers\""]
[31956][1784860250636][requester][info]["[AvailabilityManager] Registered panel \"workspace-sync\""]
[31956][1784860250636][requester][info]["[AvailabilityManager] Registered panel \"workspace-diff-sidebar\""]
[31956][1784860250636][requester][info]["[AvailabilityManager] Registered panel \"history\""]
[31956][1784860250636][requester][info]["[AvailabilityManager] Registered panel \"files\""]
[31956][1784860250636][requester][info]["[AvailabilityManager] Registered panel \"governance-rulesets\""]
[31956][1784860250637][requester][info]["[AvailabilityManager] Registered panel \"governance-custom-functions\""]
[31956][1784860250637][requester][info]["[AvailabilityManager] Registered panel \"governance-workspace-groups\""]
[31956][1784860250637][requester][info]["[AvailabilityManager] Registered panel \"console\""]
[31956][1784860250637][requester][info]["[AvailabilityManager] Registered panel \"terminal\""]
[31956][1784860250637][requester][info]["[AvailabilityManager] Registered panel \"findReplace\""]
[31956][1784860250637][requester][info]["[AvailabilityManager] Registered panel \"diagnostics\""]
[31956][1784860250640][requester][info]["[AvailabilityManager] Registered panel group \"internal-dev-services\""]
[31956][1784860250641][requester][info]["[AvailabilityManager] Registered panel group \"cloud-services\""]
[31956][1784860250645][requester][info]["[AvailabilityManager] Registered panel group \"file-system\""]
[31956][1784860250651][requester][info]["[AvailabilityManager] Registered panel group \"terminal\""]
[31956][1784860250651][requester][info]["[AvailabilityManager] Registered panel group \"findReplace\""]
[31956][1784860250651][requester][info]["[AvailabilityManager] Registered panel group \"diagnostics\""]
[31956][1784860250662][requester][info]["[ManifestService] Registered 10 panel groups, 28 panels, and 0 panel templates"]
[31956][1784860250662][requester][info]["[ManifestService] AvailabilityManager initializing"]
[31956][1784860250663][requester][info]["[AvailabilityManager] Initializing..."]
[31956][1784860250668][requester][info]["[ManifestService] AvailabilityManager initialized"]
[31956][1784860250669][requester][info]["[ManifestService] Initialization complete"]
[31956][1784860250686][requester][info]["booted - requester"]
[31956][1784860250774][requester][info]["[DockService] removePanelFromState: \"workspace-diff-sidebar\" from group \"history-modifications\""]
[31956][1784860250796][requester][info]["[DockManager] setAvailability: panel \"collection\" → true"]
[31956][1784860250796][requester][info]["[RegistryService] setAvailability: panel \"collection\" → true"]
[31956][1784860250796][requester][warn]["[DockService] addPanelToState: Unknown group \"internal-dev-services\" for panel \"collection\""]
[31956][1784860250797][requester][info]["[DockManager] setAvailability: panel \"documents\" → false"]
[31956][1784860250797][requester][info]["[RegistryService] setAvailability: panel \"documents\" → false"]
[31956][1784860250797][requester][info]["[DockManager] setAvailability: panel \"api-builder\" → true"]
[31956][1784860250798][requester][info]["[RegistryService] setAvailability: panel \"api-builder\" → true"]
[31956][1784860250798][requester][warn]["[DockService] addPanelToState: Unknown group \"internal-dev-services\" for panel \"api-builder\""]
[31956][1784860250798][requester][info]["[DockManager] setAvailability: panel \"toolsets-local\" → false"]
[31956][1784860250798][requester][info]["[RegistryService] setAvailability: panel \"toolsets-local\" → false"]
[31956][1784860250799][requester][info]["[DockManager] setAvailability: panel \"mock\" → true"]
[31956][1784860250799][requester][info]["[RegistryService] setAvailability: panel \"mock\" → true"]
[31956][1784860250799][requester][warn]["[DockService] addPanelToState: Unknown group \"cloud-services\" for panel \"mock\""]
[31956][1784860250799][requester][info]["[DockManager] setAvailability: panel \"webhooks\" → false"]
[31956][1784860250799][requester][info]["[RegistryService] setAvailability: panel \"webhooks\" → false"]
[31956][1784860250800][requester][info]["[DockManager] setAvailability: panel \"mcp-servers\" → false"]
[31956][1784860250800][requester][info]["[RegistryService] setAvailability: panel \"mcp-servers\" → false"]
[31956][1784860250800][requester][info]["[DockManager] setAvailability: panelGroup \"terminal\" → true"]
[31956][1784860250800][requester][info]["[RegistryService] setAvailability: panelGroup \"terminal\" → true"]
[31956][1784860250800][requester][info]["[DockService] addPanelGroupToState: \"terminal\""]
[31956][1784860250801][requester][info]["[DockManager] setAvailability: panelGroup \"findReplace\" → true"]
[31956][1784860250801][requester][info]["[RegistryService] setAvailability: panelGroup \"findReplace\" → true"]
[31956][1784860250801][requester][info]["[DockService] addPanelGroupToState: \"findReplace\""]
[31956][1784860250802][requester][info]["[DockManager] setAvailability: panelGroup \"diagnostics\" → false"]
[31956][1784860250802][requester][info]["[RegistryService] setAvailability: panelGroup \"diagnostics\" → false"]
[31956][1784860250803][requester][warn]["[DockManager] disablePanelGroup: Group not found in state",{"panelGroupId":"diagnostics"}]
[31956][1784860250887][requester][info]["CloudProxyHandler: Proxy configuration has not been setup"]
[31956][1784860250976][requester][info]["SyncManagerNew~_onConnect"]
[31956][1784860250981][requester][info]["SyncManagerNew~signIn",{}]
[31956][1784860250982][requester][info]["setupVersionLockListener: Attached listener for version lock check events"]
[31956][1784860250990][requester][info]["SyncTimelineHelper: Force stopping all timelines"]
[31956][1784860251061][requester][info]["BaseSyncTimeline~subscribe: Subscribing to real time changes for user:51092757"]
[31956][1784860251062][requester][info]["BaseSyncTimeline~_sync: Starting sync for user:51092757"]
[31956][1784860251062][requester][info]["BaseSyncTimeline~getPendingClientChanges: Starting to get pending changes for user:51092757"]
[31956][1784860251068][requester][info]["BaseSyncTimeline~getPendingClientChanges: Finished to get pending changes for user:51092757"]
[31956][1784860251071][requester][info]["BaseSyncTimeline~getPendingServerChanges: Starting /sync call for user:51092757"]
[31956][1784860251089][requester][info]["instrumentSeries ~ Sending metric requester-init-series-getLaunchParams to client envets with value 11.199999999720603"]
[31956][1784860251090][requester][info]["instrumentSeries ~ Sending metric requester-init-series-windowConfig to client envets with value 0.2999999998137355"]
[31956][1784860251090][requester][info]["instrumentSeries ~ Sending metric requester-init-series-Logger to client envets with value 3"]
[31956][1784860251090][requester][info]["instrumentSeries ~ Sending metric requester-init-series-initializeNavigation to client envets with value 4.300000000279397"]
[31956][1784860251090][requester][info]["instrumentSeries ~ Sending metric requester-init-series-initializeNavigationForDomains to client envets with value 3.2999999998137355"]
[31956][1784860251090][requester][info]["instrumentSeries ~ Sending metric requester-init-series-Messaging to client envets with value 9.200000000186265"]
[31956][1784860251091][requester][info]["instrumentSeries ~ Sending metric requester-init-series-CrashReporter to client envets with value 243.09999999962747"]
[31956][1784860251091][requester][info]["instrumentSeries ~ Sending metric requester-init-series-Telemetry to client envets with value 1.7000000001862645"]
[31956][1784860251091][requester][info]["instrumentSeries ~ Sending metric requester-init-series-registerServiceWorkerListeners to client envets with value 0.10000000009313226"]
[31956][1784860251091][requester][info]["instrumentSeries ~ Sending metric requester-init-series-initializeConfigurations to client envets with value 3.3999999999068677"]
[31956][1784860251091][requester][info]["instrumentSeries ~ Sending metric requester-init-series-migrateLocalStorage to client envets with value 1.2000000001862645"]
[31956][1784860251092][requester][info]["instrumentSeries ~ Sending metric requester-init-series-Settings to client envets with value 8.399999999906868"]
[31956][1784860251092][requester][info]["instrumentSeries ~ Sending metric requester-init-series-initializeDB to client envets with value 0.7999999998137355"]
[31956][1784860251092][requester][info]["instrumentSeries ~ Sending metric requester-init-series-WLModels to client envets with value 0.2999999998137355"]
[31956][1784860251092][requester][info]["instrumentSeries ~ Sending metric requester-init-series-bootWindowConfig to client envets with value 89.40000000037253"]
[31956][1784860251092][requester][info]["instrumentSeries ~ Sending metric requester-init-series-IndependentServices to client envets with value 3"]
[31956][1784860251093][requester][info]["instrumentSeries ~ Sending metric requester-init-series-initAppBadgeAnalytics to client envets with value 0.5"]
[31956][1784860251093][requester][info]["instrumentSeries ~ Sending metric requester-init-series-AppModels to client envets with value 11.400000000372529"]
[31956][1784860251093][requester][info]["instrumentSeries ~ Sending metric requester-init-series-performSingletonSteps to client envets with value 60.5"]
[31956][1784860251093][requester][info]["instrumentSeries ~ Sending metric requester-init-series-CurrentUserDetailsService to client envets with value 18.299999999813735"]
[31956][1784860251093][requester][info]["instrumentSeries ~ Sending metric requester-init-series-i18nService to client envets with value 5.2999999998137355"]
[31956][1784860251093][requester][info]["instrumentSeries ~ Sending metric requester-init-series-checkVersionLock to client envets with value 479.20000000018626"]
[31956][1784860251094][requester][info]["instrumentSeries ~ Sending metric requester-init-series-prefetchWorkspaceData to client envets with value 11.299999999813735"]
[31956][1784860251094][requester][info]["instrumentSeries ~ Sending metric requester-init-series-Shared to client envets with value 76.39999999990687"]
[31956][1784860251094][requester][info]["instrumentSeries ~ Sending metric requester-init-series-RuntimeInterface to client envets with value 4.100000000093132"]
[31956][1784860251094][requester][info]["instrumentSeries ~ Sending metric requester-init-series-bootExtensibleCollections to client envets with value 21.09999999962747"]
[31956][1784860251094][requester][info]["instrumentSeries ~ Sending metric requester-init-series-bootManifest to client envets with value 3"]
[31956][1784860251094][requester][info]["instrumentSeries ~ Sending metric requester-init-series-initializeCommunicationForCookies to client envets with value 0.10000000009313226"]
[31956][1784860251094][requester][info]["instrumentSeries ~ Sending metric requester-init-series-setupVersionLockListener to client envets with value 0"]
[31956][1784860251095][requester][info]["instrumentSeries ~ Sending metric requester-init-series-setupProductUpdatesListener to client envets with value 0"]
[31956][1784860251095][requester][info]["instrumentSeries ~ Sending metric requester-init-series-bootDBWatcher to client envets with value 0.39999999990686774"]
[31956][1784860251095][requester][info]["instrumentSeries ~ Sending metric requester-init-series-bootThemeManager to client envets with value 1.2999999998137355"]
[31956][1784860251095][requester][info]["instrumentSeries ~ Sending metric requester-init-series-bootWorkbenchService to client envets with value 2.5"]
[31956][1784860251095][requester][info]["instrumentSeries ~ Sending metric requester-init-series-Requester to client envets with value 864.1000000000931"]
[31956][1784860251095][requester][info]["instrumentSeries ~ Sending metric requester-init-series-bootRuntimeListeners to client envets with value 7"]
[31956][1784860251096][requester][info]["instrumentSeries ~ Sending metric requester-init-series-PlanFeaturesInterface to client envets with value 2.3999999999068677"]
[31956][1784860251096][requester][info]["instrumentSeries ~ Sending metric requester-init-series-ManifestService to client envets with value 54.39999999990687"]
[31956][1784860251152][requester][info]["SyncManagerNew~setSync",true]
[31956][1784860251718][requester][info]["[DockManager] setAvailability: panel \"sdks\" → false"]
[31956][1784860251718][requester][info]["[RegistryService] setAvailability: panel \"sdks\" → false"]
[31956][1784860251719][requester][info]["[DockManager] setAvailability: panel \"local-mock\" → false"]
[31956][1784860251720][requester][info]["[RegistryService] setAvailability: panel \"local-mock\" → false"]
[31956][1784860251720][requester][info]["[DockManager] setAvailability: panel \"dataset\" → false"]
[31956][1784860251720][requester][info]["[RegistryService] setAvailability: panel \"dataset\" → false"]
[31956][1784860251720][requester][info]["[DockManager] setAvailability: panel \"github-sdks-classic\" → false"]
[31956][1784860251721][requester][info]["[RegistryService] setAvailability: panel \"github-sdks-classic\" → false"]
[31956][1784860251831][requester][info]["BaseSyncTimeline~SyncFinishedObservable: Successful sync proceeding with integrity check and force sync for user:51092757"]
[31956][1784860251832][requester][info]["BaseSyncTimeline~_handleForceSync: Bailing out of force sync for user:51092757"]
[31956][1784860251867][requester][info]["VariableSyncSettingsStore~fetchDataAndSubscribe: status 200, retry 0"]
[31956][1784860252347][requester][info]["SessionValidation - Registering listener"]
[31956][1784860252662][requester][info]["SessionValidation - Registering listener"]
[31956][1784860252669][requester][info]["SessionValidation - De-registering listener"]
[31956][1784860252684][requester][info]["UI pulled the session locked information on init"]
[31956][1784860252765][requester][info]["UI pulled the session locked information on init"]
[31956][1784860252777][requester][info]["TabUIStore~requestingSaveTabId : savingTabId",]
[31956][1784860252892][requester][info]["AppBootTracker~app no promises registered for boot, marking app as booted"]
[31956][1784860252898][requester][info]["GateKeeperService~onWebsocketToggle Key value toggled for Websocket to true"]
[31956][1784860252899][requester][info]["GateKeeperService~onNotificationToggle Key value toggled for Notification to true"]
[31956][1784860252899][requester][info]["GateKeeperService~onSyncToggle Key value toggled for Sync to true"]
[31956][1784860252899][requester][warn]["GateKeeperService~_handleKeyUpdate: Invalid key type provided",{"type":"flags","value":false}]
[31956][1784860253034][requester][warn]["SyncManagerNew~attachGateKeeperHandlers: listening to notification event",{"name":"notification","namespace":"gatekeeper","data":{"isEnabled":true}}]
[31956][1784860253103][requester][info]["GateKeeperService~onWebsocketToggle Key value toggled for Websocket to true"]
[31956][1784860253103][requester][info]["GateKeeperService~onNotificationToggle Key value toggled for Notification to true"]
[31956][1784860253105][requester][info]["GateKeeperService~onSyncToggle Key value toggled for Sync to true"]
[31956][1784860253111][requester][warn]["GateKeeperService~_handleKeyUpdate: Invalid key type provided",{"type":"flags","value":false}]
[31956][1784860253123][requester][info]["EnvironmentSessionUpdate~updateDependentSession event","2d498b95-d42e-4812-8ea2-f99e68804df5",{"model":"globals","triggerSource":"globals-fetch","workspaceMode":"Cloud","isFilesystemSession":false}]
[31956][1784860253126][requester][info]["VariableSessionController~update - event update","globals/2d498b95-d42e-4812-8ea2-f99e68804df5/057aa423-deb1-4f21-8ae0-c2d55832f386",{"triggerSource":"globals-fetch"}]
[31956][1784860253451][requester][warn]["SyncManagerNew~attachGateKeeperHandlers: listening to notification event",{"name":"notification","namespace":"gatekeeper","data":{"isEnabled":true}}]
[31956][1784860253664][requester][info]["ExecuteLowPriorityTasks~starting execution of low priority tasks"]
[31956][1784860253803][requester][info]["TabUIStore~requestingSaveTabId : savingTabId",]
[31956][1784860253804][requester][info]["[DockManager] setAvailability: panelGroup \"internal-dev-services\" → true"]
[31956][1784860253805][requester][info]["[RegistryService] setAvailability: panelGroup \"internal-dev-services\" → true"]
[31956][1784860253805][requester][info]["[DockService] addPanelGroupToState: \"internal-dev-services\""]
[31956][1784860253806][requester][info]["[DockManager] setAvailability: panelGroup \"cloud-services\" → true"]
[31956][1784860253806][requester][info]["[RegistryService] setAvailability: panelGroup \"cloud-services\" → true"]
[31956][1784860253806][requester][info]["[DockService] addPanelGroupToState: \"cloud-services\""]
[31956][1784860253821][requester][info]["[DockManager] reinitialize: Starting"]
[31956][1784860253822][requester][info]["[DockManager] setAvailability: panelGroup \"internal-dev-services\" → true"]
[31956][1784860253823][requester][info]["[RegistryService] setAvailability: panelGroup \"internal-dev-services\" → true"]
[31956][1784860253823][requester][info]["[DockService] addPanelGroupToState: \"internal-dev-services\""]
[31956][1784860253824][requester][info]["[DockManager] setAvailability: panelGroup \"cloud-services\" → true"]
[31956][1784860253824][requester][info]["[RegistryService] setAvailability: panelGroup \"cloud-services\" → true"]
[31956][1784860253824][requester][info]["[DockService] addPanelGroupToState: \"cloud-services\""]
[31956][1784860253839][requester][info]["TabUIStore~requestingSaveTabId : savingTabId",]
[31956][1784860253951][requester][info]["[DockService] reinitialize: Rebuilding state from registry"]
[31956][1784860253953][requester][info]["[DockService] reinitialize: State rebuilt",{"hosts":3,"panelGroups":9,"panels":14}]
[31956][1784860253956][requester][info]["[DockManager] applyConfig: Applying config",{"hostId":"primarySidebar"}]
[31956][1784860253958][requester][warn]["[DockService] Cannot apply config to unknown panel \"flows\""]
[31956][1784860253958][requester][warn]["[DockService] Cannot apply config to unknown panel \"deployed-flows\""]
[31956][1784860253958][requester][warn]["[DockService] Cannot apply config to unknown panel \"insights\""]
[31956][1784860253958][requester][warn]["[DockService] Cannot apply config to unknown panel \"sdks\""]
[31956][1784860253959][requester][warn]["[DockService] Cannot apply config to unknown panel \"documents\""]
[31956][1784860253959][requester][warn]["[DockService] Cannot apply config to unknown panel \"webhooks\""]
[31956][1784860253959][requester][warn]["[DockService] Cannot apply config to unknown panel \"dataset\""]
[31956][1784860253959][requester][info]["[DockManager] reinitialize: Complete"]
[31956][1784860254397][requester][info]["IPCAgent~select: IPCAgent selected","d11d9537-a0b8-4e7c-852b-897a734fadfc"]
[31956][1784860254398][requester][info]["IPCAgentNew~select: IPCAgentNew selected","d11d9537-a0b8-4e7c-852b-897a734fadfc"]
[31956][1784860254404][requester][info]["[DockManager] setAvailability: panel \"local-mock\" → false"]
[31956][1784860254405][requester][info]["[RegistryService] setAvailability: panel \"local-mock\" → false"]
[31956][1784860254405][requester][info]["[DockManager] setAvailability: panel \"dataset\" → false"]
[31956][1784860254405][requester][info]["[RegistryService] setAvailability: panel \"dataset\" → false"]
[31956][1784860254405][requester][info]["[DockManager] setAvailability: panel \"insights\" → false"]
[31956][1784860254405][requester][info]["[RegistryService] setAvailability: panel \"insights\" → false"]
[31956][1784860254406][requester][info]["[DockManager] setAvailability: panel \"toolsets-local\" → false"]
[31956][1784860254406][requester][info]["[RegistryService] setAvailability: panel \"toolsets-local\" → false"]
[31956][1784860254406][requester][info]["[DockManager] setAvailability: panel \"github-sdks-classic\" → false"]
[31956][1784860254406][requester][info]["[RegistryService] setAvailability: panel \"github-sdks-classic\" → false"]
[31956][1784860254407][requester][info]["[DockManager] setAvailability: panelGroup \"diagnostics\" → true"]
[31956][1784860254407][requester][info]["[RegistryService] setAvailability: panelGroup \"diagnostics\" → true"]
[31956][1784860254407][requester][info]["[DockService] addPanelGroupToState: \"diagnostics\""]
[31956][1784860254408][requester][info]["[DockManager] setAvailability: panel \"webhooks\" → true"]
[31956][1784860254409][requester][info]["[RegistryService] setAvailability: panel \"webhooks\" → true"]
[31956][1784860254409][requester][info]["[DockService] addPanelToState: \"webhooks\" → group \"cloud-services\""]
[31956][1784860254410][requester][info]["[DockManager] setAvailability: panel \"dataset\" → false"]
[31956][1784860254411][requester][info]["[RegistryService] setAvailability: panel \"dataset\" → false"]
[31956][1784860254411][requester][info]["[DockManager] setAvailability: panel \"sdks\" → false"]
[31956][1784860254412][requester][info]["[RegistryService] setAvailability: panel \"sdks\" → false"]
[31956][1784860254412][requester][info]["[DockManager] setAvailability: panel \"sdks\" → false"]
[31956][1784860254412][requester][info]["[RegistryService] setAvailability: panel \"sdks\" → false"]
[31956][1784860254412][requester][info]["[DockManager] setAvailability: panel \"mcp-servers\" → false"]
[31956][1784860254412][requester][info]["[RegistryService] setAvailability: panel \"mcp-servers\" → false"]
[31956][1784860254412][requester][info]["[DockManager] setAvailability: panel \"flows\" → true"]
[31956][1784860254413][requester][info]["[RegistryService] setAvailability: panel \"flows\" → true"]
[31956][1784860254413][requester][info]["[DockService] addPanelToState: \"flows\" → group \"internal-dev-services\""]
[31956][1784860254413][requester][info]["[DockManager] setAvailability: panel \"deployed-flows\" → true"]
[31956][1784860254413][requester][info]["[RegistryService] setAvailability: panel \"deployed-flows\" → true"]
[31956][1784860254413][requester][info]["[DockService] addPanelToState: \"deployed-flows\" → group \"cloud-services\""]
[31956][1784860254414][requester][info]["[DockManager] setAvailability: panel \"documents\" → true"]
[31956][1784860254414][requester][info]["[RegistryService] setAvailability: panel \"documents\" → true"]
[31956][1784860254414][requester][info]["[DockService] addPanelToState: \"documents\" → group \"internal-dev-services\""]
[31956][1784860254542][requester][info]["ConnectionModeStore~_isFirstLoad",true]
[31956][1784860255215][requester][info]["[DockManager] setAvailability: panel \"workspace-sync\" → false"]
[31956][1784860255216][requester][info]["[RegistryService] setAvailability: panel \"workspace-sync\" → false"]
[31956][1784860255217][requester][info]["[AvailabilityManager] Initialization complete"]
[31956][1784860255304][requester][info]["applyDesktopUiOnScreenLockEvent~getApplyingVersion, retrieved version from localStorage: null"]
[31956][1784860255304][requester][info]["applyDesktopUiOnScreenLockEvent~subscribing to screen events"]
[31956][1784860255310][requester][info]["[Segment] conditionMet: ",true]
[31956][1784860255311][requester][info]["[Segment] Identify call triggered for userId: ","b906b9e0-5370-4db4-93ca-445f052a8fe3"]
[31956][1784860255316][requester][info]["ScratchpadV2MigrationService~isScratchpadV2Enabled : Booting started"]
[31956][1784860255316][requester][info]["ScratchpadMigrationBootFirmware~bootFirmware : Booting cache returned"]
[31956][1784860255316][requester][info]["ScratchpadV2MigrationService~isScratchpadV2Enabled : Booting started"]
[31956][1784860255316][requester][info]["ScratchpadMigrationBootFirmware~bootFirmware : Booting cache returned"]
[31956][1784860255652][requester][info]["OfflineAPIClientModal: flushing scratchpad events for user:","51092757"]
[31956][1784860255653][requester][info]["ScratchpadV2MigrationService~isScratchpadSignInAction : Booting started"]
[31956][1784860255653][requester][info]["ScratchpadMigrationBootFirmware~bootFirmware : Booting cache returned"]
[31956][1784860255677][requester][info]["OfflineAPIClientModal: flushing scratchpad events for user:","51092757"]
[31956][1784860255677][requester][info]["ScratchpadV2MigrationService~isScratchpadSignInAction : Booting started"]
[31956][1784860255678][requester][info]["ScratchpadMigrationBootFirmware~bootFirmware : Booting cache returned"]
[31956][1784860255693][requester][info]["flushScratchpadEvents: checking for scratchpadEventsString",null]
[31956][1784860255694][requester][info]["ScratchpadV2MigrationService~isScratchpadSignInAction : user signIn/signup from scratchpad"]
[31956][1784860255702][requester][info]["flushScratchpadEvents: checking for scratchpadEventsString",null]
[31956][1784860255703][requester][info]["ScratchpadV2MigrationService~isScratchpadSignInAction : user signIn/signup from scratchpad"]
[31956][1784860255824][requester][error]["OfflineAPIClientModal~showModal Errored",{"name":"TypeError","message":"Cannot destructure property 'closedEditors' of '(intermediate value).pop(...)' as it is undefined.","stack":"TypeError: Cannot destructure property 'closedEditors' of '(intermediate value).pop(...)' as it is undefined.\n    at f (https://desktop.postman.com/_ar-assets/LazyLightweightAPIClientOnboarding-b83e2a80f5379204.min.js:1:21168)\n    at async w (https://desktop.postman.com/_ar-assets/LazyLightweightAPIClientOnboarding-b83e2a80f5379204.min.js:1:21968)\n    at async Object.openOfflineAPIClientModal (https://desktop.postman.com/_ar-assets/LazyLightweightAPIClientOnboarding-b83e2a80f5379204.min.js:1:4113)"},{"context":{"api":"ScratchpadV2Migration","domain":"runtime"}}]
[31956][1784860255831][requester][error]["OfflineAPIClientModal~showModal Errored",{"name":"TypeError","message":"Cannot destructure property 'closedEditors' of '(intermediate value).pop(...)' as it is undefined.","stack":"TypeError: Cannot destructure property 'closedEditors' of '(intermediate value).pop(...)' as it is undefined.\n    at f (https://desktop.postman.com/_ar-assets/LazyLightweightAPIClientOnboarding-b83e2a80f5379204.min.js:1:21168)\n    at async w (https://desktop.postman.com/_ar-assets/LazyLightweightAPIClientOnboarding-b83e2a80f5379204.min.js:1:21968)\n    at async Object.openOfflineAPIClientModal (https://desktop.postman.com/_ar-assets/LazyLightweightAPIClientOnboarding-b83e2a80f5379204.min.js:1:4113)"},{"context":{"api":"ScratchpadV2Migration","domain":"runtime"}}]
[31956][1784860256516][requester][info]["ConnectionModeStore~_isFirstLoad",true]
[31956][1784860256520][requester][info]["ConnectionModeStore~_isFirstLoad",true]
[31956][1784860256527][requester][info]["ConnectionModeStore~_isFirstLoad",true]
[31956][1784860257307][requester][info]["AgentV2.set",{"context":{"api":"AgentV2Consent","domain":"Postbot"},"timestamp":1784860257307}]
[31956][1784860257804][requester][warn]["ListingAPIAdapter~_getUnsubscribeAPIResponseWithSocket: Failed to unsubscribe entities",{"name":"Error","message":"CollectionListingAPIAdapter~getListUnsubscribeAPIEndpoint: not implemented for parent workspace","stack":"Error: CollectionListingAPIAdapter~getListUnsubscribeAPIEndpoint: not implemented for parent workspace\n    at s.getListUnsubscribeAPIEndpoint (https://desktop.postman.com/_ar-assets/requester-desktop-3e2336d60a41d7fb.min.js:3712:57080)\n    at s._getUnsubscribeAPIResponseWithSocket (https://desktop.postman.com/_ar-assets/requester-desktop-3e2336d60a41d7fb.min.js:3708:13364)"}]
[31956][1784860257890][requester][info]["sendAgentConnectionAnalytics: Request ready time not found"]
[31956][1784860258205][requester][info]["ClientSecretScannerService~logScannerInitializationTime: Initialization time: 4534.100000000093",{"context":{"api":"ClientSecretScannerService","domain":"product-trust"}}]
[31956][1784860258413][requester][info]["ServiceWorker registration successful: ","{}"]
[31956][1784860258414][requester][info]["ServiceWorker~install: starting waitUntil"]
[31956][1784860258419][requester][info]["ServiceWorker~install: fetched criticalJsChunksUrls: "]
[31956][1784860258852][requester][info]["TabUIStore~requestingSaveTabId : savingTabId",]
[31956][1784860258856][requester][info]["EnvironmentSelectorContainer~getActiveApiInWorkbench: Active Tab is not a child of an API"]
[31956][1784860258875][requester][info]["[OriginScopedMCPManager] Initializing",{"origin":"agent-mode"}]
[31956][1784860258876][requester][info]["[OriginScopedMCPManager] Syncing existing connections",{"origin":"agent-mode","serverCount":0}]
[31956][1784860258877][requester][info]["[OriginScopedMCPManager] No runtime state updates needed",{"origin":"agent-mode"}]
[31956][1784860258877][requester][info]["[OriginScopedMCPManager] Found servers",{"total":0,"enabled":0}]
[31956][1784860258877][requester][info]["[OriginScopedMCPManager] No servers to connect during initialization"]
[31956][1784860258909][requester][info]["EnvironmentSelectorContainer~getActiveApiInWorkbench: Active Tab is not a child of an API"]
[31956][1784860258997][requester][info]["EnvironmentSelectorContainer~getActiveApiInWorkbench: Active Tab is not a child of an API"]
[31956][1784860259245][requester][info]["[OriginScopedMCPManager] Manually resyncing connections",{"origin":"agent-mode"}]
[31956][1784860259245][requester][info]["[OriginScopedMCPManager] Syncing existing connections",{"origin":"agent-mode","serverCount":0}]
[31956][1784860259245][requester][info]["[OriginScopedMCPManager] No runtime state updates needed",{"origin":"agent-mode"}]
[31956][1784860259275][requester][info]["ServiceWorker~install: fetched currentSessionChunksList: https://desktop.postman.com/_ar-assets/vendors-63d20ee516a30ea4.css,https://desktop.postman.com/_ar-assets/requester-desktop-907c5527f4734cf0.css,https://desktop.postman.com/_ar-assets/locale-asset-manifest-12-20-2-ui-260722-0232.json,https://desktop.postman.com/_ar-assets/manifest-8eb7dbb12f514081.min.js,https://desktop.postman.com/_ar-assets/vendors-b47dc2056e2d15ba.min.js,https://desktop.postman.com/_ar-assets/requester-desktop-3e2336d60a41d7fb.min.js,https://desktop.postman.com/_ar-assets/images/iconSprites-c1343f47f51e88db.svg,https://desktop.postman.com/_ar-assets/locales/en-US/global-core-e5689c1606ad66da.json,https://desktop.postman.com/_ar-assets/locales/en-US/app-header-1d5ce51990c6603b.json,https://desktop.postman.com/_ar-assets/locales/en-US/sso-settings-cd0deb6fa38e4d8b.json,https://desktop.postman.com/_ar-assets/locales/en-US/team-profile-settings-52be13190b633ebb.json,https://desktop.postman.com/_ar-assets/locales/en-US/access-proxies-settings-bbf32e83a26760c6.json,https://desktop.postman.com/_ar-assets/locales/en-US/settings-cbd7c4275a98f48e.json,https://desktop.postman.com/_ar-assets/locales/en-US/user-settings-118f811fbabde4aa.json,https://desktop.postman.com/_ar-assets/locales/en-US/team-settings-63e96afa6f40e41c.json,https://desktop.postman.com/_ar-assets/locales/en-US/squad-settings-f973b1ec36fa3922.json,https://desktop.postman.com/_ar-assets/locales/en-US/workbench-core-b264f1610d08b6b9.json,https://desktop.postman.com/_ar-assets/locales/en-US/workspace-sidebar-core-b3d717a1cd14add5.json,https://desktop.postman.com/_ar-assets/Vault-fb2d0ac4ae02da7a.min.js,https://desktop.postman.com/_ar-assets/VaultService.worker-f91954a8ee23b619.min.js,https://desktop.postman.com/_ar-assets/ClientSecretScanner-6d8f5d9d094aa9de.min.js,https://desktop.postman.com/_ar-assets/ClientSecretScannerWorker-24c538802213809b.min.js,https://desktop.postman.com/_ar-assets/77225-52f9e4e2322ed5b9.min.js,https://desktop.postman.com/_ar-assets/LiveCollaborationManager-847bfc43f90b80b8.min.js,https://desktop.postman.com/_ar-assets/comment-exports-35025489f9b28084.css,https://desktop.postman.com/_ar-assets/comment-exports-cc3a16fd1f8ad98d.min.js,https://desktop.postman.com/_ar-assets/WorkspaceDetailsPage-491040049bfa6b7b.css,https://desktop.postman.com/_ar-assets/WorkspaceDetailsPage-ece6d42f27125948.min.js,https://desktop.postman.com/_ar-assets/locales/en-US/collaboration-2e157672fbaf77e3.json,https://desktop.postman.com/_ar-assets/images/iconSprites-c1343f47f51e88db.svg#icon-direction-back-small,https://desktop.postman.com/_ar-assets/workspace-switcher-meta-2e9791d5bd24b87a.min.js,https://desktop.postman.com/_ar-assets/workspace-preview-popover-02310e839d106c62.css,https://desktop.postman.com/_ar-assets/workspace-preview-popover-c33d299c04004423.min.js,https://desktop.postman.com/_ar-assets/collaboration-presence-b06e4a1fcfee8e7f.css,https://desktop.postman.com/_ar-assets/collaboration-presence-517c9ea2c9ec464b.min.js,https://desktop.postman.com/_ar-assets/51030-337fd8b134693a1b.min.js,https://desktop.postman.com/_ar-assets/92357-7a34a064b8458620.min.js,https://desktop.postman.com/_ar-assets/10052-a58ce95e44d728b1.min.js,https://desktop.postman.com/_ar-assets/24584-84200d9d2481b6c0.min.js,https://desktop.postman.com/_ar-assets/connect-channel-nudge-1671cbe30e35b795.min.js,https://desktop.postman.com/_ar-assets/SpecificationDragLayer-56ae250c09d131b0.min.js,https://desktop.postman.com/_ar-assets/69254-8292b6d78b064af0.min.js,https://desktop.postman.com/_ar-assets/13528-524ba2c83df44c9f.min.js,https://desktop.postman.com/_ar-assets/StatusBarContainer-1b878355ca723ed9.min.js,https://desktop.postman.com/_ar-assets/fonts/Inter-Regular-e764338977f38b2c.woff2,https://desktop.postman.com/_ar-assets/PANViewsAnalytics-91cd1a5174e24145.min.js,https://desktop.postman.com/_ar-assets/track-recent-views-exports-3a6024e2cd92c1c9.min.js,https://desktop.postman.com/_ar-assets/VariableEditorInterface-e6d79dc0d90c73a2.min.js,https://desktop.postman.com/_ar-assets/53143-c4cb27813107e15b.css,https://desktop.postman.com/_ar-assets/53143-71ff271d072893ce.min.js,https://desktop.postman.com/_ar-assets/locales/en-US/home-273a0472f7146e35.json,https://desktop.postman.com/_ar-assets/locales/en-US/invite-flow-modals-53d2a014372f0277.json,https://desktop.postman.com/_ar-assets/locales/en-US/api-client-core-dd1deb9f163b76d4.json,https://desktop.postman.com/_ar-assets/locales/en-US/status_bar-b1237049d56397bc.json,https://desktop.postman.com/_ar-assets/locales/en-US/version-control-core-246ad8e6f9810fd8.json,https://desktop.postman.com/_ar-assets/fonts/Inter-semibold-b87ad48fa4af1792.woff2,https://desktop.postman.com/_ar-assets/configure-import-modal-boot-f4600a6e390b4678.min.js,https://desktop.postman.com/_ar-assets/configure-extensions-sdk-boot-4c437e411f314b9b.min.js,https://desktop.postman.com/_ar-assets/LowPriorityTasksBundle-bfa1a8bf7508fe54.min.js,https://desktop.postman.com/_ar-assets/LazyLightweightAPIClientOnboarding-b83e2a80f5379204.min.js,https://desktop.postman.com/_ar-assets/branch-switcher-9775a0122cdc67a0.css,https://desktop.postman.com/_ar-assets/branch-switcher-fb0a46e7daa5cdc2.min.js,https://desktop.postman.com/_ar-assets/statusBarPlugins-4aae568ca32746df.min.js,https://desktop.postman.com/_ar-assets/17662-ed277dd83175aa8f.min.js,https://desktop.postman.com/_ar-assets/filesystem-environments-subscription-e77351f0aa1505fe.min.js,https://desktop.postman.com/_ar-assets/90767-f61f2b0b33af5855.min.js,https://desktop.postman.com/_ar-assets/WorkspaceOverview-0c9a08bd12d6a944.css,https://desktop.postman.com/_ar-assets/WorkspaceOverview-4c461a583c5f0382.min.js,https://desktop.postman.com/_ar-assets/locales/en-US/workspace-overview-b4083242d6fec4ca.json,https://desktop.postman.com/_ar-assets/locales/en-US/description-editor-04b036762a35d9d6.json,https://desktop.postman.com/_ar-assets/31432-7cd57b3ca61d8d31.css,https://desktop.postman.com/_ar-assets/31432-9ebedf6cd13da967.min.js,https://desktop.postman.com/_ar-assets/collections-sidebar-v12-292d1b919e4e2844.css,https://desktop.postman.com/_ar-assets/collections-sidebar-v12-21369206bda80073.min.js,https://desktop.postman.com/_ar-assets/locales/en-US/local-filesystem-35c5600507218990.json,https://desktop.postman.com/_ar-assets/locales/en-US/workspaces-cf580a7ec8835389.json,https://desktop.postman.com/_ar-assets/locales/en-US/sidebar-collection-a2724e886fca56bc.json,https://desktop.postman.com/_ar-assets/diagnostics-status-item-5e81b2ab6ec807a3.min.js,https://desktop.postman.com/_ar-assets/amplitude-session-replay-5b924ec57313c707.min.js,https://desktop.postman.com/_ar-assets/ai-chat-0d3dea2b88681698.css,https://desktop.postman.com/_ar-assets/ai-chat-dae96c1db55fa6af.min.js,https://desktop.postman.com/_ar-assets/locales/en-US/sidebar-environment-9096d741455ac78d.json,https://desktop.postman.com/_ar-assets/WorkspaceOverviewController-4f16ada53206c05a.min.js"]
[31956][1784860260651][requester][info]["[AppUpdaterNotifier] Checking update after the app launch."]
[31956][1784860261142][requester][error]["TransportClient~invoke: Error invoking transport client method",{"code":null,"name":"Error","message":"The name is not activatable"}]
[31956][1784860262412][requester][info]["AppUpdateNotifier~ Platform update found. New version - 12.20.4"]
[31956][1784860262448][requester][info]["ServiceWorkerManagement~preFetchAssetsForPlatformVersion: Triggering prefetch flow for ","12.20.4"]
[31956][1784860262448][requester][info]["ServiceWorkerManagement~preFetchAssetsForPlatformVersion: Sending message to service worker for URL - ","https://desktop.postman.com/?desktopVersion=12.20.4&userId=51092757&teamId=12425541&region=us"]
[31956][1784860263293][requester][error]["AppUpdaterNotifier~App updater event~Update error",{"error":{"errno":-13,"code":"EACCES","syscall":"open","path":"/opt/postman/Postman-1784860262446.tar.gz","name":"Error","message":"EACCES: permission denied, open '/opt/postman/Postman-1784860262446.tar.gz'","stack":"Error: EACCES: permission denied, open '/opt/postman/Postman-1784860262446.tar.gz'"},"updateData":{"packageName":"Postman","eID":"Postman-1784860262446","downloadURL":"https://dl.pstmn.io/download/version/12.20.4/linux_64","downloadDirectory":"/opt/postman","downloadInfo":{"status":"DOWNLOAD_ERROR","error":{},"downloadDirectory":"/opt/postman"}}},{"context":{"api":"AppUpdateNotifier\\x7erenderer","domain":"web-platform"}}]
[31956][1784860263302][requester][error]["AppUpdateNotifier~Error in update flow",{"errno":-13,"code":"EACCES","syscall":"open","path":"/opt/postman/Postman-1784860262446.tar.gz","name":"Error","message":"EACCES: permission denied, open '/opt/postman/Postman-1784860262446.tar.gz'","stack":"Error: EACCES: permission denied, open '/opt/postman/Postman-1784860262446.tar.gz'"},{"context":{"api":"AppUpdateNotifier\\x7erenderer","domain":"web-platform","sessionId":31956,"origin":"requester","timestamp":1784860263294,"context":"AppUpdaterNotifier\\x7eApp updater event~Update error","message":"AppUpdaterNotifier\\x7eApp updater event~Update error","stack":"Error: AppUpdaterNotifier\\x7eApp updater event~Update error\n    at e.exports.log (https://desktop.postman.com/_ar-assets/vendors-b47dc2056e2d15ba.min.js:1:586003)\n    at a._write (https://desktop.postman.com/_ar-assets/vendors-b47dc2056e2d15ba.min.js:1228:546116)\n    at N (https://desktop.postman.com/_ar-assets/vendors-b47dc2056e2d15ba.min.js:1221:90061)\n    at j (https://desktop.postman.com/_ar-assets/vendors-b47dc2056e2d15ba.min.js:1221:89895)\n    at C.write (https://desktop.postman.com/_ar-assets/vendors-b47dc2056e2d15ba.min.js:1221:93127)\n    at s.h (https://desktop.postman.com/_ar-assets/vendors-b47dc2056e2d15ba.min.js:1221:375798)\n    at a.emit (https://desktop.postman.com/_ar-assets/vendors-b47dc2056e2d15ba.min.js:1221:759289)\n    at k (https://desktop.postman.com/_ar-assets/vendors-b47dc2056e2d15ba.min.js:1221:370106)\n    at _ (https://desktop.postman.com/_ar-assets/vendors-b47dc2056e2d15ba.min.js:1221:370012)\n    at A.push (https://desktop.postman.com/_ar-assets/vendors-b47dc2056e2d15ba.min.js:1221:370951)\n    at a.push (https://desktop.postman.com/_ar-assets/vendors-b47dc2056e2d15ba.min.js:1221:379642)\n    at s._transform (https://desktop.postman.com/_ar-assets/vendors-b47dc2056e2d15ba.min.js:3:8283)\n    at a._read (https://desktop.postman.com/_ar-assets/vendors-b47dc2056e2d15ba.min.js:1221:380118)\n    at a._write (https://desktop.postman.com/_ar-assets/vendors-b47dc2056e2d15ba.min.js:1221:379964)\n    at k (https://desktop.postman.com/_ar-assets/vendors-b47dc2056e2d15ba.min.js:1221:383096)\n    at _ (https://desktop.postman.com/_ar-assets/vendors-b47dc2056e2d15ba.min.js:1221:382968)\n    at v.write (https://desktop.postman.com/_ar-assets/vendors-b47dc2056e2d15ba.min.js:1221:386076)\n    at s.log (https://desktop.postman.com/_ar-assets/vendors-b47dc2056e2d15ba.min.js:3:7773)\n    at https://desktop.postman.com/_ar-assets/vendors-b47dc2056e2d15ba.min.js:1:582187\n    at Array.forEach (<anonymous>)\n    at a.log (https://desktop.postman.com/_ar-assets/vendors-b47dc2056e2d15ba.min.js:1:582173)\n    at https://desktop.postman.com/_ar-assets/vendors-b47dc2056e2d15ba.min.js:1:585192\n    at Array.forEach (<anonymous>)\n    at c._log (https://desktop.postman.com/_ar-assets/vendors-b47dc2056e2d15ba.min.js:1:585178)\n    at c.error (https://desktop.postman.com/_ar-assets/vendors-b47dc2056e2d15ba.min.js:1:585296)\n    at a.<anonymous> (https://desktop.postman.com/_ar-assets/requester-desktop-3e2336d60a41d7fb.min.js:3046:48881)\n    at a.emit (https://desktop.postman.com/_ar-assets/vendors-b47dc2056e2d15ba.min.js:1221:759346)\n    at p (https://desktop.postman.com/_ar-assets/requester-desktop-3e2336d60a41d7fb.min.js:2657:3836)\n    at IpcRenderer.<anonymous> (https://desktop.postman.com/_ar-assets/requester-desktop-3e2336d60a41d7fb.min.js:2657:3926)\n    at IpcRenderer.emit (node:events:519:28)\n    at Object.onMessage (node:electron/js2c/renderer_init:2:10679)"}}]
[31956][1784860264906][requester][info]["ServiceWorker~install: cached combined list: https://desktop.postman.com/_ar-assets/vendors-63d20ee516a30ea4.css,https://desktop.postman.com/_ar-assets/requester-desktop-907c5527f4734cf0.css,https://desktop.postman.com/_ar-assets/locale-asset-manifest-12-20-2-ui-260722-0232.json,https://desktop.postman.com/_ar-assets/manifest-8eb7dbb12f514081.min.js,https://desktop.postman.com/_ar-assets/vendors-b47dc2056e2d15ba.min.js,https://desktop.postman.com/_ar-assets/requester-desktop-3e2336d60a41d7fb.min.js,https://desktop.postman.com/_ar-assets/images/iconSprites-c1343f47f51e88db.svg,https://desktop.postman.com/_ar-assets/locales/en-US/global-core-e5689c1606ad66da.json,https://desktop.postman.com/_ar-assets/locales/en-US/app-header-1d5ce51990c6603b.json,https://desktop.postman.com/_ar-assets/locales/en-US/sso-settings-cd0deb6fa38e4d8b.json,https://desktop.postman.com/_ar-assets/locales/en-US/team-profile-settings-52be13190b633ebb.json,https://desktop.postman.com/_ar-assets/locales/en-US/access-proxies-settings-bbf32e83a26760c6.json,https://desktop.postman.com/_ar-assets/locales/en-US/settings-cbd7c4275a98f48e.json,https://desktop.postman.com/_ar-assets/locales/en-US/user-settings-118f811fbabde4aa.json,https://desktop.postman.com/_ar-assets/locales/en-US/team-settings-63e96afa6f40e41c.json,https://desktop.postman.com/_ar-assets/locales/en-US/squad-settings-f973b1ec36fa3922.json,https://desktop.postman.com/_ar-assets/locales/en-US/workbench-core-b264f1610d08b6b9.json,https://desktop.postman.com/_ar-assets/locales/en-US/workspace-sidebar-core-b3d717a1cd14add5.json,https://desktop.postman.com/_ar-assets/Vault-fb2d0ac4ae02da7a.min.js,https://desktop.postman.com/_ar-assets/VaultService.worker-f91954a8ee23b619.min.js,https://desktop.postman.com/_ar-assets/ClientSecretScanner-6d8f5d9d094aa9de.min.js,https://desktop.postman.com/_ar-assets/ClientSecretScannerWorker-24c538802213809b.min.js,https://desktop.postman.com/_ar-assets/77225-52f9e4e2322ed5b9.min.js,https://desktop.postman.com/_ar-assets/LiveCollaborationManager-847bfc43f90b80b8.min.js,https://desktop.postman.com/_ar-assets/comment-exports-35025489f9b28084.css,https://desktop.postman.com/_ar-assets/comment-exports-cc3a16fd1f8ad98d.min.js,https://desktop.postman.com/_ar-assets/WorkspaceDetailsPage-491040049bfa6b7b.css,https://desktop.postman.com/_ar-assets/WorkspaceDetailsPage-ece6d42f27125948.min.js,https://desktop.postman.com/_ar-assets/locales/en-US/collaboration-2e157672fbaf77e3.json,https://desktop.postman.com/_ar-assets/images/iconSprites-c1343f47f51e88db.svg#icon-direction-back-small,https://desktop.postman.com/_ar-assets/workspace-switcher-meta-2e9791d5bd24b87a.min.js,https://desktop.postman.com/_ar-assets/workspace-preview-popover-02310e839d106c62.css,https://desktop.postman.com/_ar-assets/workspace-preview-popover-c33d299c04004423.min.js,https://desktop.postman.com/_ar-assets/collaboration-presence-b06e4a1fcfee8e7f.css,https://desktop.postman.com/_ar-assets/collaboration-presence-517c9ea2c9ec464b.min.js,https://desktop.postman.com/_ar-assets/51030-337fd8b134693a1b.min.js,https://desktop.postman.com/_ar-assets/92357-7a34a064b8458620.min.js,https://desktop.postman.com/_ar-assets/10052-a58ce95e44d728b1.min.js,https://desktop.postman.com/_ar-assets/24584-84200d9d2481b6c0.min.js,https://desktop.postman.com/_ar-assets/connect-channel-nudge-1671cbe30e35b795.min.js,https://desktop.postman.com/_ar-assets/SpecificationDragLayer-56ae250c09d131b0.min.js,https://desktop.postman.com/_ar-assets/69254-8292b6d78b064af0.min.js,https://desktop.postman.com/_ar-assets/13528-524ba2c83df44c9f.min.js,https://desktop.postman.com/_ar-assets/StatusBarContainer-1b878355ca723ed9.min.js,https://desktop.postman.com/_ar-assets/fonts/Inter-Regular-e764338977f38b2c.woff2,https://desktop.postman.com/_ar-assets/PANViewsAnalytics-91cd1a5174e24145.min.js,https://desktop.postman.com/_ar-assets/track-recent-views-exports-3a6024e2cd92c1c9.min.js,https://desktop.postman.com/_ar-assets/VariableEditorInterface-e6d79dc0d90c73a2.min.js,https://desktop.postman.com/_ar-assets/53143-c4cb27813107e15b.css,https://desktop.postman.com/_ar-assets/53143-71ff271d072893ce.min.js,https://desktop.postman.com/_ar-assets/locales/en-US/home-273a0472f7146e35.json,https://desktop.postman.com/_ar-assets/locales/en-US/invite-flow-modals-53d2a014372f0277.json,https://desktop.postman.com/_ar-assets/locales/en-US/api-client-core-dd1deb9f163b76d4.json,https://desktop.postman.com/_ar-assets/locales/en-US/status_bar-b1237049d56397bc.json,https://desktop.postman.com/_ar-assets/locales/en-US/version-control-core-246ad8e6f9810fd8.json,https://desktop.postman.com/_ar-assets/fonts/Inter-semibold-b87ad48fa4af1792.woff2,https://desktop.postman.com/_ar-assets/configure-import-modal-boot-f4600a6e390b4678.min.js,https://desktop.postman.com/_ar-assets/configure-extensions-sdk-boot-4c437e411f314b9b.min.js,https://desktop.postman.com/_ar-assets/LowPriorityTasksBundle-bfa1a8bf7508fe54.min.js,https://desktop.postman.com/_ar-assets/LazyLightweightAPIClientOnboarding-b83e2a80f5379204.min.js,https://desktop.postman.com/_ar-assets/branch-switcher-9775a0122cdc67a0.css,https://desktop.postman.com/_ar-assets/branch-switcher-fb0a46e7daa5cdc2.min.js,https://desktop.postman.com/_ar-assets/statusBarPlugins-4aae568ca32746df.min.js,https://desktop.postman.com/_ar-assets/17662-ed277dd83175aa8f.min.js,https://desktop.postman.com/_ar-assets/filesystem-environments-subscription-e77351f0aa1505fe.min.js,https://desktop.postman.com/_ar-assets/90767-f61f2b0b33af5855.min.js,https://desktop.postman.com/_ar-assets/WorkspaceOverview-0c9a08bd12d6a944.css,https://desktop.postman.com/_ar-assets/WorkspaceOverview-4c461a583c5f0382.min.js,https://desktop.postman.com/_ar-assets/locales/en-US/workspace-overview-b4083242d6fec4ca.json,https://desktop.postman.com/_ar-assets/locales/en-US/description-editor-04b036762a35d9d6.json,https://desktop.postman.com/_ar-assets/31432-7cd57b3ca61d8d31.css,https://desktop.postman.com/_ar-assets/31432-9ebedf6cd13da967.min.js,https://desktop.postman.com/_ar-assets/collections-sidebar-v12-292d1b919e4e2844.css,https://desktop.postman.com/_ar-assets/collections-sidebar-v12-21369206bda80073.min.js,https://desktop.postman.com/_ar-assets/locales/en-US/local-filesystem-35c5600507218990.json,https://desktop.postman.com/_ar-assets/locales/en-US/workspaces-cf580a7ec8835389.json,https://desktop.postman.com/_ar-assets/locales/en-US/sidebar-collection-a2724e886fca56bc.json,https://desktop.postman.com/_ar-assets/diagnostics-status-item-5e81b2ab6ec807a3.min.js,https://desktop.postman.com/_ar-assets/amplitude-session-replay-5b924ec57313c707.min.js,https://desktop.postman.com/_ar-assets/ai-chat-0d3dea2b88681698.css,https://desktop.postman.com/_ar-assets/ai-chat-dae96c1db55fa6af.min.js,https://desktop.postman.com/_ar-assets/locales/en-US/sidebar-environment-9096d741455ac78d.json,https://desktop.postman.com/_ar-assets/WorkspaceOverviewController-4f16ada53206c05a.min.js"]
[31956][1784860264908][requester][info]["ServiceWorker~install: service worker for 12.20.2-ui-260722-0232 has skipped waiting"]
[31956][1784860264909][requester][info]["ServiceWorker~activate: starting cleanup: [object ExtendableEvent]"]
[31956][1784860264910][requester][info]["ServiceWorker~cleanUnusedAssets: start cleanup"]
[31956][1784860264910][requester][info]["ServiceWorker~cleanUnusedCaches: start cleanup"]
[31956][1784860264912][requester][info]["ServiceWorker~cleanUnusedCaches: no caches to delete"]
[31956][1784860264934][requester][info]["ServiceWorker~cleanUnusedAssets: found no assets in the manifest, skipping clean up"]
[31956][1784860264935][requester][info]["ServiceWorker~activate: finished cleanup"]
[31956][1784860264936][requester][info]["ServiceWorker~activate: service worker for 12.20.2-ui-260722-0232 has claimed clients"]
[31956][1784860273667][requester][info]["ExecuteLowPriorityTasks~finished execution of low priority tasks"]
[31956][1784860273670][requester][info]["ServiceWorker~message: Received message: [object ExtendableMessageEvent]"]
[31956][1784860273672][requester][info]["ServiceWorker~prefetchOfflineAssets: OFFLINE_ASSETS_KEY not in meta, fetching manifests"]
[31956][1784860274464][requester][warn]["ServiceWorker~fetchOfflineAssetsFile: Error while fetching offline assets file: Error: ServiceWorker~fetchOfflineAssetsFile: Error while fetching offline assets file. Status: 403"]
[31956][1784860277633][requester][info]["ServiceWorker~prefetchOfflineAssets: fetched 14 URLs (3 already cached)"]
[31956][1784860287260][requester][info]["TabUIStore~requestingSaveTabId : savingTabId",]
[31956][1784860288569][requester][info]["TabUIStore~requestingSaveTabId : savingTabId",]
[31956][1784860289406][requester][error]["AutosaveManager~queueActivity",{},{"context":{"api":"autosave-manager","domain":"runtime"}}]
[31956][1784863040874][requester][info]["SyncManagerNew~_onDisconnect"]
[31956][1784863041200][requester][info]["SyncManagerNew~_onReconnectScheduled",8708,1]
[31956][1784863055214][requester][info]["FileSystemCoreController.initializeScope","057aa423-deb1-4f21-8ae0-c2d55832f386-Cloud",null]
[31956][1784863055303][requester][info]["[OriginScopedMCPManager] Manually resyncing connections",{"origin":"agent-mode"}]
[31956][1784863055304][requester][info]["[OriginScopedMCPManager] Syncing existing connections",{"origin":"agent-mode","serverCount":0}]
[31956][1784863055304][requester][info]["[OriginScopedMCPManager] No runtime state updates needed",{"origin":"agent-mode"}]
[31956][1784863055903][requester][warn]["[ai-actions] Prediction trigger failed:",{"name":"TypeError","message":"Failed to fetch","stack":"TypeError: Failed to fetch\n    at e.<computed> (https://desktop.postman.com/?desktopVersion=12.20.2&userId=51092757&teamId=12425541&region=us:6:19563)\n    at https://desktop.postman.com/_ar-assets/vendors-b47dc2056e2d15ba.min.js:1221:429\n    at h (https://desktop.postman.com/_ar-assets/WorkspaceDetailsPage-ece6d42f27125948.min.js:200:12538)\n    at https://desktop.postman.com/_ar-assets/ai-chat-dae96c1db55fa6af.min.js:68:33318"}]
[31956][1784863057326][requester][info]["SyncManagerNew~createSocket",{"forceConnect":true}]
[31956][1784863058404][requester][info]["SyncManagerNew~_onConnect"]
[31956][1784863058544][requester][info]["SyncManagerNew~signIn",{}]
[31956][1784863058550][requester][info]["SyncTimelineHelper: Force stopping all timelines"]
[31956][1784863058551][requester][info]["BaseSyncTimeline~forceStop: Force stop user:51092757"]
[31956][1784863058590][requester][info]["BaseSyncTimeline~subscribe: Subscribing to real time changes for user:51092757"]
[31956][1784863058591][requester][info]["BaseSyncTimeline~_sync: Starting sync for user:51092757"]
[31956][1784863058591][requester][info]["BaseSyncTimeline~getPendingClientChanges: Starting to get pending changes for user:51092757"]
[31956][1784863058593][requester][info]["BaseSyncTimeline~getPendingClientChanges: Finished to get pending changes for user:51092757"]
[31956][1784863058595][requester][info]["BaseSyncTimeline~getPendingServerChanges: Starting /sync call for user:51092757"]
[31956][1784863059058][requester][info]["VariableSyncSettingsStore~fetchDataAndSubscribe: status 200, retry 0"]
[31956][1784863059068][requester][info]["BaseSyncTimeline~SyncFinishedObservable: Successful sync proceeding with integrity check and force sync for user:51092757"]
[31956][1784863059068][requester][info]["BaseSyncTimeline~_handleForceSync: Bailing out of force sync for user:51092757"]
[26156][1785457718734][requester][info]["DesktopLocationService ~ init initialized"]
[26156][1785457718740][requester][info]["NavigationService ~ Initialized: Success"]
[26156][1785457718740][requester][info]["initializeNavigation~boot - Success"]
[26156][1785457718747][requester][error]["NavigationService~register- A route already registered for this intent. Duplicate routes not supported."]
[26156][1785457718753][requester][info]["EventBus~initialize - Success"]
[26156][1785457718753][requester][info]["Messaging~boot - Success"]
[26156][1785457719020][requester][info]["bootCrashReporter~ Success"]
[26156][1785457719025][requester][info]["Telemetry~boot - Success"]
[26156][1785457719031][requester][info]["bootConfigurations~initialize - Success"]
[26156][1785457719033][requester][info]["migrateLocalStorage: Bailing out"]
[26156][1785457719075][requester][info]["Settings~boot - Success"]
[26156][1785457719078][requester][info]["Migrations: all migrations finished and no version downgrade detected. Skipping migrations."]
[26156][1785457719079][requester][info]["WindowController~initialize - Success"]
[26156][1785457719153][requester][info]["Session~boot - Success"]
[26156][1785457719156][requester][info]["IndependentServices~boot - Success"]
[26156][1785457719174][requester][info]["AppModels~boot - Success"]
[26156][1785457719180][requester][info]["CookiesBootHelper~Migration: Bailing out, no migrations to apply."]
[26156][1785457719289][requester][info]["bootIndependentServicesShared: Success"]
[26156][1785457719290][requester][info]["instrumentSeries ~ Sending metric requester-init-singleton-initializeConfigurationsValues to client envets with value 2.800000000046566"]
[26156][1785457719435][requester][info]["instrumentSeries ~ Sending metric requester-init-singleton-cleanupRunner to client envets with value 1.3000000000465661"]
[26156][1785457719435][requester][info]["instrumentSeries ~ Sending metric requester-init-singleton-migrateCookiesFromElectron to client envets with value 0.5"]
[26156][1785457719436][requester][info]["instrumentSeries ~ Sending metric requester-init-singleton-cleanupCookies to client envets with value 97.5"]
[26156][1785457719436][requester][info]["instrumentSeries ~ Sending metric requester-init-singleton-clearEditorDataCache to client envets with value 10.5"]
[26156][1785457719436][requester][info]["instrumentSeries ~ Sending metric requester-init-singleton-bootIndependentServicesShare to client envets with value 1.0999999998603016"]
[26156][1785457719437][requester][info]["performSingletonJobs: Success"]
[26156][1785457719471][requester][info]["checkVersionLock: Starting version lock check"]
[26156][1785457719481][requester][info]["checkVersionLock: Cached response present. Starting validation"]
[26156][1785457719482][requester][info]["checkVersionLock: Version is valid according to cached response"]
[26156][1785457719482][requester][info]["checkVersionLock: Checking version lock in non-blocking flow"]
[26156][1785457719485][requester][info]["checkVersionLock: Version lock check passed"]
[26156][1785457719535][requester][info]["SyncManagerNew~setSync",true]
[26156][1785457719536][requester][info]["SyncManagerNew~signIn",{"forceConnect":true}]
[26156][1785457719536][requester][info]["Sync~boot - Success"]
[26156][1785457719542][requester][info]["SyncManagerNew~createSocket",{"forceConnect":true}]
[26156][1785457719543][requester][info]["SyncManagerNew~createSocket - socket url","https://bifrost-v4-global.gw.postman.com"]
[26156][1785457719544][requester][info]["SyncManagerNew~createSocket","sailsIO.connect",{"url":"https://bifrost-v4-global.gw.postman.com","opts":{"reconnectionDelay":10000,"reconnectionDelayMax":60000,"reconnectionAttempts":8,"randomizationFactor":0.3}}]
[26156][1785457719545][requester][info]["SyncManagerNew~createSocket - userContext: ",{"userId":"51092757","teamId":"12425541","os":"linux 7.1.5-1-cachyos","type":"app_native","version":"12.20.2-ui-260722-0232","productVersion":"12.20.2"}]
[26156][1785457719569][requester][info]["PostUpdateBackup~init: Success"]
[26156][1785457719578][requester][info]["Shared~boot - Success"]
[26156][1785457719582][requester][info]["IPCAgent~select: IPCAgent selected","ca19d054-a9f9-4456-b47b-5ec53331ab7f"]
[26156][1785457719619][requester][info]["ExtensibleCollections~boot - Success"]
[26156][1785457719629][requester][info]["DBWatcher~boot - Success"]
[26156][1785457719631][requester][info]["ThemeManager~boot - Success"]
[26156][1785457719635][requester][info]["WorkbenchService~boot - Success"]
[26156][1785457719636][requester][info]["Store~boot - Success"]
[26156][1785457719637][requester][info]["Shortcuts~boot - Success"]
[26156][1785457719651][requester][info]["OfflineAPIClientService~init: started"]
[26156][1785457719652][requester][info]["OfflineAPIClientService~init: settings cache isOfflineAPIClientEnabled",true]
[26156][1785457719653][requester][info]["initializePostV8UpdateCheck: Success"]
[26156][1785457719693][requester][info]["Requester~boot - Success"]
[26156][1785457719714][requester][info]["SharedRuntimeListeners~boot - Success"]
[26156][1785457719719][requester][info]["[AvailabilityManager] Registered panel \"collection\""]
[26156][1785457719719][requester][info]["[AvailabilityManager] Registered panel \"environment\""]
[26156][1785457719720][requester][info]["[AvailabilityManager] Registered panel \"documents\""]
[26156][1785457719720][requester][info]["[AvailabilityManager] Registered panel \"api-builder\""]
[26156][1785457719721][requester][info]["[AvailabilityManager] Registered panel \"specifications\""]
[26156][1785457719721][requester][info]["[AvailabilityManager] Registered panel \"sdks\""]
[26156][1785457719722][requester][info]["[AvailabilityManager] Registered panel \"local-mock\""]
[26156][1785457719722][requester][info]["[AvailabilityManager] Registered panel \"dataset\""]
[26156][1785457719723][requester][info]["[AvailabilityManager] Registered panel \"toolsets-local\""]
[26156][1785457719723][requester][info]["[AvailabilityManager] Registered panel \"flows\""]
[26156][1785457719724][requester][info]["[AvailabilityManager] Registered panel \"mock\""]
[26156][1785457719724][requester][info]["[AvailabilityManager] Registered panel \"monitor\""]
[26156][1785457719725][requester][info]["[AvailabilityManager] Registered panel \"webhooks\""]
[26156][1785457719725][requester][info]["[AvailabilityManager] Registered panel \"insights\""]
[26156][1785457719725][requester][info]["[AvailabilityManager] Registered panel \"deployed-flows\""]
[26156][1785457719726][requester][info]["[AvailabilityManager] Registered panel \"github-sdks-classic\""]
[26156][1785457719726][requester][info]["[AvailabilityManager] Registered panel \"mcp-servers\""]
[26156][1785457719727][requester][info]["[AvailabilityManager] Registered panel \"workspace-sync\""]
[26156][1785457719727][requester][info]["[AvailabilityManager] Registered panel \"workspace-diff-sidebar\""]
[26156][1785457719728][requester][info]["[AvailabilityManager] Registered panel \"history\""]
[26156][1785457719728][requester][info]["[AvailabilityManager] Registered panel \"files\""]
[26156][1785457719728][requester][info]["[AvailabilityManager] Registered panel \"governance-rulesets\""]
[26156][1785457719728][requester][info]["[AvailabilityManager] Registered panel \"governance-custom-functions\""]
[26156][1785457719729][requester][info]["[AvailabilityManager] Registered panel \"governance-workspace-groups\""]
[26156][1785457719729][requester][info]["[AvailabilityManager] Registered panel \"console\""]
[26156][1785457719729][requester][info]["[AvailabilityManager] Registered panel \"terminal\""]
[26156][1785457719729][requester][info]["[AvailabilityManager] Registered panel \"findReplace\""]
[26156][1785457719729][requester][info]["[AvailabilityManager] Registered panel \"diagnostics\""]
[26156][1785457719732][requester][info]["[AvailabilityManager] Registered panel group \"internal-dev-services\""]
[26156][1785457719732][requester][info]["[AvailabilityManager] Registered panel group \"cloud-services\""]
[26156][1785457719734][requester][info]["[AvailabilityManager] Registered panel group \"file-system\""]
[26156][1785457719735][requester][info]["[AvailabilityManager] Registered panel group \"terminal\""]
[26156][1785457719736][requester][info]["[AvailabilityManager] Registered panel group \"findReplace\""]
[26156][1785457719736][requester][info]["[AvailabilityManager] Registered panel group \"diagnostics\""]
[26156][1785457719740][requester][info]["[ManifestService] Registered 10 panel groups, 28 panels, and 0 panel templates"]
[26156][1785457719741][requester][info]["[ManifestService] AvailabilityManager initializing"]
[26156][1785457719741][requester][info]["[AvailabilityManager] Initializing..."]
[26156][1785457719749][requester][info]["[ManifestService] AvailabilityManager initialized"]
[26156][1785457719750][requester][info]["[ManifestService] Initialization complete"]
[26156][1785457719760][requester][info]["booted - requester"]
[26156][1785457719978][requester][info]["[DockService] removePanelFromState: \"workspace-diff-sidebar\" from group \"history-modifications\""]
[26156][1785457720010][requester][info]["CloudProxyHandler: Proxy configuration has not been setup"]
[26156][1785457720132][requester][info]["LocalSecretProtection~setupReactionsForLocalMode: MobX reaction set up for local mode workspace changes",{"context":{"api":"LocalSecretProtection","domain":"secret-scanner"}}]
[26156][1785457720284][requester][info]["performVersionLockCheck: Current version is valid for the user"]
[26156][1785457720351][requester][info]["SyncManagerNew~_onConnect"]
[26156][1785457720358][requester][info]["SyncManagerNew~signIn",{}]
[26156][1785457720359][requester][info]["setupVersionLockListener: Attached listener for version lock check events"]
[26156][1785457720367][requester][info]["SyncTimelineHelper: Force stopping all timelines"]
[26156][1785457720532][requester][info]["BaseSyncTimeline~subscribe: Subscribing to real time changes for user:51092757"]
[26156][1785457720533][requester][info]["BaseSyncTimeline~_sync: Starting sync for user:51092757"]
[26156][1785457720534][requester][info]["BaseSyncTimeline~getPendingClientChanges: Starting to get pending changes for user:51092757"]
[26156][1785457720546][requester][info]["BaseSyncTimeline~getPendingClientChanges: Finished to get pending changes for user:51092757"]
[26156][1785457720549][requester][info]["BaseSyncTimeline~getPendingServerChanges: Starting /sync call for user:51092757"]
[26156][1785457720608][requester][info]["[DockManager] setAvailability: panel \"collection\" → true"]
[26156][1785457720609][requester][info]["[RegistryService] setAvailability: panel \"collection\" → true"]
[26156][1785457720610][requester][warn]["[DockService] addPanelToState: Unknown group \"internal-dev-services\" for panel \"collection\""]
[26156][1785457720610][requester][info]["[DockManager] setAvailability: panel \"documents\" → false"]
[26156][1785457720610][requester][info]["[RegistryService] setAvailability: panel \"documents\" → false"]
[26156][1785457720611][requester][info]["[DockManager] setAvailability: panel \"api-builder\" → true"]
[26156][1785457720611][requester][info]["[RegistryService] setAvailability: panel \"api-builder\" → true"]
[26156][1785457720611][requester][warn]["[DockService] addPanelToState: Unknown group \"internal-dev-services\" for panel \"api-builder\""]
[26156][1785457720612][requester][info]["[DockManager] setAvailability: panel \"sdks\" → false"]
[26156][1785457720612][requester][info]["[RegistryService] setAvailability: panel \"sdks\" → false"]
[26156][1785457720612][requester][info]["[DockManager] setAvailability: panel \"local-mock\" → false"]
[26156][1785457720612][requester][info]["[RegistryService] setAvailability: panel \"local-mock\" → false"]
[26156][1785457720613][requester][info]["[DockManager] setAvailability: panel \"dataset\" → false"]
[26156][1785457720613][requester][info]["[RegistryService] setAvailability: panel \"dataset\" → false"]
[26156][1785457720613][requester][info]["[DockManager] setAvailability: panel \"toolsets-local\" → false"]
[26156][1785457720613][requester][info]["[RegistryService] setAvailability: panel \"toolsets-local\" → false"]
[26156][1785457720613][requester][info]["[DockManager] setAvailability: panel \"mock\" → true"]
[26156][1785457720614][requester][info]["[RegistryService] setAvailability: panel \"mock\" → true"]
[26156][1785457720614][requester][warn]["[DockService] addPanelToState: Unknown group \"cloud-services\" for panel \"mock\""]
[26156][1785457720614][requester][info]["[DockManager] setAvailability: panel \"webhooks\" → false"]
[26156][1785457720614][requester][info]["[RegistryService] setAvailability: panel \"webhooks\" → false"]
[26156][1785457720615][requester][info]["[DockManager] setAvailability: panel \"github-sdks-classic\" → false"]
[26156][1785457720615][requester][info]["[RegistryService] setAvailability: panel \"github-sdks-classic\" → false"]
[26156][1785457720615][requester][info]["[DockManager] setAvailability: panel \"mcp-servers\" → false"]
[26156][1785457720615][requester][info]["[RegistryService] setAvailability: panel \"mcp-servers\" → false"]
[26156][1785457720615][requester][info]["[DockManager] setAvailability: panel \"workspace-sync\" → false"]
[26156][1785457720616][requester][info]["[RegistryService] setAvailability: panel \"workspace-sync\" → false"]
[26156][1785457720616][requester][info]["[DockManager] setAvailability: panelGroup \"terminal\" → true"]
[26156][1785457720617][requester][info]["[RegistryService] setAvailability: panelGroup \"terminal\" → true"]
[26156][1785457720617][requester][info]["[DockService] addPanelGroupToState: \"terminal\""]
[26156][1785457720618][requester][info]["[DockManager] setAvailability: panelGroup \"findReplace\" → true"]
[26156][1785457720618][requester][info]["[RegistryService] setAvailability: panelGroup \"findReplace\" → true"]
[26156][1785457720618][requester][info]["[DockService] addPanelGroupToState: \"findReplace\""]
[26156][1785457720619][requester][info]["[DockManager] setAvailability: panelGroup \"diagnostics\" → false"]
[26156][1785457720619][requester][info]["[RegistryService] setAvailability: panelGroup \"diagnostics\" → false"]
[26156][1785457720620][requester][warn]["[DockManager] disablePanelGroup: Group not found in state",{"panelGroupId":"diagnostics"}]
[26156][1785457720635][requester][info]["[DockService] removePanelFromState: \"workspace-sync\" from group \"history-modifications\""]
[26156][1785457720691][requester][info]["[DockManager] setAvailability: panel \"collection\" → true"]
[26156][1785457720692][requester][info]["[RegistryService] setAvailability: panel \"collection\" → true"]
[26156][1785457720692][requester][warn]["[DockService] addPanelToState: Unknown group \"internal-dev-services\" for panel \"collection\""]
[26156][1785457720692][requester][info]["[DockManager] setAvailability: panel \"documents\" → false"]
[26156][1785457720692][requester][info]["[RegistryService] setAvailability: panel \"documents\" → false"]
[26156][1785457720693][requester][info]["[DockManager] setAvailability: panel \"api-builder\" → true"]
[26156][1785457720693][requester][info]["[RegistryService] setAvailability: panel \"api-builder\" → true"]
[26156][1785457720693][requester][warn]["[DockService] addPanelToState: Unknown group \"internal-dev-services\" for panel \"api-builder\""]
[26156][1785457720693][requester][info]["[DockManager] setAvailability: panel \"sdks\" → false"]
[26156][1785457720693][requester][info]["[RegistryService] setAvailability: panel \"sdks\" → false"]
[26156][1785457720694][requester][info]["[DockManager] setAvailability: panel \"local-mock\" → false"]
[26156][1785457720694][requester][info]["[RegistryService] setAvailability: panel \"local-mock\" → false"]
[26156][1785457720694][requester][info]["[DockManager] setAvailability: panel \"dataset\" → false"]
[26156][1785457720694][requester][info]["[RegistryService] setAvailability: panel \"dataset\" → false"]
[26156][1785457720694][requester][info]["[DockManager] setAvailability: panel \"toolsets-local\" → false"]
[26156][1785457720694][requester][info]["[RegistryService] setAvailability: panel \"toolsets-local\" → false"]
[26156][1785457720694][requester][info]["[DockManager] setAvailability: panel \"mock\" → true"]
[26156][1785457720695][requester][info]["[RegistryService] setAvailability: panel \"mock\" → true"]
[26156][1785457720695][requester][warn]["[DockService] addPanelToState: Unknown group \"cloud-services\" for panel \"mock\""]
[26156][1785457720695][requester][info]["[DockManager] setAvailability: panel \"webhooks\" → false"]
[26156][1785457720695][requester][info]["[RegistryService] setAvailability: panel \"webhooks\" → false"]
[26156][1785457720696][requester][info]["[DockManager] setAvailability: panel \"github-sdks-classic\" → false"]
[26156][1785457720696][requester][info]["[RegistryService] setAvailability: panel \"github-sdks-classic\" → false"]
[26156][1785457720696][requester][info]["[DockManager] setAvailability: panel \"mcp-servers\" → false"]
[26156][1785457720696][requester][info]["[RegistryService] setAvailability: panel \"mcp-servers\" → false"]
[26156][1785457720696][requester][info]["[DockManager] setAvailability: panel \"workspace-sync\" → false"]
[26156][1785457720696][requester][info]["[RegistryService] setAvailability: panel \"workspace-sync\" → false"]
[26156][1785457720696][requester][info]["[DockManager] setAvailability: panelGroup \"terminal\" → true"]
[26156][1785457720697][requester][info]["[RegistryService] setAvailability: panelGroup \"terminal\" → true"]
[26156][1785457720697][requester][info]["[DockService] addPanelGroupToState: \"terminal\""]
[26156][1785457720697][requester][info]["[DockManager] setAvailability: panelGroup \"findReplace\" → true"]
[26156][1785457720697][requester][info]["[RegistryService] setAvailability: panelGroup \"findReplace\" → true"]
[26156][1785457720697][requester][info]["[DockService] addPanelGroupToState: \"findReplace\""]
[26156][1785457720698][requester][info]["[DockManager] setAvailability: panelGroup \"diagnostics\" → false"]
[26156][1785457720698][requester][info]["[RegistryService] setAvailability: panelGroup \"diagnostics\" → false"]
[26156][1785457720699][requester][warn]["[DockManager] disablePanelGroup: Group not found in state",{"panelGroupId":"diagnostics"}]
[26156][1785457721118][requester][error]["isActiveTabLegacy~ Active workspace session is unavailable"]
[26156][1785457721765][requester][info]["IPCAgent~select: IPCAgent selected","b930db70-cd21-4b0e-8690-000302ade970"]
[26156][1785457721766][requester][info]["IPCAgentNew~select: IPCAgentNew selected","b930db70-cd21-4b0e-8690-000302ade970"]
[26156][1785457721772][requester][info]["[DockManager] setAvailability: panel \"dataset\" → false"]
[26156][1785457721773][requester][info]["[RegistryService] setAvailability: panel \"dataset\" → false"]
[26156][1785457721773][requester][info]["[DockManager] setAvailability: panelGroup \"diagnostics\" → true"]
[26156][1785457721773][requester][info]["[RegistryService] setAvailability: panelGroup \"diagnostics\" → true"]
[26156][1785457721774][requester][info]["[DockService] addPanelGroupToState: \"diagnostics\""]
[26156][1785457721775][requester][info]["[DockManager] setAvailability: panel \"github-sdks-classic\" → false"]
[26156][1785457721775][requester][info]["[RegistryService] setAvailability: panel \"github-sdks-classic\" → false"]
[26156][1785457721776][requester][info]["[DockManager] setAvailability: panel \"sdks\" → false"]
[26156][1785457721776][requester][info]["[RegistryService] setAvailability: panel \"sdks\" → false"]
[26156][1785457721776][requester][info]["[DockManager] setAvailability: panel \"webhooks\" → true"]
[26156][1785457721776][requester][info]["[RegistryService] setAvailability: panel \"webhooks\" → true"]
[26156][1785457721777][requester][warn]["[DockService] addPanelToState: Unknown group \"cloud-services\" for panel \"webhooks\""]
[26156][1785457721777][requester][info]["[DockManager] setAvailability: panel \"documents\" → false"]
[26156][1785457721777][requester][info]["[RegistryService] setAvailability: panel \"documents\" → false"]
[26156][1785457721778][requester][info]["[DockManager] setAvailability: panel \"toolsets-local\" → false"]
[26156][1785457721778][requester][info]["[RegistryService] setAvailability: panel \"toolsets-local\" → false"]
[26156][1785457721778][requester][info]["[DockManager] setAvailability: panel \"local-mock\" → false"]
[26156][1785457721778][requester][info]["[RegistryService] setAvailability: panel \"local-mock\" → false"]
[26156][1785457721779][requester][info]["[DockManager] setAvailability: panel \"dataset\" → false"]
[26156][1785457721781][requester][info]["[RegistryService] setAvailability: panel \"dataset\" → false"]
[26156][1785457721781][requester][info]["[DockManager] setAvailability: panel \"sdks\" → false"]
[26156][1785457721782][requester][info]["[RegistryService] setAvailability: panel \"sdks\" → false"]
[26156][1785457721782][requester][info]["[DockManager] setAvailability: panel \"mcp-servers\" → false"]
[26156][1785457721782][requester][info]["[RegistryService] setAvailability: panel \"mcp-servers\" → false"]
[26156][1785457721783][requester][info]["[DockManager] setAvailability: panel \"insights\" → true"]
[26156][1785457721783][requester][info]["[RegistryService] setAvailability: panel \"insights\" → true"]
[26156][1785457721783][requester][warn]["[DockService] addPanelToState: Unknown group \"cloud-services\" for panel \"insights\""]
[26156][1785457721783][requester][info]["[DockManager] setAvailability: panel \"flows\" → true"]
[26156][1785457721783][requester][info]["[RegistryService] setAvailability: panel \"flows\" → true"]
[26156][1785457721783][requester][warn]["[DockService] addPanelToState: Unknown group \"internal-dev-services\" for panel \"flows\""]
[26156][1785457721784][requester][info]["[DockManager] setAvailability: panel \"deployed-flows\" → true"]
[26156][1785457721784][requester][info]["[RegistryService] setAvailability: panel \"deployed-flows\" → true"]
[26156][1785457721784][requester][warn]["[DockService] addPanelToState: Unknown group \"cloud-services\" for panel \"deployed-flows\""]
[26156][1785457721815][requester][info]["ConnectionModeStore~_isFirstLoad",false]
[26156][1785457721980][requester][info]["VariableSyncSettingsStore~fetchDataAndSubscribe: status 200, retry 0"]
[26156][1785457721988][requester][info]["BaseSyncTimeline~SyncFinishedObservable: Successful sync proceeding with integrity check and force sync for user:51092757"]
[26156][1785457721989][requester][info]["BaseSyncTimeline~_handleForceSync: Bailing out of force sync for user:51092757"]
[26156][1785457722615][requester][info]["TabUIStore~requestingSaveTabId : savingTabId",]
[26156][1785457722897][requester][info]["[OriginScopedMCPManager] Initializing",{"origin":"agent-mode"}]
[26156][1785457722898][requester][info]["[OriginScopedMCPManager] Syncing existing connections",{"origin":"agent-mode","serverCount":0}]
[26156][1785457722899][requester][info]["[OriginScopedMCPManager] No runtime state updates needed",{"origin":"agent-mode"}]
[26156][1785457722899][requester][info]["[OriginScopedMCPManager] Found servers",{"total":0,"enabled":0}]
[26156][1785457722899][requester][info]["[OriginScopedMCPManager] No servers to connect during initialization"]
[26156][1785457722910][requester][info]["[OriginScopedMCPManager] Manually resyncing connections",{"origin":"agent-mode"}]
[26156][1785457722910][requester][info]["[OriginScopedMCPManager] Syncing existing connections",{"origin":"agent-mode","serverCount":0}]
[26156][1785457722911][requester][info]["[OriginScopedMCPManager] No runtime state updates needed",{"origin":"agent-mode"}]
[26156][1785457722924][requester][info]["AppBootTracker~app no promises registered for boot, marking app as booted"]
[26156][1785457722957][requester][info]["SessionValidation - Registering listener"]
[26156][1785457723611][requester][info]["[DockManager] setAvailability: panel \"documents\" → true"]
[26156][1785457723611][requester][info]["[RegistryService] setAvailability: panel \"documents\" → true"]
[26156][1785457723611][requester][warn]["[DockService] addPanelToState: Unknown group \"internal-dev-services\" for panel \"documents\""]
[26156][1785457723612][requester][info]["[DockManager] setAvailability: panel \"insights\" → false"]
[26156][1785457723613][requester][info]["[RegistryService] setAvailability: panel \"insights\" → false"]
[26156][1785457724030][requester][info]["UI pulled the session locked information on init"]
[26156][1785457724089][requester][info]["ConnectionModeStore~_isFirstLoad",false]
[26156][1785457724092][requester][info]["ConnectionModeStore~_isFirstLoad",false]
[26156][1785457724094][requester][info]["ConnectionModeStore~_isFirstLoad",false]
[26156][1785457724286][requester][info]["AgentV2.ui_display",{"context":{"api":"AgentV2Consent","domain":"Postbot"},"timestamp":1785457724286,"source":"local"}]
[26156][1785457724603][requester][error]["EnvironmentSelectorContainer~handleEnvironmentSelect: Failed to set active environment",{"name":"Error","message":"WorkspaceSessionController~setActiveEnvironment: Workspace Session does not exist","stack":"Error: WorkspaceSessionController~setActiveEnvironment: Workspace Session does not exist\n    at Object.setActiveEnvironment (https://desktop.postman.com/_ar-assets/requester-desktop-3e2336d60a41d7fb.min.js:3046:199998)\n    at async D.handleEnvironmentSelect (https://desktop.postman.com/_ar-assets/WorkspaceDetailsPage-ece6d42f27125948.min.js:1225:16353)"}]
[26156][1785457724689][requester][info]["EnvironmentSessionUpdate~updateDependentSession event","2d498b95-d42e-4812-8ea2-f99e68804df5",{"model":"globals","triggerSource":"globals-fetch","workspaceMode":"Cloud","isFilesystemSession":false}]
[26156][1785457724691][requester][info]["VariableSessionController~update - event update","globals/2d498b95-d42e-4812-8ea2-f99e68804df5/057aa423-deb1-4f21-8ae0-c2d55832f386",{"triggerSource":"globals-fetch"}]
[26156][1785457724781][requester][info]["[DockManager] setAvailability: panelGroup \"internal-dev-services\" → true"]
[26156][1785457724782][requester][info]["[RegistryService] setAvailability: panelGroup \"internal-dev-services\" → true"]
[26156][1785457724783][requester][info]["[DockService] addPanelGroupToState: \"internal-dev-services\""]
[26156][1785457724784][requester][info]["[DockManager] setAvailability: panelGroup \"cloud-services\" → true"]
[26156][1785457724784][requester][info]["[RegistryService] setAvailability: panelGroup \"cloud-services\" → true"]
[26156][1785457724784][requester][info]["[DockService] addPanelGroupToState: \"cloud-services\""]
[26156][1785457724915][requester][info]["[DockManager] setAvailability: panelGroup \"internal-dev-services\" → true"]
[26156][1785457724915][requester][info]["[RegistryService] setAvailability: panelGroup \"internal-dev-services\" → true"]
[26156][1785457724915][requester][info]["[DockService] addPanelGroupToState: \"internal-dev-services\""]
[26156][1785457724917][requester][info]["[DockManager] setAvailability: panelGroup \"cloud-services\" → true"]
[26156][1785457724917][requester][info]["[RegistryService] setAvailability: panelGroup \"cloud-services\" → true"]
[26156][1785457724917][requester][info]["[DockService] addPanelGroupToState: \"cloud-services\""]
[26156][1785457724919][requester][info]["[DockManager] reinitialize: Starting"]
[26156][1785457724920][requester][info]["[AvailabilityManager] Initialization complete"]
[26156][1785457725443][requester][info]["[DockService] reinitialize: Rebuilding state from registry"]
[26156][1785457725445][requester][info]["[DockService] reinitialize: State rebuilt",{"hosts":3,"panelGroups":10,"panels":19}]
[26156][1785457725448][requester][info]["[DockManager] applyConfig: Applying config",{"hostId":"primarySidebar"}]
[26156][1785457725450][requester][warn]["[DockService] Cannot apply config to unknown panel \"insights\""]
[26156][1785457725450][requester][warn]["[DockService] Cannot apply config to unknown panel \"sdks\""]
[26156][1785457725451][requester][warn]["[DockService] Cannot apply config to unknown panel \"dataset\""]
[26156][1785457725451][requester][info]["[DockManager] reinitialize: Complete"]
[26156][1785457726268][requester][warn]["ListingAPIAdapter~_getUnsubscribeAPIResponseWithSocket: Failed to unsubscribe entities",{"name":"Error","message":"CollectionListingAPIAdapter~getListUnsubscribeAPIEndpoint: not implemented for parent workspace","stack":"Error: CollectionListingAPIAdapter~getListUnsubscribeAPIEndpoint: not implemented for parent workspace\n    at s.getListUnsubscribeAPIEndpoint (https://desktop.postman.com/_ar-assets/requester-desktop-3e2336d60a41d7fb.min.js:3712:57080)\n    at s._getUnsubscribeAPIResponseWithSocket (https://desktop.postman.com/_ar-assets/requester-desktop-3e2336d60a41d7fb.min.js:3708:13364)"}]
[26156][1785457727125][requester][info]["SyncManagerNew~setSync",true]
[26156][1785457727160][requester][error]["AutosaveManager~queueActivity",{},{"context":{"api":"autosave-manager","domain":"runtime"}}]
[26156][1785457729564][requester][info]["GateKeeperService~onWebsocketToggle Key value toggled for Websocket to true"]
[26156][1785457729565][requester][info]["GateKeeperService~onNotificationToggle Key value toggled for Notification to true"]
[26156][1785457729566][requester][info]["GateKeeperService~onSyncToggle Key value toggled for Sync to true"]
[26156][1785457729566][requester][warn]["GateKeeperService~_handleKeyUpdate: Invalid key type provided",{"type":"flags","value":false}]
[26156][1785457729635][requester][warn]["SyncManagerNew~attachGateKeeperHandlers: listening to notification event",{"name":"notification","namespace":"gatekeeper","data":{"isEnabled":true}}]
[26156][1785457729700][requester][info]["[AppUpdaterNotifier] Checking update after the app launch."]
[26156][1785457729737][requester][info]["instrumentSeries ~ Sending metric requester-init-series-getLaunchParams to client envets with value 15.099999999860302"]
[26156][1785457729738][requester][info]["instrumentSeries ~ Sending metric requester-init-series-windowConfig to client envets with value 0.5"]
[26156][1785457729738][requester][info]["instrumentSeries ~ Sending metric requester-init-series-Logger to client envets with value 7.900000000139698"]
[26156][1785457729738][requester][info]["instrumentSeries ~ Sending metric requester-init-series-initializeNavigation to client envets with value 7.400000000139698"]
[26156][1785457729739][requester][info]["instrumentSeries ~ Sending metric requester-init-series-initializeNavigationForDomains to client envets with value 6.2999999998137355"]
[26156][1785457729739][requester][info]["instrumentSeries ~ Sending metric requester-init-series-Messaging to client envets with value 6.600000000093132"]
[26156][1785457729739][requester][info]["instrumentSeries ~ Sending metric requester-init-series-CrashReporter to client envets with value 268.60000000009313"]
[26156][1785457729739][requester][info]["instrumentSeries ~ Sending metric requester-init-series-Telemetry to client envets with value 4.5"]
[26156][1785457729740][requester][info]["instrumentSeries ~ Sending metric requester-init-series-registerServiceWorkerListeners to client envets with value 0.20000000018626451"]
[26156][1785457729740][requester][info]["instrumentSeries ~ Sending metric requester-init-series-initializeConfigurations to client envets with value 4.5"]
[26156][1785457729740][requester][info]["instrumentSeries ~ Sending metric requester-init-series-migrateLocalStorage to client envets with value 1.3000000000465661"]
[26156][1785457729740][requester][info]["instrumentSeries ~ Sending metric requester-init-series-Settings to client envets with value 42.5"]
[26156][1785457729740][requester][info]["instrumentSeries ~ Sending metric requester-init-series-initializeDB to client envets with value 1.5"]
[26156][1785457729740][requester][info]["instrumentSeries ~ Sending metric requester-init-series-WLModels to client envets with value 0.8999999999068677"]
[26156][1785457729741][requester][info]["instrumentSeries ~ Sending metric requester-init-series-bootWindowConfig to client envets with value 74.4000000001397"]
[26156][1785457729741][requester][info]["instrumentSeries ~ Sending metric requester-init-series-IndependentServices to client envets with value 3.1000000000931323"]
[26156][1785457729741][requester][info]["instrumentSeries ~ Sending metric requester-init-series-initAppBadgeAnalytics to client envets with value 0.6000000000931323"]
[26156][1785457729741][requester][info]["instrumentSeries ~ Sending metric requester-init-series-AppModels to client envets with value 17.699999999953434"]
[26156][1785457729741][requester][info]["instrumentSeries ~ Sending metric requester-init-series-performSingletonSteps to client envets with value 261.70000000018626"]
[26156][1785457729741][requester][info]["instrumentSeries ~ Sending metric requester-init-series-CurrentUserDetailsService to client envets with value 27.300000000046566"]
[26156][1785457729741][requester][info]["instrumentSeries ~ Sending metric requester-init-series-i18nService to client envets with value 6.699999999953434"]
[26156][1785457729742][requester][info]["instrumentSeries ~ Sending metric requester-init-series-checkVersionLock to client envets with value 14.800000000046566"]
[26156][1785457729742][requester][info]["instrumentSeries ~ Sending metric requester-init-series-prefetchWorkspaceData to client envets with value 30.9000000001397"]
[26156][1785457729742][requester][info]["instrumentSeries ~ Sending metric requester-init-series-Shared to client envets with value 61.60000000009313"]
[26156][1785457729742][requester][info]["instrumentSeries ~ Sending metric requester-init-series-RuntimeInterface to client envets with value 6.199999999953434"]
[26156][1785457729742][requester][info]["instrumentSeries ~ Sending metric requester-init-series-bootExtensibleCollections to client envets with value 34.199999999953434"]
[26156][1785457729742][requester][info]["instrumentSeries ~ Sending metric requester-init-series-bootManifest to client envets with value 8.400000000139698"]
[26156][1785457729743][requester][info]["instrumentSeries ~ Sending metric requester-init-series-initializeCommunicationForCookies to client envets with value 0.5"]
[26156][1785457729743][requester][info]["instrumentSeries ~ Sending metric requester-init-series-setupVersionLockListener to client envets with value 0.39999999990686774"]
[26156][1785457729743][requester][info]["instrumentSeries ~ Sending metric requester-init-series-setupProductUpdatesListener to client envets with value 0.30000000004656613"]
[26156][1785457729743][requester][info]["instrumentSeries ~ Sending metric requester-init-series-bootDBWatcher to client envets with value 0.5"]
[26156][1785457729744][requester][info]["instrumentSeries ~ Sending metric requester-init-series-bootThemeManager to client envets with value 2.5"]
[26156][1785457729744][requester][info]["instrumentSeries ~ Sending metric requester-init-series-bootWorkbenchService to client envets with value 4"]
[26156][1785457729744][requester][info]["instrumentSeries ~ Sending metric requester-init-series-Requester to client envets with value 57.800000000046566"]
[26156][1785457729744][requester][info]["instrumentSeries ~ Sending metric requester-init-series-bootRuntimeListeners to client envets with value 21.100000000093132"]
[26156][1785457729744][requester][info]["instrumentSeries ~ Sending metric requester-init-series-PlanFeaturesInterface to client envets with value 2.300000000046566"]
[26156][1785457729745][requester][info]["instrumentSeries ~ Sending metric requester-init-series-ManifestService to client envets with value 39.0999999998603"]
[26156][1785457729760][requester][info]["sendAgentConnectionAnalytics: Request ready time not found"]
[26156][1785457729783][requester][info]["ExecuteLowPriorityTasks~starting execution of low priority tasks"]
[26156][1785457729817][requester][info]["ServiceWorker registration successful: ","{\"scriptURL\":\"https://desktop.postman.com/service-worker-d28108a50cc597d0.js\",\"state\":\"activated\"}"]
[26156][1785457729853][requester][info]["applyDesktopUiOnScreenLockEvent~getApplyingVersion, retrieved version from localStorage: null"]
[26156][1785457729854][requester][info]["applyDesktopUiOnScreenLockEvent~subscribing to screen events"]
[26156][1785457729886][requester][info]["[Segment] conditionMet: ",true]
[26156][1785457729889][requester][info]["[Segment] Identify call triggered for userId: ","b906b9e0-5370-4db4-93ca-445f052a8fe3"]
[26156][1785457729946][requester][error]["TransportClient~invoke: Error invoking transport client method",{"code":null,"name":"Error","message":"The name is not activatable"}]
[26156][1785457730426][requester][info]["ClientSecretScannerService~logScannerInitializationTime: Initialization time: 635.6999999999534",{"context":{"api":"ClientSecretScannerService","domain":"product-trust"}}]
[26156][1785457731334][requester][info]["AppUpdateNotifier~ Platform update found. New version - 12.21.7"]
[26156][1785457731360][requester][info]["ServiceWorkerManagement~preFetchAssetsForPlatformVersion: Triggering prefetch flow for ","12.21.7"]
[26156][1785457731361][requester][info]["ServiceWorkerManagement~preFetchAssetsForPlatformVersion: Sending message to service worker for URL - ","https://desktop.postman.com/?desktopVersion=12.21.7&userId=51092757&teamId=12425541&region=us"]
[26156][1785457731379][requester][info]["ServiceWorker~message: Received message: [object ExtendableMessageEvent]"]
[26156][1785457732358][requester][error]["AppUpdaterNotifier~App updater event~Update error",{"error":{"errno":-13,"code":"EACCES","syscall":"open","path":"/opt/postman/Postman-1785457731358.tar.gz","name":"Error","message":"EACCES: permission denied, open '/opt/postman/Postman-1785457731358.tar.gz'","stack":"Error: EACCES: permission denied, open '/opt/postman/Postman-1785457731358.tar.gz'"},"updateData":{"packageName":"Postman","eID":"Postman-1785457731358","downloadURL":"https://dl.pstmn.io/download/version/12.21.7/linux_64","downloadDirectory":"/opt/postman","downloadInfo":{"status":"DOWNLOAD_ERROR","error":{},"downloadDirectory":"/opt/postman"}}},{"context":{"api":"AppUpdateNotifier\\x7erenderer","domain":"web-platform"}}]
[26156][1785457732364][requester][error]["AppUpdateNotifier~Error in update flow",{"errno":-13,"code":"EACCES","syscall":"open","path":"/opt/postman/Postman-1785457731358.tar.gz","name":"Error","message":"EACCES: permission denied, open '/opt/postman/Postman-1785457731358.tar.gz'","stack":"Error: EACCES: permission denied, open '/opt/postman/Postman-1785457731358.tar.gz'"},{"context":{"api":"AppUpdateNotifier\\x7erenderer","domain":"web-platform","sessionId":26156,"origin":"requester","timestamp":1785457732358,"context":"AppUpdaterNotifier\\x7eApp updater event~Update error","message":"AppUpdaterNotifier\\x7eApp updater event~Update error","stack":"Error: AppUpdaterNotifier\\x7eApp updater event~Update error\n    at e.exports.log (https://desktop.postman.com/_ar-assets/vendors-b47dc2056e2d15ba.min.js:1:586003)\n    at a._write (https://desktop.postman.com/_ar-assets/vendors-b47dc2056e2d15ba.min.js:1228:546116)\n    at N (https://desktop.postman.com/_ar-assets/vendors-b47dc2056e2d15ba.min.js:1221:90061)\n    at j (https://desktop.postman.com/_ar-assets/vendors-b47dc2056e2d15ba.min.js:1221:89895)\n    at C.write (https://desktop.postman.com/_ar-assets/vendors-b47dc2056e2d15ba.min.js:1221:93127)\n    at s.h (https://desktop.postman.com/_ar-assets/vendors-b47dc2056e2d15ba.min.js:1221:375798)\n    at a.emit (https://desktop.postman.com/_ar-assets/vendors-b47dc2056e2d15ba.min.js:1221:759289)\n    at k (https://desktop.postman.com/_ar-assets/vendors-b47dc2056e2d15ba.min.js:1221:370106)\n    at _ (https://desktop.postman.com/_ar-assets/vendors-b47dc2056e2d15ba.min.js:1221:370012)\n    at A.push (https://desktop.postman.com/_ar-assets/vendors-b47dc2056e2d15ba.min.js:1221:370951)\n    at a.push (https://desktop.postman.com/_ar-assets/vendors-b47dc2056e2d15ba.min.js:1221:379642)\n    at s._transform (https://desktop.postman.com/_ar-assets/vendors-b47dc2056e2d15ba.min.js:3:8283)\n    at a._read (https://desktop.postman.com/_ar-assets/vendors-b47dc2056e2d15ba.min.js:1221:380118)\n    at a._write (https://desktop.postman.com/_ar-assets/vendors-b47dc2056e2d15ba.min.js:1221:379964)\n    at k (https://desktop.postman.com/_ar-assets/vendors-b47dc2056e2d15ba.min.js:1221:383096)\n    at _ (https://desktop.postman.com/_ar-assets/vendors-b47dc2056e2d15ba.min.js:1221:382968)\n    at v.write (https://desktop.postman.com/_ar-assets/vendors-b47dc2056e2d15ba.min.js:1221:386076)\n    at s.log (https://desktop.postman.com/_ar-assets/vendors-b47dc2056e2d15ba.min.js:3:7773)\n    at https://desktop.postman.com/_ar-assets/vendors-b47dc2056e2d15ba.min.js:1:582187\n    at Array.forEach (<anonymous>)\n    at a.log (https://desktop.postman.com/_ar-assets/vendors-b47dc2056e2d15ba.min.js:1:582173)\n    at https://desktop.postman.com/_ar-assets/vendors-b47dc2056e2d15ba.min.js:1:585192\n    at Array.forEach (<anonymous>)\n    at c._log (https://desktop.postman.com/_ar-assets/vendors-b47dc2056e2d15ba.min.js:1:585178)\n    at c.error (https://desktop.postman.com/_ar-assets/vendors-b47dc2056e2d15ba.min.js:1:585296)\n    at a.<anonymous> (https://desktop.postman.com/_ar-assets/requester-desktop-3e2336d60a41d7fb.min.js:3046:48881)\n    at a.emit (https://desktop.postman.com/_ar-assets/vendors-b47dc2056e2d15ba.min.js:1221:759346)\n    at p (https://desktop.postman.com/_ar-assets/requester-desktop-3e2336d60a41d7fb.min.js:2657:3836)\n    at IpcRenderer.<anonymous> (https://desktop.postman.com/_ar-assets/requester-desktop-3e2336d60a41d7fb.min.js:2657:3926)\n    at IpcRenderer.emit (node:events:519:28)\n    at Object.onMessage (node:electron/js2c/renderer_init:2:10679)"}}]
[26156][1785457733874][requester][info]["ServiceWorker~isHtmlResponseValid: isHtml - true, hasPostmanHeader - true, hasAppVersion - true"]
[26156][1785457734808][requester][info]["ServiceWorker~cleanupHtmlCache: start cleanup"]
[26156][1785457734816][requester][info]["ServiceWorker~cleanupHtmlCache: deleting https://desktop.postman.com/?desktopVersion=12.20.2&userId=51092757&teamId=12425541&region=us"]
[26156][1785457734819][requester][info]["ServiceWorker~cleanupHtmlCache: finished cleanup"]
[26156][1785457749790][requester][info]["ServiceWorker~message: Received message: [object ExtendableMessageEvent]"]
[26156][1785457749815][requester][info]["ServiceWorker~prefetchOfflineAssets: all 17 URLs already cached, nothing to fetch"]
[26156][1785457755059][requester][info]["ExecuteLowPriorityTasks~finished execution of low priority tasks"]
[26156][1785457828172][requester][info]["[DockManager] activatePanelGroup: \"internal-dev-services\""]
[26156][1785457830383][requester][info]["[DockManager] activatePanelGroup: \"cloud-services\""]
[26156][1785457832079][requester][info]["[DockManager] activatePanelGroup: \"file-system\""]
[26156][1785457832589][requester][info]["FileSystemCoreController.initializeScope","057aa423-deb1-4f21-8ae0-c2d55832f386-Cloud",null]
[26156][1785457845667][requester][info]["[DockManager] activatePanelGroup: \"internal-dev-services\""]
[26156][1785457849228][requester][info]["AutosaveManager~subscribeToSettingsUpdates: Settings is initialised."]
[26156][1785457849306][requester][info]["Intellisense : Interface-initialization call"]
[26156][1785457849458][requester][info]["Intellisense : Store initialized"]
[26156][1785457851012][requester][warn]["ActiveSessionService~getActiveSessions: Environment null not found."]
[26156][1785457851037][requester][info]["PackageResourceUsageInterface~constructor: Registering reaction to fetch resource usage on package addition or removal"]
[26156][1785457851121][requester][info]["PackageLibraryMasterStore~deletePackagesDir: Deleted directory ./scriptPackageFiles"]
[26156][1785457852132][requester][info]["TypedRequestDefinitionStore~init: Instance count",1]
[26156][1785457852446][requester][error]["HistorySettingsStore~hydrate: Error in hydrating workspace settings",{"error":{"name":"instanceNotFoundError","message":"We could not find the workspace you are looking for","details":{"model":"workspace","model_id":"057aa423-deb1-4f21-8ae0-c2d55832f386","owner":"51092757"}},"status":404,"headers":{}}]
[26156][1785457853603][requester][info]["IPCAgentNew~_init: First subscribe to remote events",{"threadId":1}]
[26156][1785458565573][requester][info]["SyncManagerNew~_onDisconnect"]
[26156][1785458565710][requester][info]["SyncManagerNew~_onReconnectScheduled",7368,1]
[26156][1785458573066][requester][info]["SyncManagerNew~_onReconnectAttempt"]
[26156][1785458573079][requester][info]["SyncManagerNew~_onReconnecting",1]
[26156][1785458573728][requester][info]["SyncManagerNew~_onReconnect",1]
[26156][1785458573733][requester][info]["SyncManagerNew~_onConnect"]
[26156][1785458573870][requester][info]["SyncManagerNew~signIn",{}]
[26156][1785458573880][requester][info]["SyncTimelineHelper: Force stopping all timelines"]
[26156][1785458573880][requester][info]["BaseSyncTimeline~forceStop: Force stop user:51092757"]
[26156][1785458573956][requester][info]["BaseSyncTimeline~subscribe: Subscribing to real time changes for user:51092757"]
[26156][1785458573956][requester][info]["BaseSyncTimeline~_sync: Starting sync for user:51092757"]
[26156][1785458573957][requester][info]["BaseSyncTimeline~getPendingClientChanges: Starting to get pending changes for user:51092757"]
[26156][1785458573960][requester][info]["BaseSyncTimeline~getPendingClientChanges: Finished to get pending changes for user:51092757"]
[26156][1785458573963][requester][info]["BaseSyncTimeline~getPendingServerChanges: Starting /sync call for user:51092757"]
[26156][1785458574751][requester][info]["VariableSyncSettingsStore~fetchDataAndSubscribe: status 200, retry 0"]
[26156][1785458574766][requester][info]["BaseSyncTimeline~SyncFinishedObservable: Successful sync proceeding with integrity check and force sync for user:51092757"]
[26156][1785458574767][requester][info]["BaseSyncTimeline~_handleForceSync: Bailing out of force sync for user:51092757"]
[26156][1785459221241][requester][info]["SyncManagerNew~_onDisconnect"]
[26156][1785459221310][requester][info]["SyncManagerNew~_onReconnectScheduled",8646,1]
[26156][1785459229948][requester][info]["SyncManagerNew~_onReconnectAttempt"]
[26156][1785459229955][requester][info]["SyncManagerNew~_onReconnecting",1]
[26156][1785459230938][requester][info]["SyncManagerNew~_onReconnect",1]
[26156][1785459230939][requester][info]["SyncManagerNew~_onConnect"]
[26156][1785459231006][requester][info]["SyncManagerNew~signIn",{}]
[26156][1785459231011][requester][info]["SyncTimelineHelper: Force stopping all timelines"]
[26156][1785459231012][requester][info]["BaseSyncTimeline~forceStop: Force stop user:51092757"]
[26156][1785459231056][requester][info]["BaseSyncTimeline~subscribe: Subscribing to real time changes for user:51092757"]
[26156][1785459231056][requester][info]["BaseSyncTimeline~_sync: Starting sync for user:51092757"]
[26156][1785459231056][requester][info]["BaseSyncTimeline~getPendingClientChanges: Starting to get pending changes for user:51092757"]
[26156][1785459231057][requester][info]["BaseSyncTimeline~getPendingClientChanges: Finished to get pending changes for user:51092757"]
[26156][1785459231058][requester][info]["BaseSyncTimeline~getPendingServerChanges: Starting /sync call for user:51092757"]
[26156][1785459231563][requester][info]["BaseSyncTimeline~SyncFinishedObservable: Successful sync proceeding with integrity check and force sync for user:51092757"]
[26156][1785459231563][requester][info]["BaseSyncTimeline~_handleForceSync: Bailing out of force sync for user:51092757"]
[26156][1785459231565][requester][info]["VariableSyncSettingsStore~fetchDataAndSubscribe: status 200, retry 0"]
[119234][1785464317931][requester][info]["DesktopLocationService ~ init initialized"]
[119234][1785464317938][requester][info]["NavigationService ~ Initialized: Success"]
[119234][1785464317939][requester][info]["initializeNavigation~boot - Success"]
[119234][1785464317942][requester][error]["NavigationService~register- A route already registered for this intent. Duplicate routes not supported."]
[119234][1785464317948][requester][info]["EventBus~initialize - Success"]
[119234][1785464317948][requester][info]["Messaging~boot - Success"]
[119234][1785464318000][requester][info]["bootCrashReporter~ Success"]
[119234][1785464318004][requester][info]["Telemetry~boot - Success"]
[119234][1785464318008][requester][info]["bootConfigurations~initialize - Success"]
[119234][1785464318009][requester][info]["migrateLocalStorage: Bailing out"]
[119234][1785464318022][requester][info]["Settings~boot - Success"]
[119234][1785464318024][requester][info]["Migrations: all migrations finished and no version downgrade detected. Skipping migrations."]
[119234][1785464318025][requester][info]["WindowController~initialize - Success"]
[119234][1785464318080][requester][info]["Session~boot - Success"]
[119234][1785464318084][requester][info]["IndependentServices~boot - Success"]
[119234][1785464318108][requester][info]["AppModels~boot - Success"]
[119234][1785464318112][requester][info]["CookiesBootHelper~Migration: Bailing out, no migrations to apply."]
[119234][1785464318213][requester][info]["bootIndependentServicesShared: Success"]
[119234][1785464318215][requester][info]["instrumentSeries ~ Sending metric requester-init-singleton-initializeConfigurationsValues to client envets with value 2.099999999627471"]
[119234][1785464318409][requester][info]["instrumentSeries ~ Sending metric requester-init-singleton-cleanupRunner to client envets with value 1.2999999998137355"]
[119234][1785464318410][requester][info]["instrumentSeries ~ Sending metric requester-init-singleton-migrateCookiesFromElectron to client envets with value 0.7000000001862645"]
[119234][1785464318410][requester][info]["instrumentSeries ~ Sending metric requester-init-singleton-cleanupCookies to client envets with value 89.20000000018626"]
[119234][1785464318410][requester][info]["instrumentSeries ~ Sending metric requester-init-singleton-clearEditorDataCache to client envets with value 11.299999999813735"]
[119234][1785464318411][requester][info]["instrumentSeries ~ Sending metric requester-init-singleton-bootIndependentServicesShare to client envets with value 1.099999999627471"]
[119234][1785464318411][requester][info]["performSingletonJobs: Success"]
[119234][1785464318454][requester][info]["checkVersionLock: Starting version lock check"]
[119234][1785464318464][requester][info]["checkVersionLock: Cached response present. Starting validation"]
[119234][1785464318464][requester][info]["checkVersionLock: Version is valid according to cached response"]
[119234][1785464318465][requester][info]["checkVersionLock: Checking version lock in non-blocking flow"]
[119234][1785464318468][requester][info]["checkVersionLock: Version lock check passed"]
[119234][1785464318524][requester][info]["SyncManagerNew~setSync",true]
[119234][1785464318525][requester][info]["SyncManagerNew~signIn",{"forceConnect":true}]
[119234][1785464318525][requester][info]["Sync~boot - Success"]
[119234][1785464318529][requester][info]["SyncManagerNew~createSocket",{"forceConnect":true}]
[119234][1785464318530][requester][info]["SyncManagerNew~createSocket - socket url","https://bifrost-v4-global.gw.postman.com"]
[119234][1785464318531][requester][info]["SyncManagerNew~createSocket","sailsIO.connect",{"url":"https://bifrost-v4-global.gw.postman.com","opts":{"reconnectionDelay":10000,"reconnectionDelayMax":60000,"reconnectionAttempts":8,"randomizationFactor":0.3}}]
[119234][1785464318531][requester][info]["SyncManagerNew~createSocket - userContext: ",{"userId":"51092757","teamId":"12425541","os":"linux 7.1.5-1-cachyos","type":"app_native","version":"12.20.2-ui-260722-0232","productVersion":"12.20.2"}]
[119234][1785464318565][requester][info]["PostUpdateBackup~init: Success"]
[119234][1785464318582][requester][info]["Shared~boot - Success"]
[119234][1785464318588][requester][info]["IPCAgent~select: IPCAgent selected","ca93f37e-6f20-4589-8196-c1ff28ccb563"]
[119234][1785464318628][requester][info]["ExtensibleCollections~boot - Success"]
[119234][1785464318638][requester][info]["DBWatcher~boot - Success"]
[119234][1785464318641][requester][info]["ThemeManager~boot - Success"]
[119234][1785464318645][requester][info]["WorkbenchService~boot - Success"]
[119234][1785464318646][requester][info]["Store~boot - Success"]
[119234][1785464318647][requester][info]["Shortcuts~boot - Success"]
[119234][1785464318661][requester][info]["OfflineAPIClientService~init: started"]
[119234][1785464318662][requester][info]["OfflineAPIClientService~init: settings cache isOfflineAPIClientEnabled",true]
[119234][1785464318664][requester][info]["initializePostV8UpdateCheck: Success"]
[119234][1785464318718][requester][info]["Requester~boot - Success"]
[119234][1785464318747][requester][info]["SharedRuntimeListeners~boot - Success"]
[119234][1785464318755][requester][info]["[AvailabilityManager] Registered panel \"collection\""]
[119234][1785464318755][requester][info]["[AvailabilityManager] Registered panel \"environment\""]
[119234][1785464318757][requester][info]["[AvailabilityManager] Registered panel \"documents\""]
[119234][1785464318758][requester][info]["[AvailabilityManager] Registered panel \"api-builder\""]
[119234][1785464318758][requester][info]["[AvailabilityManager] Registered panel \"specifications\""]
[119234][1785464318759][requester][info]["[AvailabilityManager] Registered panel \"sdks\""]
[119234][1785464318760][requester][info]["[AvailabilityManager] Registered panel \"local-mock\""]
[119234][1785464318761][requester][info]["[AvailabilityManager] Registered panel \"dataset\""]
[119234][1785464318761][requester][info]["[AvailabilityManager] Registered panel \"toolsets-local\""]
[119234][1785464318762][requester][info]["[AvailabilityManager] Registered panel \"flows\""]
[119234][1785464318762][requester][info]["[AvailabilityManager] Registered panel \"mock\""]
[119234][1785464318762][requester][info]["[AvailabilityManager] Registered panel \"monitor\""]
[119234][1785464318763][requester][info]["[AvailabilityManager] Registered panel \"webhooks\""]
[119234][1785464318763][requester][info]["[AvailabilityManager] Registered panel \"insights\""]
[119234][1785464318763][requester][info]["[AvailabilityManager] Registered panel \"deployed-flows\""]
[119234][1785464318764][requester][info]["[AvailabilityManager] Registered panel \"github-sdks-classic\""]
[119234][1785464318764][requester][info]["[AvailabilityManager] Registered panel \"mcp-servers\""]
[119234][1785464318764][requester][info]["[AvailabilityManager] Registered panel \"workspace-sync\""]
[119234][1785464318765][requester][info]["[AvailabilityManager] Registered panel \"workspace-diff-sidebar\""]
[119234][1785464318765][requester][info]["[AvailabilityManager] Registered panel \"history\""]
[119234][1785464318765][requester][info]["[AvailabilityManager] Registered panel \"files\""]
[119234][1785464318766][requester][info]["[AvailabilityManager] Registered panel \"governance-rulesets\""]
[119234][1785464318766][requester][info]["[AvailabilityManager] Registered panel \"governance-custom-functions\""]
[119234][1785464318766][requester][info]["[AvailabilityManager] Registered panel \"governance-workspace-groups\""]
[119234][1785464318767][requester][info]["[AvailabilityManager] Registered panel \"console\""]
[119234][1785464318767][requester][info]["[AvailabilityManager] Registered panel \"terminal\""]
[119234][1785464318767][requester][info]["[AvailabilityManager] Registered panel \"findReplace\""]
[119234][1785464318767][requester][info]["[AvailabilityManager] Registered panel \"diagnostics\""]
[119234][1785464318772][requester][info]["[AvailabilityManager] Registered panel group \"internal-dev-services\""]
[119234][1785464318772][requester][info]["[AvailabilityManager] Registered panel group \"cloud-services\""]
[119234][1785464318776][requester][info]["[AvailabilityManager] Registered panel group \"file-system\""]
[119234][1785464318779][requester][info]["[AvailabilityManager] Registered panel group \"terminal\""]
[119234][1785464318779][requester][info]["[AvailabilityManager] Registered panel group \"findReplace\""]
[119234][1785464318780][requester][info]["[AvailabilityManager] Registered panel group \"diagnostics\""]
[119234][1785464318788][requester][info]["[ManifestService] Registered 10 panel groups, 28 panels, and 0 panel templates"]
[119234][1785464318788][requester][info]["[ManifestService] AvailabilityManager initializing"]
[119234][1785464318789][requester][info]["[AvailabilityManager] Initializing..."]
[119234][1785464318796][requester][info]["[ManifestService] AvailabilityManager initialized"]
[119234][1785464318797][requester][info]["[ManifestService] Initialization complete"]
[119234][1785464318808][requester][info]["booted - requester"]
[119234][1785464319058][requester][info]["[DockService] removePanelFromState: \"workspace-diff-sidebar\" from group \"history-modifications\""]
[119234][1785464319097][requester][info]["CloudProxyHandler: Proxy configuration has not been setup"]
[119234][1785464319220][requester][info]["LocalSecretProtection~setupReactionsForLocalMode: MobX reaction set up for local mode workspace changes",{"context":{"api":"LocalSecretProtection","domain":"secret-scanner"}}]
[119234][1785464319405][requester][info]["performVersionLockCheck: Current version is valid for the user"]
[119234][1785464319444][requester][info]["SyncManagerNew~_onConnect"]
[119234][1785464319452][requester][info]["SyncManagerNew~signIn",{}]
[119234][1785464319454][requester][info]["setupVersionLockListener: Attached listener for version lock check events"]
[119234][1785464319461][requester][info]["SyncTimelineHelper: Force stopping all timelines"]
[119234][1785464319645][requester][info]["IPCAgent~select: IPCAgent selected","73e0f525-6c46-4911-9405-7ade9afc5b6f"]
[119234][1785464319646][requester][info]["IPCAgentNew~select: IPCAgentNew selected","73e0f525-6c46-4911-9405-7ade9afc5b6f"]
[119234][1785464319650][requester][info]["[DockManager] setAvailability: panel \"insights\" → true"]
[119234][1785464319651][requester][info]["[RegistryService] setAvailability: panel \"insights\" → true"]
[119234][1785464319651][requester][warn]["[DockService] addPanelToState: Unknown group \"cloud-services\" for panel \"insights\""]
[119234][1785464319652][requester][info]["[DockManager] setAvailability: panel \"flows\" → true"]
[119234][1785464319652][requester][info]["[RegistryService] setAvailability: panel \"flows\" → true"]
[119234][1785464319653][requester][warn]["[DockService] addPanelToState: Unknown group \"internal-dev-services\" for panel \"flows\""]
[119234][1785464319653][requester][info]["[DockManager] setAvailability: panel \"deployed-flows\" → true"]
[119234][1785464319654][requester][info]["[RegistryService] setAvailability: panel \"deployed-flows\" → true"]
[119234][1785464319654][requester][warn]["[DockService] addPanelToState: Unknown group \"cloud-services\" for panel \"deployed-flows\""]
[119234][1785464319660][requester][info]["ConnectionModeStore~_isFirstLoad",false]
[119234][1785464319767][requester][info]["BaseSyncTimeline~subscribe: Subscribing to real time changes for user:51092757"]
[119234][1785464319768][requester][info]["BaseSyncTimeline~_sync: Starting sync for user:51092757"]
[119234][1785464319770][requester][info]["BaseSyncTimeline~getPendingClientChanges: Starting to get pending changes for user:51092757"]
[119234][1785464319778][requester][info]["BaseSyncTimeline~getPendingClientChanges: Finished to get pending changes for user:51092757"]
[119234][1785464319781][requester][info]["BaseSyncTimeline~getPendingServerChanges: Starting /sync call for user:51092757"]
[119234][1785464319825][requester][info]["[DockManager] setAvailability: panel \"collection\" → true"]
[119234][1785464319826][requester][info]["[RegistryService] setAvailability: panel \"collection\" → true"]
[119234][1785464319826][requester][warn]["[DockService] addPanelToState: Unknown group \"internal-dev-services\" for panel \"collection\""]
[119234][1785464319827][requester][info]["[DockManager] setAvailability: panel \"documents\" → false"]
[119234][1785464319827][requester][info]["[RegistryService] setAvailability: panel \"documents\" → false"]
[119234][1785464319827][requester][info]["[DockManager] setAvailability: panel \"api-builder\" → true"]
[119234][1785464319827][requester][info]["[RegistryService] setAvailability: panel \"api-builder\" → true"]
[119234][1785464319828][requester][warn]["[DockService] addPanelToState: Unknown group \"internal-dev-services\" for panel \"api-builder\""]
[119234][1785464319828][requester][info]["[DockManager] setAvailability: panel \"sdks\" → false"]
[119234][1785464319829][requester][info]["[RegistryService] setAvailability: panel \"sdks\" → false"]
[119234][1785464319829][requester][info]["[DockManager] setAvailability: panel \"local-mock\" → false"]
[119234][1785464319829][requester][info]["[RegistryService] setAvailability: panel \"local-mock\" → false"]
[119234][1785464319830][requester][info]["[DockManager] setAvailability: panel \"dataset\" → false"]
[119234][1785464319830][requester][info]["[RegistryService] setAvailability: panel \"dataset\" → false"]
[119234][1785464319830][requester][info]["[DockManager] setAvailability: panel \"toolsets-local\" → false"]
[119234][1785464319830][requester][info]["[RegistryService] setAvailability: panel \"toolsets-local\" → false"]
[119234][1785464319832][requester][info]["[DockManager] setAvailability: panel \"mock\" → true"]
[119234][1785464319832][requester][info]["[RegistryService] setAvailability: panel \"mock\" → true"]
[119234][1785464319833][requester][warn]["[DockService] addPanelToState: Unknown group \"cloud-services\" for panel \"mock\""]
[119234][1785464319834][requester][info]["[DockManager] setAvailability: panel \"webhooks\" → true"]
[119234][1785464319834][requester][info]["[RegistryService] setAvailability: panel \"webhooks\" → true"]
[119234][1785464319835][requester][warn]["[DockService] addPanelToState: Unknown group \"cloud-services\" for panel \"webhooks\""]
[119234][1785464319837][requester][info]["[DockManager] setAvailability: panel \"github-sdks-classic\" → false"]
[119234][1785464319837][requester][info]["[RegistryService] setAvailability: panel \"github-sdks-classic\" → false"]
[119234][1785464319838][requester][info]["[DockManager] setAvailability: panel \"mcp-servers\" → false"]
[119234][1785464319838][requester][info]["[RegistryService] setAvailability: panel \"mcp-servers\" → false"]
[119234][1785464319839][requester][info]["[DockManager] setAvailability: panel \"workspace-sync\" → false"]
[119234][1785464319839][requester][info]["[RegistryService] setAvailability: panel \"workspace-sync\" → false"]
[119234][1785464319840][requester][info]["[DockManager] setAvailability: panelGroup \"terminal\" → true"]
[119234][1785464319840][requester][info]["[RegistryService] setAvailability: panelGroup \"terminal\" → true"]
[119234][1785464319840][requester][info]["[DockService] addPanelGroupToState: \"terminal\""]
[119234][1785464319841][requester][info]["[DockManager] setAvailability: panelGroup \"findReplace\" → true"]
[119234][1785464319842][requester][info]["[RegistryService] setAvailability: panelGroup \"findReplace\" → true"]
[119234][1785464319842][requester][info]["[DockService] addPanelGroupToState: \"findReplace\""]
[119234][1785464319843][requester][info]["[DockManager] setAvailability: panelGroup \"diagnostics\" → true"]
[119234][1785464319843][requester][info]["[RegistryService] setAvailability: panelGroup \"diagnostics\" → true"]
[119234][1785464319843][requester][info]["[DockService] addPanelGroupToState: \"diagnostics\""]
[119234][1785464319864][requester][info]["[DockService] removePanelFromState: \"workspace-sync\" from group \"history-modifications\""]
[119234][1785464319929][requester][info]["[DockManager] setAvailability: panel \"collection\" → true"]
[119234][1785464319930][requester][info]["[RegistryService] setAvailability: panel \"collection\" → true"]
[119234][1785464319930][requester][warn]["[DockService] addPanelToState: Unknown group \"internal-dev-services\" for panel \"collection\""]
[119234][1785464319931][requester][info]["[DockManager] setAvailability: panel \"documents\" → false"]
[119234][1785464319931][requester][info]["[RegistryService] setAvailability: panel \"documents\" → false"]
[119234][1785464319932][requester][info]["[DockManager] setAvailability: panel \"api-builder\" → true"]
[119234][1785464319932][requester][info]["[RegistryService] setAvailability: panel \"api-builder\" → true"]
[119234][1785464319933][requester][warn]["[DockService] addPanelToState: Unknown group \"internal-dev-services\" for panel \"api-builder\""]
[119234][1785464319933][requester][info]["[DockManager] setAvailability: panel \"sdks\" → false"]
[119234][1785464319934][requester][info]["[RegistryService] setAvailability: panel \"sdks\" → false"]
[119234][1785464319938][requester][info]["[DockManager] setAvailability: panel \"local-mock\" → false"]
[119234][1785464319939][requester][info]["[RegistryService] setAvailability: panel \"local-mock\" → false"]
[119234][1785464319940][requester][info]["[DockManager] setAvailability: panel \"dataset\" → false"]
[119234][1785464319940][requester][info]["[RegistryService] setAvailability: panel \"dataset\" → false"]
[119234][1785464319940][requester][info]["[DockManager] setAvailability: panel \"toolsets-local\" → false"]
[119234][1785464319941][requester][info]["[RegistryService] setAvailability: panel \"toolsets-local\" → false"]
[119234][1785464319941][requester][info]["[DockManager] setAvailability: panel \"mock\" → true"]
[119234][1785464319941][requester][info]["[RegistryService] setAvailability: panel \"mock\" → true"]
[119234][1785464319941][requester][warn]["[DockService] addPanelToState: Unknown group \"cloud-services\" for panel \"mock\""]
[119234][1785464319942][requester][info]["[DockManager] setAvailability: panel \"webhooks\" → true"]
[119234][1785464319942][requester][info]["[RegistryService] setAvailability: panel \"webhooks\" → true"]
[119234][1785464319942][requester][warn]["[DockService] addPanelToState: Unknown group \"cloud-services\" for panel \"webhooks\""]
[119234][1785464319943][requester][info]["[DockManager] setAvailability: panel \"github-sdks-classic\" → false"]
[119234][1785464319943][requester][info]["[RegistryService] setAvailability: panel \"github-sdks-classic\" → false"]
[119234][1785464319944][requester][info]["[DockManager] setAvailability: panel \"mcp-servers\" → false"]
[119234][1785464319944][requester][info]["[RegistryService] setAvailability: panel \"mcp-servers\" → false"]
[119234][1785464319945][requester][info]["[DockManager] setAvailability: panel \"workspace-sync\" → false"]
[119234][1785464319945][requester][info]["[RegistryService] setAvailability: panel \"workspace-sync\" → false"]
[119234][1785464319945][requester][info]["[DockManager] setAvailability: panelGroup \"terminal\" → true"]
[119234][1785464319945][requester][info]["[RegistryService] setAvailability: panelGroup \"terminal\" → true"]
[119234][1785464319945][requester][info]["[DockService] addPanelGroupToState: \"terminal\""]
[119234][1785464319946][requester][info]["[DockManager] setAvailability: panelGroup \"findReplace\" → true"]
[119234][1785464319946][requester][info]["[RegistryService] setAvailability: panelGroup \"findReplace\" → true"]
[119234][1785464319946][requester][info]["[DockService] addPanelGroupToState: \"findReplace\""]
[119234][1785464319947][requester][info]["[DockManager] setAvailability: panelGroup \"diagnostics\" → true"]
[119234][1785464319947][requester][info]["[RegistryService] setAvailability: panelGroup \"diagnostics\" → true"]
[119234][1785464319947][requester][info]["[DockService] addPanelGroupToState: \"diagnostics\""]
[119234][1785464320359][requester][error]["isActiveTabLegacy~ Active workspace session is unavailable"]
[119234][1785464320925][requester][info]["ConnectionModeStore~_isFirstLoad",false]
[119234][1785464320927][requester][info]["[DockManager] setAvailability: panel \"insights\" → false"]
[119234][1785464320927][requester][info]["[RegistryService] setAvailability: panel \"insights\" → false"]
[119234][1785464320936][requester][info]["ConnectionModeStore~_isFirstLoad",false]
[119234][1785464320937][requester][info]["[DockManager] setAvailability: panel \"documents\" → true"]
[119234][1785464320937][requester][info]["[RegistryService] setAvailability: panel \"documents\" → true"]
[119234][1785464320938][requester][warn]["[DockService] addPanelToState: Unknown group \"internal-dev-services\" for panel \"documents\""]
[119234][1785464320941][requester][info]["ConnectionModeStore~_isFirstLoad",false]
[119234][1785464320975][requester][info]["ConnectionModeStore~_isFirstLoad",false]
[119234][1785464320977][requester][info]["ConnectionModeStore~_isFirstLoad",false]
[119234][1785464320979][requester][info]["ConnectionModeStore~_isFirstLoad",false]
[119234][1785464321072][requester][info]["VariableSyncSettingsStore~fetchDataAndSubscribe: status 200, retry 0"]
[119234][1785464321079][requester][info]["BaseSyncTimeline~SyncFinishedObservable: Successful sync proceeding with integrity check and force sync for user:51092757"]
[119234][1785464321080][requester][info]["BaseSyncTimeline~_handleForceSync: Bailing out of force sync for user:51092757"]
[119234][1785464321250][requester][info]["AppBootTracker~app no promises registered for boot, marking app as booted"]
[119234][1785464321595][requester][info]["TabUIStore~requestingSaveTabId : savingTabId",]
[119234][1785464321793][requester][info]["[OriginScopedMCPManager] Initializing",{"origin":"agent-mode"}]
[119234][1785464321794][requester][info]["[OriginScopedMCPManager] Syncing existing connections",{"origin":"agent-mode","serverCount":0}]
[119234][1785464321794][requester][info]["[OriginScopedMCPManager] No runtime state updates needed",{"origin":"agent-mode"}]
[119234][1785464321795][requester][info]["[OriginScopedMCPManager] Found servers",{"total":0,"enabled":0}]
[119234][1785464321795][requester][info]["[OriginScopedMCPManager] No servers to connect during initialization"]
[119234][1785464321806][requester][info]["[OriginScopedMCPManager] Manually resyncing connections",{"origin":"agent-mode"}]
[119234][1785464321806][requester][info]["[OriginScopedMCPManager] Syncing existing connections",{"origin":"agent-mode","serverCount":0}]
[119234][1785464321806][requester][info]["[OriginScopedMCPManager] No runtime state updates needed",{"origin":"agent-mode"}]
[119234][1785464321857][requester][info]["SessionValidation - Registering listener"]
[119234][1785464322016][requester][info]["AgentV2.ui_display",{"context":{"api":"AgentV2Consent","domain":"Postbot"},"timestamp":1785464322016,"source":"local"}]
[119234][1785464322671][requester][info]["UI pulled the session locked information on init"]
[119234][1785464322823][requester][info]["ConnectionModeStore~_isFirstLoad",false]
[119234][1785464322828][requester][info]["ConnectionModeStore~_isFirstLoad",false]
[119234][1785464322831][requester][info]["ConnectionModeStore~_isFirstLoad",false]
[119234][1785464323577][requester][error]["EnvironmentSelectorContainer~handleEnvironmentSelect: Failed to set active environment",{"name":"Error","message":"WorkspaceSessionController~setActiveEnvironment: Workspace Session does not exist","stack":"Error: WorkspaceSessionController~setActiveEnvironment: Workspace Session does not exist\n    at Object.setActiveEnvironment (https://desktop.postman.com/_ar-assets/requester-desktop-3e2336d60a41d7fb.min.js:3046:199998)\n    at async D.handleEnvironmentSelect (https://desktop.postman.com/_ar-assets/WorkspaceDetailsPage-ece6d42f27125948.min.js:1225:16353)"}]
[119234][1785464323738][requester][info]["EnvironmentSessionUpdate~updateDependentSession event","2d498b95-d42e-4812-8ea2-f99e68804df5",{"model":"globals","triggerSource":"globals-fetch","workspaceMode":"Cloud","isFilesystemSession":false}]
[119234][1785464323740][requester][info]["VariableSessionController~update - event update","globals/2d498b95-d42e-4812-8ea2-f99e68804df5/057aa423-deb1-4f21-8ae0-c2d55832f386",{"triggerSource":"globals-fetch"}]
[119234][1785464323833][requester][info]["[DockManager] setAvailability: panelGroup \"internal-dev-services\" → true"]
[119234][1785464323834][requester][info]["[RegistryService] setAvailability: panelGroup \"internal-dev-services\" → true"]
[119234][1785464323834][requester][info]["[DockService] addPanelGroupToState: \"internal-dev-services\""]
[119234][1785464323836][requester][info]["[DockManager] setAvailability: panelGroup \"cloud-services\" → true"]
[119234][1785464323836][requester][info]["[RegistryService] setAvailability: panelGroup \"cloud-services\" → true"]
[119234][1785464323836][requester][info]["[DockService] addPanelGroupToState: \"cloud-services\""]
[119234][1785464323985][requester][info]["[DockManager] setAvailability: panelGroup \"internal-dev-services\" → true"]
[119234][1785464323986][requester][info]["[RegistryService] setAvailability: panelGroup \"internal-dev-services\" → true"]
[119234][1785464323986][requester][info]["[DockService] addPanelGroupToState: \"internal-dev-services\""]
[119234][1785464323987][requester][info]["[DockManager] setAvailability: panelGroup \"cloud-services\" → true"]
[119234][1785464323987][requester][info]["[RegistryService] setAvailability: panelGroup \"cloud-services\" → true"]
[119234][1785464323988][requester][info]["[DockService] addPanelGroupToState: \"cloud-services\""]
[119234][1785464323991][requester][info]["[DockManager] reinitialize: Starting"]
[119234][1785464323993][requester][info]["[AvailabilityManager] Initialization complete"]
[119234][1785464324412][requester][info]["[DockService] reinitialize: Rebuilding state from registry"]
[119234][1785464324413][requester][info]["[DockService] reinitialize: State rebuilt",{"hosts":3,"panelGroups":10,"panels":19}]
[119234][1785464324415][requester][info]["[DockManager] applyConfig: Applying config",{"hostId":"primarySidebar"}]
[119234][1785464324417][requester][warn]["[DockService] Cannot apply config to unknown panel \"insights\""]
[119234][1785464324417][requester][warn]["[DockService] Cannot apply config to unknown panel \"sdks\""]
[119234][1785464324417][requester][warn]["[DockService] Cannot apply config to unknown panel \"dataset\""]
[119234][1785464324658][requester][info]["[DockManager] reinitialize: Complete"]
[119234][1785464324896][requester][warn]["ListingAPIAdapter~_getUnsubscribeAPIResponseWithSocket: Failed to unsubscribe entities",{"name":"Error","message":"CollectionListingAPIAdapter~getListUnsubscribeAPIEndpoint: not implemented for parent workspace","stack":"Error: CollectionListingAPIAdapter~getListUnsubscribeAPIEndpoint: not implemented for parent workspace\n    at s.getListUnsubscribeAPIEndpoint (https://desktop.postman.com/_ar-assets/requester-desktop-3e2336d60a41d7fb.min.js:3712:57080)\n    at s._getUnsubscribeAPIResponseWithSocket (https://desktop.postman.com/_ar-assets/requester-desktop-3e2336d60a41d7fb.min.js:3708:13364)"}]
[119234][1785464325753][requester][info]["SyncManagerNew~setSync",true]
[119234][1785464325877][requester][warn]["CollectionInterface~openCollectionInTab: Collection uid not found"]
[119234][1785464326598][requester][warn]["CollectionInterface~openCollectionInTab: Collection uid not found"]
[119234][1785464327026][requester][warn]["ActiveSessionService~getActiveSessions: Environment null not found."]
[119234][1785464327371][requester][warn]["CollectionInterface~openCollectionInTab: Collection uid not found"]
[119234][1785464327929][requester][info]["instrumentSeries ~ Sending metric requester-init-series-getLaunchParams to client envets with value 13.200000000186265"]
[119234][1785464327930][requester][info]["instrumentSeries ~ Sending metric requester-init-series-windowConfig to client envets with value 0.2999999998137355"]
[119234][1785464327930][requester][info]["instrumentSeries ~ Sending metric requester-init-series-Logger to client envets with value 7.2999999998137355"]
[119234][1785464327930][requester][info]["instrumentSeries ~ Sending metric requester-init-series-initializeNavigation to client envets with value 8.600000000558794"]
[119234][1785464327930][requester][info]["instrumentSeries ~ Sending metric requester-init-series-initializeNavigationForDomains to client envets with value 2.5"]
[119234][1785464327930][requester][info]["instrumentSeries ~ Sending metric requester-init-series-Messaging to client envets with value 6.5"]
[119234][1785464327931][requester][info]["instrumentSeries ~ Sending metric requester-init-series-CrashReporter to client envets with value 53.10000000055879"]
[119234][1785464327931][requester][info]["instrumentSeries ~ Sending metric requester-init-series-Telemetry to client envets with value 3.2000000001862645"]
[119234][1785464327931][requester][info]["instrumentSeries ~ Sending metric requester-init-series-registerServiceWorkerListeners to client envets with value 0.39999999944120646"]
[119234][1785464327931][requester][info]["instrumentSeries ~ Sending metric requester-init-series-initializeConfigurations to client envets with value 3.5"]
[119234][1785464327931][requester][info]["instrumentSeries ~ Sending metric requester-init-series-migrateLocalStorage to client envets with value 1.1000000005587935"]
[119234][1785464327931][requester][info]["instrumentSeries ~ Sending metric requester-init-series-Settings to client envets with value 12.200000000186265"]
[119234][1785464327932][requester][info]["instrumentSeries ~ Sending metric requester-init-series-initializeDB to client envets with value 1.599999999627471"]
[119234][1785464327932][requester][info]["instrumentSeries ~ Sending metric requester-init-series-WLModels to client envets with value 0.7000000001862645"]
[119234][1785464327932][requester][info]["instrumentSeries ~ Sending metric requester-init-series-bootWindowConfig to client envets with value 55.5"]
[119234][1785464327932][requester][info]["instrumentSeries ~ Sending metric requester-init-series-IndependentServices to client envets with value 4.2999999998137355"]
[119234][1785464327932][requester][info]["instrumentSeries ~ Sending metric requester-init-series-initAppBadgeAnalytics to client envets with value 0.8000000007450581"]
[119234][1785464327933][requester][info]["instrumentSeries ~ Sending metric requester-init-series-AppModels to client envets with value 22.299999999813735"]
[119234][1785464327933][requester][info]["instrumentSeries ~ Sending metric requester-init-series-performSingletonSteps to client envets with value 303.5"]
[119234][1785464327933][requester][info]["instrumentSeries ~ Sending metric requester-init-series-CurrentUserDetailsService to client envets with value 32.10000000055879"]
[119234][1785464327933][requester][info]["instrumentSeries ~ Sending metric requester-init-series-i18nService to client envets with value 10.099999999627471"]
[119234][1785464327934][requester][info]["instrumentSeries ~ Sending metric requester-init-series-checkVersionLock to client envets with value 14.899999999441206"]
[119234][1785464327934][requester][info]["instrumentSeries ~ Sending metric requester-init-series-prefetchWorkspaceData to client envets with value 35.09999999962747"]
[119234][1785464327934][requester][info]["instrumentSeries ~ Sending metric requester-init-series-Shared to client envets with value 78.29999999981374"]
[119234][1785464327934][requester][info]["instrumentSeries ~ Sending metric requester-init-series-RuntimeInterface to client envets with value 7.7999999998137355"]
[119234][1785464327934][requester][info]["instrumentSeries ~ Sending metric requester-init-series-bootExtensibleCollections to client envets with value 38.200000000186265"]
[119234][1785464327934][requester][info]["instrumentSeries ~ Sending metric requester-init-series-bootManifest to client envets with value 6.6000000005587935"]
[119234][1785464327935][requester][info]["instrumentSeries ~ Sending metric requester-init-series-initializeCommunicationForCookies to client envets with value 0.8000000007450581"]
[119234][1785464327935][requester][info]["instrumentSeries ~ Sending metric requester-init-series-setupVersionLockListener to client envets with value 0.8999999994412065"]
[119234][1785464327935][requester][info]["instrumentSeries ~ Sending metric requester-init-series-setupProductUpdatesListener to client envets with value 0.40000000037252903"]
[119234][1785464327935][requester][info]["instrumentSeries ~ Sending metric requester-init-series-bootDBWatcher to client envets with value 0.7000000001862645"]
[119234][1785464327935][requester][info]["instrumentSeries ~ Sending metric requester-init-series-bootThemeManager to client envets with value 2.7999999998137355"]
[119234][1785464327936][requester][info]["instrumentSeries ~ Sending metric requester-init-series-bootWorkbenchService to client envets with value 4.7000000001862645"]
[119234][1785464327936][requester][info]["instrumentSeries ~ Sending metric requester-init-series-Requester to client envets with value 72.79999999981374"]
[119234][1785464327936][requester][info]["instrumentSeries ~ Sending metric requester-init-series-bootRuntimeListeners to client envets with value 29.399999999441206"]
[119234][1785464327936][requester][info]["instrumentSeries ~ Sending metric requester-init-series-PlanFeaturesInterface to client envets with value 3.900000000372529"]
[119234][1785464327937][requester][info]["instrumentSeries ~ Sending metric requester-init-series-ManifestService to client envets with value 53.30000000074506"]
[119234][1785464327966][requester][info]["GateKeeperService~onWebsocketToggle Key value toggled for Websocket to true"]
[119234][1785464327967][requester][info]["GateKeeperService~onNotificationToggle Key value toggled for Notification to true"]
[119234][1785464327967][requester][info]["GateKeeperService~onSyncToggle Key value toggled for Sync to true"]
[119234][1785464327968][requester][warn]["GateKeeperService~_handleKeyUpdate: Invalid key type provided",{"type":"flags","value":false}]
[119234][1785464327971][requester][info]["ExecuteLowPriorityTasks~starting execution of low priority tasks"]
[119234][1785464328004][requester][info]["applyDesktopUiOnScreenLockEvent~getApplyingVersion, retrieved version from localStorage: null"]
[119234][1785464328004][requester][info]["applyDesktopUiOnScreenLockEvent~subscribing to screen events"]
[119234][1785464328008][requester][info]["[Segment] conditionMet: ",true]
[119234][1785464328009][requester][info]["[Segment] Identify call triggered for userId: ","b906b9e0-5370-4db4-93ca-445f052a8fe3"]
[119234][1785464328027][requester][info]["Intellisense : Interface-initialization call"]
[119234][1785464328048][requester][info]["Intellisense : Store initialized"]
[119234][1785464328187][requester][info]["TypedRequestDefinitionStore~init: Instance count",1]
[119234][1785464328671][requester][info]["[AppUpdaterNotifier] Skipping post-launch check: LD interval not elapsed."]
[119234][1785464329520][requester][info]["ServiceWorker registration successful: ","{\"scriptURL\":\"https://desktop.postman.com/service-worker-d28108a50cc597d0.js\",\"state\":\"activated\"}"]
[119234][1785464329522][requester][info]["ServiceWorker~message: Received message: [object ExtendableMessageEvent]"]
[119234][1785464329545][requester][warn]["SyncManagerNew~attachGateKeeperHandlers: listening to notification event",{"name":"notification","namespace":"gatekeeper","data":{"isEnabled":true}}]
[119234][1785464329925][requester][info]["ClientSecretScannerService~logScannerInitializationTime: Initialization time: 1946.5999999996275",{"context":{"api":"ClientSecretScannerService","domain":"product-trust"}}]
[119234][1785464330072][requester][info]["PackageResourceUsageInterface~constructor: Registering reaction to fetch resource usage on package addition or removal"]
[119234][1785464330842][requester][error]["HistorySettingsStore~hydrate: Error in hydrating workspace settings",{"error":{"name":"instanceNotFoundError","message":"We could not find the workspace you are looking for","details":{"model":"workspace","model_id":"057aa423-deb1-4f21-8ae0-c2d55832f386","owner":"51092757"}},"status":404,"headers":{}}]
[119234][1785464330979][requester][info]["IPCAgentNew~_init: First subscribe to remote events",{"threadId":1}]
[119234][1785464330988][requester][info]["PackageLibraryMasterStore~deletePackagesDir: Deleted directory ./scriptPackageFiles"]
[119234][1785464330990][requester][error]["TransportClient~invoke: Error invoking transport client method",{"code":null,"name":"Error","message":"The name is not activatable"}]
[119234][1785464347974][requester][info]["ExecuteLowPriorityTasks~finished execution of low priority tasks"]
[119234][1785464347979][requester][info]["ServiceWorker~message: Received message: [object ExtendableMessageEvent]"]
[119234][1785464348011][requester][info]["ServiceWorker~prefetchOfflineAssets: all 17 URLs already cached, nothing to fetch"]
[119234][1785465119027][requester][info]["[DockManager] focusPanel: \"collection\""]
[119234][1785465119028][requester][info]["[DockManager] activatePanelGroup: \"internal-dev-services\""]
[119234][1785465120299][requester][info]["RealtimeSyncMessageService~publishRealtimeIncomingMessage: Message received workspace:update_setting Timeline in message: workspace:057aa423-deb1-4f21-8ae0-c2d55832f386"]
[119234][1785465120378][requester][info]["RealtimeSyncMessageService~publishRealtimeIncomingMessage: Message received workspace:update_elements Timeline in message: workspace:057aa423-deb1-4f21-8ae0-c2d55832f386"]
[119234][1785465120400][requester][info]["RealtimeSyncMessageService~publishRealtimeIncomingMessage: Message received workspace:broadcast Timeline in message: undefined:undefined"]
[119234][1785465120403][requester][info]["CollectionListingAPIAdapter: Adding to CollectionStoreV2",["51092757-2dca063f-6053-49b6-8f60-43d1cef5d108"]]
[119234][1785465120456][requester][warn]["CollectionInterface~openCollectionInTab: Collection uid not found"]
[119234][1785465120704][requester][warn]["CollectionInterface~openCollectionInTab: Collection uid not found"]
[119234][1785465120846][requester][info]["TypedRequestDefinitionStore~destroy: Instance count",0]
[119234][1785465122356][requester][error]["AutosaveManager~queueActivity",{},{"context":{"api":"autosave-manager","domain":"runtime"}}]
[119234][1785465122365][requester][info]["AutosaveManager~subscribeToSettingsUpdates: Settings is initialised."]
[119234][1785465125349][requester][error]["AutosaveManager~queueActivity",{},{"context":{"api":"autosave-manager","domain":"runtime"}}]
[119234][1785465125352][requester][info]["AutosaveManager~subscribeToSettingsUpdates: Settings is initialised."]
[119234][1785465125356][requester][info]["AppBootTracker: CollectionWorkbenchController~ready"]
[119234][1785465131156][requester][info]["RealtimeSyncMessageService~publishRealtimeIncomingMessage: Message received workspace:broadcast Timeline in message: undefined:undefined"]
[119234][1785465131158][requester][info]["CollectionListingAPIAdapter: Adding to CollectionStoreV2",["51092757-2dca063f-6053-49b6-8f60-43d1cef5d108"]]
[119234][1785465131624][requester][info]["AutosaveManager~subscribeToSettingsUpdates: Settings is initialised."]
[119234][1785465133136][requester][warn]["ActiveSessionService~getActiveSessions: Environment null not found."]
[119234][1785465133146][requester][warn]["CollectionStoreV2~findOne: Using collection model id instead of uid is deprecated. Please use uid instead."]
[119234][1785465133900][requester][info]["TypedRequestDefinitionStore~init: Instance count",1]
[119234][1785465143310][requester][warn]["ActiveSessionService~getActiveSessions: Environment null not found."]
[119234][1785465143361][requester][warn]["CollectionStoreV2~findOne: Using collection model id instead of uid is deprecated. Please use uid instead."]
[119234][1785465146830][requester][warn]["ActiveSessionService~getActiveSessions: Environment null not found."]
[119234][1785465146838][requester][warn]["CollectionStoreV2~findOne: Using collection model id instead of uid is deprecated. Please use uid instead."]
[119234][1785465151853][requester][info]["FileSystemCoreController.initializeScope","057aa423-deb1-4f21-8ae0-c2d55832f386-Cloud",null]
[119234][1785465152663][requester][warn]["ActiveSessionService~getActiveSessions: Environment null not found."]
[119234][1785465152671][requester][warn]["CollectionStoreV2~findOne: Using collection model id instead of uid is deprecated. Please use uid instead."]
[119234][1785465157728][requester][warn]["ActiveSessionService~getActiveSessions: Environment null not found."]
[119234][1785465157735][requester][warn]["CollectionStoreV2~findOne: Using collection model id instead of uid is deprecated. Please use uid instead."]
[119234][1785465162799][requester][info]["RealtimeSyncMessageService~publishRealtimeIncomingMessage: Message received workspace:broadcast Timeline in message: undefined:undefined"]
[119234][1785465162800][requester][info]["CollectionListingAPIAdapter: Adding to CollectionStoreV2",["51092757-2dca063f-6053-49b6-8f60-43d1cef5d108"]]
[119234][1785465163707][requester][info]["AutosaveManager~subscribeToSettingsUpdates: Settings is initialised."]
[119234][1785465165712][requester][warn]["ActiveSessionService~getActiveSessions: Environment null not found."]
[119234][1785465165742][requester][info]["TypedRequestDefinitionStore~init: Instance count",1]
[119234][1785465165867][requester][warn]["CollectionStoreV2~findOne: Using collection model id instead of uid is deprecated. Please use uid instead."]
[119234][1785465180303][requester][info]["RealtimeSyncMessageService~publishRealtimeIncomingMessage: Message received workspace:broadcast Timeline in message: undefined:undefined"]
[119234][1785465180304][requester][info]["CollectionListingAPIAdapter: Adding to CollectionStoreV2",["51092757-2dca063f-6053-49b6-8f60-43d1cef5d108"]]
[119234][1785465189781][requester][info]["RealtimeSyncMessageService~publishRealtimeIncomingMessage: Message received workspace:broadcast Timeline in message: undefined:undefined"]
[119234][1785465189782][requester][info]["CollectionListingAPIAdapter: Adding to CollectionStoreV2",["51092757-2dca063f-6053-49b6-8f60-43d1cef5d108"]]
[119234][1785465193436][requester][warn]["ActiveSessionService~getActiveSessions: Environment null not found."]
[119234][1785465193445][requester][warn]["CollectionStoreV2~findOne: Using collection model id instead of uid is deprecated. Please use uid instead."]
[119234][1785465195851][requester][warn]["ActiveSessionService~getActiveSessions: Environment null not found."]
[119234][1785465195862][requester][warn]["CollectionStoreV2~findOne: Using collection model id instead of uid is deprecated. Please use uid instead."]
[119234][1785465198843][requester][warn]["ActiveSessionService~getActiveSessions: Environment null not found."]
[119234][1785465198854][requester][warn]["CollectionStoreV2~findOne: Using collection model id instead of uid is deprecated. Please use uid instead."]
[119234][1785465204364][requester][info]["RealtimeSyncMessageService~publishRealtimeIncomingMessage: Message received workspace:broadcast Timeline in message: undefined:undefined"]
[119234][1785465204365][requester][info]["CollectionListingAPIAdapter: Adding to CollectionStoreV2",["51092757-2dca063f-6053-49b6-8f60-43d1cef5d108"]]
[119234][1785465204699][requester][info]["AutosaveManager~subscribeToSettingsUpdates: Settings is initialised."]
[119234][1785465206790][requester][warn]["ActiveSessionService~getActiveSessions: Environment null not found."]
[119234][1785465206798][requester][warn]["CollectionStoreV2~findOne: Using collection model id instead of uid is deprecated. Please use uid instead."]
[119234][1785465207532][requester][info]["TypedRequestDefinitionStore~init: Instance count",1]
[119234][1785465214042][requester][info]["RealtimeSyncMessageService~publishRealtimeIncomingMessage: Message received workspace:broadcast Timeline in message: undefined:undefined"]
[119234][1785465214043][requester][info]["CollectionListingAPIAdapter: Adding to CollectionStoreV2",["51092757-2dca063f-6053-49b6-8f60-43d1cef5d108"]]
[119234][1785465219329][requester][warn]["ActiveSessionService~getActiveSessions: Environment null not found."]
[119234][1785465219338][requester][warn]["CollectionStoreV2~findOne: Using collection model id instead of uid is deprecated. Please use uid instead."]
[119234][1785465220428][requester][warn]["ActiveSessionService~getActiveSessions: Environment null not found."]
[119234][1785465220437][requester][warn]["CollectionStoreV2~findOne: Using collection model id instead of uid is deprecated. Please use uid instead."]
[119234][1785465225356][requester][warn]["ActiveSessionService~getActiveSessions: Environment null not found."]
[119234][1785465225365][requester][warn]["CollectionStoreV2~findOne: Using collection model id instead of uid is deprecated. Please use uid instead."]
[119234][1785465237685][requester][info]["RealtimeSyncMessageService~publishRealtimeIncomingMessage: Message received workspace:broadcast Timeline in message: undefined:undefined"]
[119234][1785465237686][requester][info]["CollectionListingAPIAdapter: Adding to CollectionStoreV2",["51092757-2dca063f-6053-49b6-8f60-43d1cef5d108"]]
[119234][1785465239259][requester][info]["AutosaveManager~subscribeToSettingsUpdates: Settings is initialised."]
[119234][1785465241240][requester][warn]["ActiveSessionService~getActiveSessions: Environment null not found."]
[119234][1785465241248][requester][warn]["CollectionStoreV2~findOne: Using collection model id instead of uid is deprecated. Please use uid instead."]
[119234][1785465241325][requester][info]["TypedRequestDefinitionStore~init: Instance count",1]
[119234][1785465250303][requester][info]["RealtimeSyncMessageService~publishRealtimeIncomingMessage: Message received workspace:broadcast Timeline in message: undefined:undefined"]
[119234][1785465250304][requester][info]["CollectionListingAPIAdapter: Adding to CollectionStoreV2",["51092757-2dca063f-6053-49b6-8f60-43d1cef5d108"]]
[119234][1785465251549][requester][error]["Could not run btoa on reqBodyText: {\"type\":\"events-general\",\"indexType\":\"client-events\",\"env\":\"production\",\"userId\":\"51092757\",\"teamId\":\"12425541\",\"propertyId\":\"dc900794-3300-4616-9dbf-9fdd52b0f072\",\"propertyVersion\":\"12.20.2\",\"property\":\"linux_app\",\"timestamp\":\"2026-07-31T02:34:00.545Z\",\"sessionId\":\"651e218d-36f3-41b9-b1ab-741071bf15a8\",\"category\":\"user-perceived-metrics\",\"action\":\"request-editor-total-time\",\"meta\":{\"load_time\":1561,\"success\":true,\"workspaceMode\":\"Cloud\",\"pageUrl\":\"workspace/deen-a's-Workspace~057aa423-deb1-4f21-8ae0-c2d55832f386/request/51092757-5cafcade-4183-4595-b4c9-3e1a683fb079?sideView=agentMode\"}}\n{\"type\":\"events-general\",\"indexType\":\"client-events\",\"env\":\"production\",\"userId\":\"51092757\",\"teamId\":\"12425541\",\"propertyId\":\"dc900794-3300-4616-9dbf-9fdd52b0f072\",\"propertyVersion\":\"12.20.2\",\"property\":\"linux_app\",\"timestamp\":\"2026-07-31T02:34:00.545Z\",\"sessionId\":\"651e218d-36f3-41b9-b1ab-741071bf15a8\",\"category\":\"user-perceived-metrics\",\"action\":\"request-findOne-prefetch-network-time\",\"meta\":{\"load_time\":1881,\"success\":true,\"workspaceMode\":\"Cloud\",\"pageUrl\":\"workspace/deen-a's-Workspace~057aa423-deb1-4f21-8ae0-c2d55832f386/request/51092757-5cafcade-4183-4595-b4c9-3e1a683fb079?sideView=agentMode\"}}\n{\"type\":\"events-general\",\"indexType\":\"client-events\",\"env\":\"production\",\"userId\":\"51092757\",\"teamId\":\"12425541\",\"propertyId\":\"dc900794-3300-4616-9dbf-9fdd52b0f072\",\"propertyVersion\":\"12.20.2\",\"property\":\"linux_app\",\"timestamp\":\"2026-07-31T02:34:00.798Z\",\"sessionId\":\"651e218d-36f3-41b9-b1ab-741071bf15a8\",\"category\":\"workbench-load-analytics\",\"action\":\"workbench-controller-chunk-load-time\",\"traceId\":\"ec2a92cd-0f1e-4442-a54e-af2e202691bd\",\"entityType\":\"request\",\"label\":\"request\",\"value\":1,\"meta\":{\"source\":\"request\",\"chunkFamily\":\"request\",\"bootType\":\"warm\",\"workbenchVariant\":\"v2\",\"workspaceMode\":\"Cloud\",\"tabId\":\"711c90b3-97bf-41a7-a317-ee1c7ccd7fe3\",\"loadSessionId\":\"e459e0a7-1516-4e43-8ad8-4bd2e3db22d4\",\"appVersion\":\"12.20.2-ui-260722-0232\",\"pageUrl\":\"workspace/deen-a's-Workspace~057aa423-deb1-4f21-8ae0-c2d55832f386/request/51092757-5cafcade-4183-4595-b4c9-3e1a683fb079?sideView=agentMode\"},\"workspaceId\":\"057aa423-deb1-4f21-8ae0-c2d55832f386\",\"workspaceType\":\"team\"}\n{\"type\":\"events-general\",\"indexType\":\"client-events\",\"env\":\"production\",\"userId\":\"51092757\",\"teamId\":\"12425541\",\"propertyId\":\"dc900794-3300-4616-9dbf-9fdd52b0f072\",\"propertyVersion\":\"12.20.2\",\"property\":\"linux_app\",\"timestamp\":\"2026-07-31T02:34:00.798Z\",\"sessionId\":\"651e218d-36f3-41b9-b1ab-741071bf15a8\",\"category\":\"workbench-load-analytics\",\"action\":\"workbench-controller-init-time\",\"traceId\":\"ec2a92cd-0f1e-4442-a54e-af2e202691bd\",\"entityType\":\"request\",\"label\":\"request\",\"value\":1362,\"meta\":{\"source\":\"request\",\"chunkFamily\":\"request\",\"bootType\":\"warm\",\"workbenchVariant\":\"v2\",\"workspaceMode\":\"Cloud\",\"tabId\":\"711c90b3-97bf-41a7-a317-ee1c7ccd7fe3\",\"loadSessionId\":\"e459e0a7-1516-4e43-8ad8-4bd2e3db22d4\",\"appVersion\":\"12.20.2-ui-260722-0232\",\"pageUrl\":\"workspace/deen-a's-Workspace~057aa423-deb1-4f21-8ae0-c2d55832f386/request/51092757-5cafcade-4183-4595-b4c9-3e1a683fb079?sideView=agentMode\"},\"workspaceId\":\"057aa423-deb1-4f21-8ae0-c2d55832f386\",\"workspaceType\":\"team\"}\n{\"type\":\"events-general\",\"indexType\":\"client-events\",\"env\":\"production\",\"userId\":\"51092757\",\"teamId\":\"12425541\",\"propertyId\":\"dc900794-3300-4616-9dbf-9fdd52b0f072\",\"propertyVersion\":\"12.20.2\",\"property\":\"linux_app\",\"timestamp\":\"2026-07-31T02:34:00.798Z\",\"sessionId\":\"651e218d-36f3-41b9-b1ab-741071bf15a8\",\"category\":\"workbench-load-analytics\",\"action\":\"workbench-entity-fetch-time\",\"traceId\":\"ec2a92cd-0f1e-4442-a54e-af2e202691bd\",\"entityType\":\"request\",\"label\":\"request\",\"value\":1357,\"meta\":{\"source\":\"request\",\"chunkFamily\":\"request\",\"bootType\":\"warm\",\"workbenchVariant\":\"v2\",\"workspaceMode\":\"Cloud\",\"tabId\":\"711c90b3-97bf-41a7-a317-ee1c7ccd7fe3\",\"loadSessionId\":\"e459e0a7-1516-4e43-8ad8-4bd2e3db22d4\",\"appVersion\":\"12.20.2-ui-260722-0232\",\"pageUrl\":\"workspace/deen-a's-Workspace~057aa423-deb1-4f21-8ae0-c2d55832f386/request/51092757-5cafcade-4183-4595-b4c9-3e1a683fb079?sideView=agentMode\"},\"workspaceId\":\"057aa423-deb1-4f21-8ae0-c2d55832f386\",\"workspaceType\":\"team\"}\n{\"type\":\"events-general\",\"indexType\":\"client-events\",\"env\":\"production\",\"userId\":\"51092757\",\"teamId\":\"12425541\",\"propertyId\":\"dc900794-3300-4616-9dbf-9fdd52b0f072\",\"propertyVersion\":\"12.20.2\",\"property\":\"linux_app\",\"timestamp\":\"2026-07-31T02:34:00.798Z\",\"sessionId\":\"651e218d-36f3-41b9-b1ab-741071bf15a8\",\"category\":\"workbench-load-analytics\",\"action\":\"workbench-first-paint-time\",\"traceId\":\"ec2a92cd-0f1e-4442-a54e-af2e202691bd\",\"entityType\":\"request\",\"label\":\"request\",\"value\":390,\"meta\":{\"source\":\"request\",\"chunkFamily\":\"request\",\"bootType\":\"warm\",\"workbenchVariant\":\"v2\",\"workspaceMode\":\"Cloud\",\"tabId\":\"711c90b3-97bf-41a7-a317-ee1c7ccd7fe3\",\"loadSessionId\":\"e459e0a7-1516-4e43-8ad8-4bd2e3db22d4\",\"appVersion\":\"12.20.2-ui-260722-0232\",\"pageUrl\":\"workspace/deen-a's-Workspace~057aa423-deb1-4f21-8ae0-c2d55832f386/request/51092757-5cafcade-4183-4595-b4c9-3e1a683fb079?sideView=agentMode\"},\"workspaceId\":\"057aa423-deb1-4f21-8ae0-c2d55832f386\",\"workspaceType\":\"team\"}\n{\"type\":\"events-general\",\"indexType\":\"client-events\",\"env\":\"production\",\"userId\":\"51092757\",\"teamId\":\"12425541\",\"propertyId\":\"dc900794-3300-4616-9dbf-9fdd52b0f072\",\"propertyVersion\":\"12.20.2\",\"property\":\"linux_app\",\"timestamp\":\"2026-07-31T02:34:00.799Z\",\"sessionId\":\"651e218d-36f3-41b9-b1ab-741071bf15a8\",\"category\":\"workbench-load-analytics\",\"action\":\"workbench-total-load-time\",\"traceId\":\"ec2a92cd-0f1e-4442-a54e-af2e202691bd\",\"entityType\":\"request\",\"label\":\"request\",\"value\":1753,\"meta\":{\"source\":\"request\",\"chunkFamily\":\"request\",\"bootType\":\"warm\",\"workbenchVariant\":\"v2\",\"workspaceMode\":\"Cloud\",\"tabId\":\"711c90b3-97bf-41a7-a317-ee1c7ccd7fe3\",\"loadSessionId\":\"e459e0a7-1516-4e43-8ad8-4bd2e3db22d4\",\"appVersion\":\"12.20.2-ui-260722-0232\",\"pageUrl\":\"workspace/deen-a's-Workspace~057aa423-deb1-4f21-8ae0-c2d55832f386/request/51092757-5cafcade-4183-4595-b4c9-3e1a683fb079?sideView=agentMode\"},\"workspaceId\":\"057aa423-deb1-4f21-8ae0-c2d55832f386\",\"workspaceType\":\"team\"}\n{\"type\":\"events-general\",\"indexType\":\"client-events\",\"env\":\"production\",\"userId\":\"51092757\",\"teamId\":\"12425541\",\"propertyId\":\"dc900794-3300-4616-9dbf-9fdd52b0f072\",\"propertyVersion\":\"12.20.2\",\"property\":\"linux_app\",\"timestamp\":\"2026-07-31T02:34:00.807Z\",\"sessionId\":\"651e218d-36f3-41b9-b1ab-741071bf15a8\",\"category\":\"app-resource-analytics\",\"action\":\"request-workbench-loaded\",\"label\":\"memoryAnalytics - totalBlinkMemory\",\"value\":76584,\"traceId\":\"ec2a92cd-0f1e-4442-a54e-af2e202691bd\",\"entityId\":\"15.35230166666666\",\"meta\":{\"requestType\":\"collection\",\"workspaceId\":\"057aa423-deb1-4f21-8ae0-c2d55832f386\",\"activeEnvironmentId\":null,\"requestUID\":\"51092757-5cafcade-4183-4595-b4c9-3e1a683fb079\",\"protocol\":\"http\",\"openTabCount\":6,\"appUptime\":921138.0999999996,\"workspaceMode\":\"Cloud\",\"pageUrl\":\"workspace/deen-a's-Workspace~057aa423-deb1-4f21-8ae0-c2d55832f386/request/51092757-5cafcade-4183-4595-b4c9-3e1a683fb079?sideView=agentMode\"},\"workspaceId\":\"057aa423-deb1-4f21-8ae0-c2d55832f386\",\"workspaceType\":\"team\"}\n{\"type\":\"events-general\",\"indexType\":\"client-events\",\"env\":\"production\",\"userId\":\"51092757\",\"teamId\":\"12425541\",\"propertyId\":\"dc900794-3300-4616-9dbf-9fdd52b0f072\",\"propertyVersion\":\"12.20.2\",\"property\":\"linux_app\",\"timestamp\":\"2026-07-31T02:34:00.807Z\",\"sessionId\":\"651e218d-36f3-41b9-b1ab-741071bf15a8\",\"category\":\"app-resource-analytics\",\"action\":\"request-workbench-loaded\",\"label\":\"memoryAnalytics - totalHeapSize\",\"value\":295868,\"traceId\":\"ec2a92cd-0f1e-4442-a54e-af2e202691bd\",\"entityId\":\"15.35230166666666\",\"meta\":{\"requestType\":\"collection\",\"workspaceId\":\"057aa423-deb1-4f21-8ae0-c2d55832f386\",\"activeEnvironmentId\":null,\"requestUID\":\"51092757-5cafcade-4183-4595-b4c9-3e1a683fb079\",\"protocol\":\"http\",\"openTabCount\":6,\"appUptime\":921138.0999999996,\"workspaceMode\":\"Cloud\",\"pageUrl\":\"workspace/deen-a's-Workspace~057aa423-deb1-4f21-8ae0-c2d55832f386/request/51092757-5cafcade-4183-4595-b4c9-3e1a683fb079?sideView=agentMode\"},\"workspaceId\":\"057aa423-deb1-4f21-8ae0-c2d55832f386\",\"workspaceType\":\"team\"}\n{\"type\":\"events-general\",\"indexType\":\"client-events\",\"env\":\"production\",\"userId\":\"51092757\",\"teamId\":\"12425541\",\"propertyId\":\"dc900794-3300-4616-9dbf-9fdd52b0f072\",\"propertyVersion\":\"12.20.2\",\"property\":\"linux_app\",\"timestamp\":\"2026-07-31T02:34:00.807Z\",\"sessionId\":\"651e218d-36f3-41b9-b1ab-741071bf15a8\",\"category\":\"app-resource-analytics\",\"action\":\"request-workbench-loaded\",\"label\":\"memoryAnalytics - usedHeapSize\",\"value\":156252,\"traceId\":\"ec2a92cd-0f1e-4442-a54e-af2e202691bd\",\"entityId\":\"15.35230166666666\",\"meta\":{\"requestType\":\"collection\",\"workspaceId\":\"057aa423-deb1-4f21-8ae0-c2d55832f386\",\"activeEnvironmentId\":null,\"requestUID\":\"51092757-5cafcade-4183-4595-b4c9-3e1a683fb079\",\"protocol\":\"http\",\"openTabCount\":6,\"appUptime\":921138.0999999996,\"workspaceMode\":\"Cloud\",\"pageUrl\":\"workspace/deen-a's-Workspace~057aa423-deb1-4f21-8ae0-c2d55832f386/request/51092757-5cafcade-4183-4595-b4c9-3e1a683fb079?sideView=agentMode\"},\"workspaceId\":\"057aa423-deb1-4f21-8ae0-c2d55832f386\",\"workspaceType\":\"team\"}\n{\"type\":\"events-general\",\"indexType\":\"client-events\",\"env\":\"production\",\"userId\":\"51092757\",\"teamId\":\"12425541\",\"propertyId\":\"dc900794-3300-4616-9dbf-9fdd52b0f072\",\"propertyVersion\":\"12.20.2\",\"property\":\"linux_app\",\"timestamp\":\"2026-07-31T02:34:00.830Z\",\"sessionId\":\"651e218d-36f3-41b9-b1ab-741071bf15a8\",\"category\":\"agent_mode\",\"action\":\"shown_action_suggestions\",\"label\":\"ai-action\",\"meta\":{\"suggestionCount\":3,\"suggestions\":[\"Add a test for Show Data\",\"Fix Get Data URL parameterization\",\"Run a request chain (Show→Send→Get)\"],\"latencyMs\":10467,\"source\":\"AGENT_MODE_ACTION_SUGGESTIONS\",\"isDebug\":false,\"modelKey\":\"GPT_54_NANO\",\"workspaceMode\":\"Cloud\",\"pageUrl\":\"workspace/deen-a's-Workspace~057aa423-deb1-4f21-8ae0-c2d55832f386/request/51092757-5cafcade-4183-4595-b4c9-3e1a683fb079?sideView=agentMode\"},\"workspaceId\":\"057aa423-deb1-4f21-8ae0-c2d55832f386\",\"workspaceType\":\"team\"}\n{\"type\":\"events-general\",\"indexType\":\"client-events\",\"env\":\"production\",\"userId\":\"51092757\",\"teamId\":\"12425541\",\"propertyId\":\"dc900794-3300-4616-9dbf-9fdd52b0f072\",\"propertyVersion\":\"12.20.2\",\"property\":\"linux_app\",\"timestamp\":\"2026-07-31T02:34:11.548Z\",\"sessionId\":\"651e218d-36f3-41b9-b1ab-741071bf15a8\",\"category\":\"request-url-bar\",\"label\":\"url-suggestions-search\",\"traceId\":\"02583832-b6b6-4416-b2a1-ee5eefd5d508\",\"action\":\"view\",\"entityId\":\"51092757-5cafcade-4183-4595-b4c9-3e1a683fb079\",\"workspaceId\":\"057aa423-deb1-4f21-8ae0-c2d55832f386\",\"workspaceType\":\"team\",\"meta\":{\"workspaceMode\":\"Cloud\",\"pageUrl\":\"workspace/deen-a's-Workspace~057aa423-deb1-4f21-8ae0-c2d55832f386/request/51092757-5cafcade-4183-4595-b4c9-3e1a683fb079?sideView=agentMode\"}}\n"]
[119234][1785465259112][requester][warn]["ActiveSessionService~getActiveSessions: Environment null not found."]
[119234][1785465259119][requester][warn]["CollectionStoreV2~findOne: Using collection model id instead of uid is deprecated. Please use uid instead."]
[119234][1785465261435][requester][warn]["ActiveSessionService~getActiveSessions: Environment null not found."]
[119234][1785465261443][requester][warn]["CollectionStoreV2~findOne: Using collection model id instead of uid is deprecated. Please use uid instead."]
[119234][1785465262925][requester][warn]["ActiveSessionService~getActiveSessions: Environment null not found."]
[119234][1785465262934][requester][warn]["CollectionStoreV2~findOne: Using collection model id instead of uid is deprecated. Please use uid instead."]
[119234][1785465265121][requester][warn]["ActiveSessionService~getActiveSessions: Environment null not found."]
[119234][1785465265128][requester][warn]["CollectionStoreV2~findOne: Using collection model id instead of uid is deprecated. Please use uid instead."]
[119234][1785465268877][requester][warn]["ActiveSessionService~getActiveSessions: Environment null not found."]
[119234][1785465269017][requester][warn]["CollectionStoreV2~findOne: Using collection model id instead of uid is deprecated. Please use uid instead."]
[119234][1785465272084][requester][warn]["ActiveSessionService~getActiveSessions: Environment null not found."]
[119234][1785465272112][requester][warn]["CollectionStoreV2~findOne: Using collection model id instead of uid is deprecated. Please use uid instead."]
[119234][1785465276666][requester][warn]["ActiveSessionService~getActiveSessions: Environment null not found."]
[119234][1785465276674][requester][warn]["CollectionStoreV2~findOne: Using collection model id instead of uid is deprecated. Please use uid instead."]
[119234][1785465280695][requester][info]["RealtimeSyncMessageService~publishRealtimeIncomingMessage: Message received workspace:broadcast Timeline in message: undefined:undefined"]
[119234][1785465280696][requester][info]["CollectionListingAPIAdapter: Adding to CollectionStoreV2",["51092757-2dca063f-6053-49b6-8f60-43d1cef5d108"]]
[119234][1785465281880][requester][info]["AutosaveManager~subscribeToSettingsUpdates: Settings is initialised."]
[119234][1785465283702][requester][info]["TypedRequestDefinitionStore~init: Instance count",1]
[119234][1785465283765][requester][warn]["ActiveSessionService~getActiveSessions: Environment null not found."]
[119234][1785465283774][requester][warn]["CollectionStoreV2~findOne: Using collection model id instead of uid is deprecated. Please use uid instead."]
[119234][1785465288646][requester][info]["RealtimeSyncMessageService~publishRealtimeIncomingMessage: Message received workspace:broadcast Timeline in message: undefined:undefined"]
[119234][1785465288647][requester][info]["CollectionListingAPIAdapter: Adding to CollectionStoreV2",["51092757-2dca063f-6053-49b6-8f60-43d1cef5d108"]]
[119234][1785465290953][requester][warn]["ActiveSessionService~getActiveSessions: Environment null not found."]
[119234][1785465291044][requester][warn]["CollectionStoreV2~findOne: Using collection model id instead of uid is deprecated. Please use uid instead."]
[119234][1785465297323][requester][warn]["ActiveSessionService~getActiveSessions: Environment null not found."]
[119234][1785465297329][requester][warn]["CollectionStoreV2~findOne: Using collection model id instead of uid is deprecated. Please use uid instead."]
[119234][1785465303091][requester][warn]["ActiveSessionService~getActiveSessions: Environment null not found."]
[119234][1785465303098][requester][warn]["CollectionStoreV2~findOne: Using collection model id instead of uid is deprecated. Please use uid instead."]
[119234][1785465338005][requester][error]["Could not run btoa on reqBodyText: {\"type\":\"events-general\",\"indexType\":\"client-events\",\"env\":\"production\",\"userId\":\"51092757\",\"teamId\":\"12425541\",\"propertyId\":\"dc900794-3300-4616-9dbf-9fdd52b0f072\",\"propertyVersion\":\"12.20.2\",\"property\":\"linux_app\",\"timestamp\":\"2026-07-31T02:34:50.902Z\",\"sessionId\":\"651e218d-36f3-41b9-b1ab-741071bf15a8\",\"category\":\"request-url-suggestions\",\"action\":\"view\",\"label\":\"saved\",\"workspaceId\":\"057aa423-deb1-4f21-8ae0-c2d55832f386\",\"workspaceType\":\"team\",\"meta\":{\"workspaceMode\":\"Cloud\",\"pageUrl\":\"workspace/deen-a's-Workspace~057aa423-deb1-4f21-8ae0-c2d55832f386/request/51092757-4a318da2-3d40-4203-8c59-79603cbed6a4?sideView=agentMode\"}}\n{\"type\":\"events-general\",\"indexType\":\"client-events\",\"env\":\"production\",\"userId\":\"51092757\",\"teamId\":\"12425541\",\"propertyId\":\"dc900794-3300-4616-9dbf-9fdd52b0f072\",\"propertyVersion\":\"12.20.2\",\"property\":\"linux_app\",\"timestamp\":\"2026-07-31T02:34:50.966Z\",\"sessionId\":\"651e218d-36f3-41b9-b1ab-741071bf15a8\",\"category\":\"agent_mode\",\"action\":\"shown_action_suggestions\",\"label\":\"ai-action\",\"meta\":{\"suggestionCount\":3,\"suggestions\":[\"Run Send→Show workflow\",\"Parameterize all URLs with id\",\"Validate request bodies & headers\"],\"latencyMs\":4984,\"source\":\"AGENT_MODE_ACTION_SUGGESTIONS\",\"isDebug\":false,\"modelKey\":\"GPT_54_NANO\",\"workspaceMode\":\"Cloud\",\"pageUrl\":\"workspace/deen-a's-Workspace~057aa423-deb1-4f21-8ae0-c2d55832f386/request/51092757-4a318da2-3d40-4203-8c59-79603cbed6a4?sideView=agentMode\"},\"workspaceId\":\"057aa423-deb1-4f21-8ae0-c2d55832f386\",\"workspaceType\":\"team\"}\n{\"type\":\"events-general\",\"indexType\":\"client-events\",\"env\":\"production\",\"userId\":\"51092757\",\"teamId\":\"12425541\",\"propertyId\":\"dc900794-3300-4616-9dbf-9fdd52b0f072\",\"propertyVersion\":\"12.20.2\",\"property\":\"linux_app\",\"timestamp\":\"2026-07-31T02:34:53.920Z\",\"sessionId\":\"651e218d-36f3-41b9-b1ab-741071bf15a8\",\"category\":\"request-autocomplete-suggestions\",\"label\":\"request-autofocus\",\"action\":\"view\",\"meta\":{\"suggestion_type\":\"saved\",\"suggestion_url\":\"\",\"workspaceMode\":\"Cloud\",\"pageUrl\":\"workspace/deen-a's-Workspace~057aa423-deb1-4f21-8ae0-c2d55832f386/request/51092757-4a318da2-3d40-4203-8c59-79603cbed6a4?sideView=agentMode\"},\"traceId\":\"ace13d1c-cbe3-42d9-af26-56de5bbd0128\",\"workspaceId\":\"057aa423-deb1-4f21-8ae0-c2d55832f386\",\"workspaceType\":\"team\"}\n{\"type\":\"events-general\",\"indexType\":\"client-events\",\"env\":\"production\",\"userId\":\"51092757\",\"teamId\":\"12425541\",\"propertyId\":\"dc900794-3300-4616-9dbf-9fdd52b0f072\",\"propertyVersion\":\"12.20.2\",\"property\":\"linux_app\",\"timestamp\":\"2026-07-31T02:34:55.324Z\",\"sessionId\":\"651e218d-36f3-41b9-b1ab-741071bf15a8\",\"category\":\"postbot_intellisense\",\"action\":\"fetched_completion\",\"value\":806,\"meta\":{\"entity\":\"http-request\",\"completionId\":\"d1b0b22e-21df-415d-9f88-c6e87bc494bb\",\"source\":\"completionsAPI\",\"triggerSource\":\"urlChange\",\"workspaceMode\":\"Cloud\",\"pageUrl\":\"workspace/deen-a's-Workspace~057aa423-deb1-4f21-8ae0-c2d55832f386/request/51092757-4a318da2-3d40-4203-8c59-79603cbed6a4?sideView=agentMode\"},\"workspaceId\":\"057aa423-deb1-4f21-8ae0-c2d55832f386\",\"workspaceType\":\"team\"}\n{\"type\":\"events-general\",\"indexType\":\"client-events\",\"env\":\"production\",\"userId\":\"51092757\",\"teamId\":\"12425541\",\"propertyId\":\"dc900794-3300-4616-9dbf-9fdd52b0f072\",\"propertyVersion\":\"12.20.2\",\"property\":\"linux_app\",\"timestamp\":\"2026-07-31T02:34:57.109Z\",\"sessionId\":\"651e218d-36f3-41b9-b1ab-741071bf15a8\",\"category\":\"postbot_intellisense\",\"action\":\"fetched_completion\",\"value\":390.80000000074506,\"meta\":{\"entity\":\"http-request\",\"completionId\":\"c5199e4e-4b73-4928-be02-5f8112092ca1\",\"source\":\"completionsAPI\",\"triggerSource\":\"urlChange\",\"workspaceMode\":\"Cloud\",\"pageUrl\":\"workspace/deen-a's-Workspace~057aa423-deb1-4f21-8ae0-c2d55832f386/request/51092757-4a318da2-3d40-4203-8c59-79603cbed6a4?sideView=agentMode\"},\"workspaceId\":\"057aa423-deb1-4f21-8ae0-c2d55832f386\",\"workspaceType\":\"team\"}\n{\"type\":\"events-general\",\"indexType\":\"client-events\",\"env\":\"production\",\"userId\":\"51092757\",\"teamId\":\"12425541\",\"propertyId\":\"dc900794-3300-4616-9dbf-9fdd52b0f072\",\"propertyVersion\":\"12.20.2\",\"property\":\"linux_app\",\"timestamp\":\"2026-07-31T02:35:00.119Z\",\"sessionId\":\"651e218d-36f3-41b9-b1ab-741071bf15a8\",\"category\":\"postbot_intellisense\",\"action\":\"fetched_completion\",\"value\":405.7999999988824,\"meta\":{\"entity\":\"http-request\",\"completionId\":\"a025a049-3cb6-40ff-adb8-33c4b37f86b6\",\"source\":\"completionsAPI\",\"triggerSource\":\"urlChange\",\"workspaceMode\":\"Cloud\",\"pageUrl\":\"workspace/deen-a's-Workspace~057aa423-deb1-4f21-8ae0-c2d55832f386/request/51092757-4a318da2-3d40-4203-8c59-79603cbed6a4?sideView=agentMode\"},\"workspaceId\":\"057aa423-deb1-4f21-8ae0-c2d55832f386\",\"workspaceType\":\"team\"}\n{\"type\":\"events-general\",\"indexType\":\"client-events\",\"env\":\"production\",\"userId\":\"51092757\",\"teamId\":\"12425541\",\"propertyId\":\"dc900794-3300-4616-9dbf-9fdd52b0f072\",\"propertyVersion\":\"12.20.2\",\"property\":\"linux_app\",\"timestamp\":\"2026-07-31T02:35:00.683Z\",\"sessionId\":\"651e218d-36f3-41b9-b1ab-741071bf15a8\",\"category\":\"postbot_intellisense\",\"action\":\"fetched_completion\",\"value\":348.90000000037253,\"meta\":{\"entity\":\"http-request\",\"completionId\":\"d585599a-c827-4b4a-b2c3-2242e31971ab\",\"source\":\"completionsAPI\",\"triggerSource\":\"urlChange\",\"workspaceMode\":\"Cloud\",\"pageUrl\":\"workspace/deen-a's-Workspace~057aa423-deb1-4f21-8ae0-c2d55832f386/request/51092757-4a318da2-3d40-4203-8c59-79603cbed6a4?sideView=agentMode\"},\"workspaceId\":\"057aa423-deb1-4f21-8ae0-c2d55832f386\",\"workspaceType\":\"team\"}\n{\"type\":\"events-general\",\"indexType\":\"client-events\",\"env\":\"production\",\"userId\":\"51092757\",\"teamId\":\"12425541\",\"propertyId\":\"dc900794-3300-4616-9dbf-9fdd52b0f072\",\"propertyVersion\":\"12.20.2\",\"property\":\"linux_app\",\"timestamp\":\"2026-07-31T02:35:01.093Z\",\"sessionId\":\"651e218d-36f3-41b9-b1ab-741071bf15a8\",\"category\":\"postbot_intellisense\",\"action\":\"fetched_completion\",\"value\":347.59999999962747,\"meta\":{\"entity\":\"http-request\",\"completionId\":\"e5049097-20a8-4678-9ed1-39d13c5a2948\",\"source\":\"completionsAPI\",\"triggerSource\":\"urlChange\",\"workspaceMode\":\"Cloud\",\"pageUrl\":\"workspace/deen-a's-Workspace~057aa423-deb1-4f21-8ae0-c2d55832f386/request/51092757-4a318da2-3d40-4203-8c59-79603cbed6a4?sideView=agentMode\"},\"workspaceId\":\"057aa423-deb1-4f21-8ae0-c2d55832f386\",\"workspaceType\":\"team\"}\n{\"type\":\"events-general\",\"indexType\":\"client-events\",\"env\":\"production\",\"userId\":\"51092757\",\"teamId\":\"12425541\",\"propertyId\":\"dc900794-3300-4616-9dbf-9fdd52b0f072\",\"propertyVersion\":\"12.20.2\",\"property\":\"linux_app\",\"timestamp\":\"2026-07-31T02:35:01.540Z\",\"sessionId\":\"651e218d-36f3-41b9-b1ab-741071bf15a8\",\"category\":\"postbot_intellisense\",\"action\":\"fetched_completion\",\"value\":361.30000000074506,\"meta\":{\"entity\":\"http-request\",\"completionId\":\"04dc2a44-bec8-4dc9-94ad-d4eaf8016d7d\",\"source\":\"completionsAPI\",\"triggerSource\":\"urlChange\",\"workspaceMode\":\"Cloud\",\"pageUrl\":\"workspace/deen-a's-Workspace~057aa423-deb1-4f21-8ae0-c2d55832f386/request/51092757-4a318da2-3d40-4203-8c59-79603cbed6a4?sideView=agentMode\"},\"workspaceId\":\"057aa423-deb1-4f21-8ae0-c2d55832f386\",\"workspaceType\":\"team\"}\n{\"type\":\"events-general\",\"indexType\":\"client-events\",\"env\":\"production\",\"userId\":\"51092757\",\"teamId\":\"12425541\",\"propertyId\":\"dc900794-3300-4616-9dbf-9fdd52b0f072\",\"propertyVersion\":\"12.20.2\",\"property\":\"linux_app\",\"timestamp\":\"2026-07-31T02:35:01.611Z\",\"sessionId\":\"651e218d-36f3-41b9-b1ab-741071bf15a8\",\"category\":\"postbot_intellisense\",\"action\":\"fetched_completion\",\"value\":0,\"meta\":{\"entity\":\"http-request\",\"completionId\":\"e5049097-20a8-4678-9ed1-39d13c5a2948\",\"source\":\"cache\",\"triggerSource\":\"urlChange\",\"workspaceMode\":\"Cloud\",\"pageUrl\":\"workspace/deen-a's-Workspace~057aa423-deb1-4f21-8ae0-c2d55832f386/request/51092757-4a318da2-3d40-4203-8c59-79603cbed6a4?sideView=agentMode\"},\"workspaceId\":\"057aa423-deb1-4f21-8ae0-c2d55832f386\",\"workspaceType\":\"team\"}\n{\"type\":\"events-general\",\"indexType\":\"client-events\",\"env\":\"production\",\"userId\":\"51092757\",\"teamId\":\"12425541\",\"propertyId\":\"dc900794-3300-4616-9dbf-9fdd52b0f072\",\"propertyVersion\":\"12.20.2\",\"property\":\"linux_app\",\"timestamp\":\"2026-07-31T02:35:02.856Z\",\"sessionId\":\"651e218d-36f3-41b9-b1ab-741071bf15a8\",\"category\":\"postbot_intellisense\",\"action\":\"fetched_completion\",\"value\":368.19999999925494,\"meta\":{\"entity\":\"http-request\",\"completionId\":\"3ebc3445-d85b-418b-b989-f252f47e3ac5\",\"source\":\"completionsAPI\",\"triggerSource\":\"urlChange\",\"workspaceMode\":\"Cloud\",\"pageUrl\":\"workspace/deen-a's-Workspace~057aa423-deb1-4f21-8ae0-c2d55832f386/request/51092757-4a318da2-3d40-4203-8c59-79603cbed6a4?sideView=agentMode\"},\"workspaceId\":\"057aa423-deb1-4f21-8ae0-c2d55832f386\",\"workspaceType\":\"team\"}\n"]
[119234][1785466521656][requester][error]["AutosaveManager~queueActivity",{},{"context":{"api":"autosave-manager","domain":"runtime"}}]
[119234][1785466521661][requester][info]["AutosaveManager~subscribeToSettingsUpdates: Settings is initialised."]
[119234][1785466521667][requester][info]["AppBootTracker: CollectionWorkbenchController~ready"]
[119234][1785466522242][requester][error]["CollectionWorkbenchController~didCreate: Error while fetching collection meta",{"name":"TypeError","message":"Cannot destructure property 'id' of 'e.getParent(...)' as it is undefined.","stack":"TypeError: Cannot destructure property 'id' of 'e.getParent(...)' as it is undefined.\n    at https://desktop.postman.com/_ar-assets/CollectionWorkbench-a4975f68b15ebffc.min.js:2207:18924\n    at nrWrapper (https://desktop.postman.com/?desktopVersion=12.20.2&userId=51092757&teamId=12425541&region=us:6:17817)"}]
[119234][1785466531867][requester][warn]["ActiveSessionService~getActiveSessions: Environment null not found."]
[119234][1785466531868][requester][warn]["CollectionStoreV2~findOne: Using collection model id instead of uid is deprecated. Please use uid instead."]
[119234][1785466531936][requester][warn]["CollectionStoreV2~findOne: Using collection model id instead of uid is deprecated. Please use uid instead."]
[119234][1785466532472][requester][info]["RealtimeSyncMessageService~publishRealtimeIncomingMessage: Message received undefined:undefined Timeline in message: undefined:undefined"]
[119234][1785466533136][requester][warn]["ActiveSessionService~getActiveSessions: Environment null not found."]
[119234][1785466533299][requester][warn]["CollectionStoreV2~findOne: Using collection model id instead of uid is deprecated. Please use uid instead."]
[119234][1785466647263][requester][info]["RealtimeSyncMessageService~publishRealtimeIncomingMessage: Message received workspace:broadcast Timeline in message: undefined:undefined"]
[119234][1785466647264][requester][info]["CollectionListingAPIAdapter: Adding to CollectionStoreV2",["51092757-2dca063f-6053-49b6-8f60-43d1cef5d108"]]
[119234][1785466647682][requester][info]["CollectionInterface: renameCollection - Updating CollectionStoreV2","51092757-2dca063f-6053-49b6-8f60-43d1cef5d108"]
[119234][1785466647694][requester][warn]["ActiveSessionService~getActiveSessions: Environment null not found."]
[119234][1785466647694][requester][warn]["ActiveSessionService~getActiveSessions: Environment null not found."]
[119234][1785466647695][requester][warn]["ActiveSessionService~getActiveSessions: Environment null not found."]
[119234][1785466647695][requester][warn]["ActiveSessionService~getActiveSessions: Environment null not found."]
[119234][1785466647695][requester][warn]["ActiveSessionService~getActiveSessions: Environment null not found."]
[119234][1785466647754][requester][warn]["CollectionStoreV2~findOne: Using collection model id instead of uid is deprecated. Please use uid instead."]
[119234][1785466647757][requester][warn]["CollectionStoreV2~findOne: Using collection model id instead of uid is deprecated. Please use uid instead."]
[119234][1785466647760][requester][warn]["CollectionStoreV2~findOne: Using collection model id instead of uid is deprecated. Please use uid instead."]
[119234][1785466647762][requester][warn]["CollectionStoreV2~findOne: Using collection model id instead of uid is deprecated. Please use uid instead."]
[119234][1785466647770][requester][warn]["CollectionStoreV2~findOne: Using collection model id instead of uid is deprecated. Please use uid instead."]
[119234][1785466648340][requester][warn]["ActiveSessionService~getActiveSessions: Environment null not found."]
[119234][1785466648346][requester][warn]["ActiveSessionService~getActiveSessions: Environment null not found."]
[119234][1785466648358][requester][warn]["ActiveSessionService~getActiveSessions: Environment null not found."]
[119234][1785466648364][requester][warn]["ActiveSessionService~getActiveSessions: Environment null not found."]
[119234][1785466648373][requester][warn]["ActiveSessionService~getActiveSessions: Environment null not found."]
[119234][1785466648385][requester][warn]["CollectionStoreV2~findOne: Using collection model id instead of uid is deprecated. Please use uid instead."]
[119234][1785466648396][requester][warn]["CollectionStoreV2~findOne: Using collection model id instead of uid is deprecated. Please use uid instead."]
[119234][1785466648402][requester][warn]["CollectionStoreV2~findOne: Using collection model id instead of uid is deprecated. Please use uid instead."]
[119234][1785466648404][requester][warn]["CollectionStoreV2~findOne: Using collection model id instead of uid is deprecated. Please use uid instead."]
[119234][1785466648409][requester][warn]["CollectionStoreV2~findOne: Using collection model id instead of uid is deprecated. Please use uid instead."]
[119234][1785466665239][requester][info]["VariableSessionController~update - event update","collection/2dca063f-6053-49b6-8f60-43d1cef5d108/057aa423-deb1-4f21-8ae0-c2d55832f386",{"triggerSource":"unknown"}]
[119234][1785466671769][requester][info]["VariableSessionController~update - event update","collection/2dca063f-6053-49b6-8f60-43d1cef5d108/057aa423-deb1-4f21-8ae0-c2d55832f386",{"triggerSource":"unknown"}]
[119234][1785466676436][requester][info]["VariableSessionController~update - event update","collection/2dca063f-6053-49b6-8f60-43d1cef5d108/057aa423-deb1-4f21-8ae0-c2d55832f386",{"triggerSource":"unknown"}]
[119234][1785466681880][requester][warn]["ActiveSessionService~getActiveSessions: Environment null not found."]
[119234][1785466681881][requester][warn]["CollectionStoreV2~findOne: Using collection model id instead of uid is deprecated. Please use uid instead."]
[119234][1785466682356][requester][info]["RealtimeSyncMessageService~publishRealtimeIncomingMessage: Message received undefined:undefined Timeline in message: undefined:undefined"]
[119234][1785466683766][requester][warn]["ActiveSessionService~getActiveSessions: Environment null not found."]
[119234][1785467195999][requester][warn]["ActiveSessionService~getActiveSessions: Environment null not found."]
[119234][1785467196001][requester][warn]["CollectionStoreV2~findOne: Using collection model id instead of uid is deprecated. Please use uid instead."]
[119234][1785467196508][requester][info]["RealtimeSyncMessageService~publishRealtimeIncomingMessage: Message received undefined:undefined Timeline in message: undefined:undefined"]
[119234][1785467197946][requester][warn]["ActiveSessionService~getActiveSessions: Environment null not found."]
[119234][1785467269893][requester][warn]["ActiveSessionService~getActiveSessions: Environment null not found."]
[119234][1785467291593][requester][warn]["ActiveSessionService~getActiveSessions: Environment null not found."]
[119234][1785467298468][requester][warn]["ActiveSessionService~getActiveSessions: Environment null not found."]
[119234][1785467300048][requester][warn]["ActiveSessionService~getActiveSessions: Environment null not found."]
[119234][1785467300050][requester][warn]["CollectionStoreV2~findOne: Using collection model id instead of uid is deprecated. Please use uid instead."]
[119234][1785467300569][requester][info]["RealtimeSyncMessageService~publishRealtimeIncomingMessage: Message received undefined:undefined Timeline in message: undefined:undefined"]
[119234][1785467301304][requester][warn]["ActiveSessionService~getActiveSessions: Environment null not found."]
[119234][1785467304810][requester][warn]["ActiveSessionService~getActiveSessions: Environment null not found."]
[119234][1785467304811][requester][warn]["CollectionStoreV2~findOne: Using collection model id instead of uid is deprecated. Please use uid instead."]
[119234][1785467305251][requester][info]["RealtimeSyncMessageService~publishRealtimeIncomingMessage: Message received undefined:undefined Timeline in message: undefined:undefined"]
[119234][1785467305616][requester][warn]["ActiveSessionService~getActiveSessions: Environment null not found."]
[119234][1785467305913][requester][warn]["ActiveSessionService~getActiveSessions: Environment null not found."]
[119234][1785467317585][requester][warn]["ActiveSessionService~getActiveSessions: Environment null not found."]
[119234][1785467318633][requester][warn]["ActiveSessionService~getActiveSessions: Environment null not found."]
[119234][1785467318635][requester][warn]["CollectionStoreV2~findOne: Using collection model id instead of uid is deprecated. Please use uid instead."]
[119234][1785467319166][requester][info]["RealtimeSyncMessageService~publishRealtimeIncomingMessage: Message received undefined:undefined Timeline in message: undefined:undefined"]
[119234][1785467319800][requester][warn]["ActiveSessionService~getActiveSessions: Environment null not found."]
[119234][1785467326589][requester][warn]["ActiveSessionService~getActiveSessions: Environment null not found."]
[119234][1785467331185][requester][warn]["ActiveSessionService~getActiveSessions: Environment null not found."]
[119234][1785467332542][requester][warn]["ActiveSessionService~getActiveSessions: Environment null not found."]
[119234][1785467332543][requester][warn]["CollectionStoreV2~findOne: Using collection model id instead of uid is deprecated. Please use uid instead."]
[119234][1785467332981][requester][info]["RealtimeSyncMessageService~publishRealtimeIncomingMessage: Message received undefined:undefined Timeline in message: undefined:undefined"]
[119234][1785467333764][requester][warn]["ActiveSessionService~getActiveSessions: Environment null not found."]
[119234][1785467363583][requester][warn]["ActiveSessionService~getActiveSessions: Environment null not found."]
[119234][1785467363584][requester][warn]["CollectionStoreV2~findOne: Using collection model id instead of uid is deprecated. Please use uid instead."]
[119234][1785467364045][requester][info]["RealtimeSyncMessageService~publishRealtimeIncomingMessage: Message received undefined:undefined Timeline in message: undefined:undefined"]
[119234][1785467364697][requester][warn]["ActiveSessionService~getActiveSessions: Environment null not found."]
[119234][1785467373325][requester][warn]["ActiveSessionService~getActiveSessions: Environment null not found."]
[119234][1785467373326][requester][warn]["CollectionStoreV2~findOne: Using collection model id instead of uid is deprecated. Please use uid instead."]
[119234][1785467373762][requester][info]["RealtimeSyncMessageService~publishRealtimeIncomingMessage: Message received undefined:undefined Timeline in message: undefined:undefined"]
[119234][1785467375331][requester][warn]["ActiveSessionService~getActiveSessions: Environment null not found."]
[119234][1785467456606][requester][warn]["ActiveSessionService~getActiveSessions: Environment null not found."]
[119234][1785467456608][requester][warn]["CollectionStoreV2~findOne: Using collection model id instead of uid is deprecated. Please use uid instead."]
[119234][1785467457095][requester][info]["RealtimeSyncMessageService~publishRealtimeIncomingMessage: Message received undefined:undefined Timeline in message: undefined:undefined"]
[119234][1785467457719][requester][warn]["ActiveSessionService~getActiveSessions: Environment null not found."]
[29716][1786669341029][requester][info]["DesktopLocationService ~ init initialized"]
[29716][1786669341034][requester][info]["NavigationService ~ Initialized: Success"]
[29716][1786669341035][requester][info]["initializeNavigation~boot - Success"]
[29716][1786669341038][requester][error]["NavigationService~register- A route already registered for this intent. Duplicate routes not supported."]
[29716][1786669341043][requester][info]["EventBus~initialize - Success"]
[29716][1786669341044][requester][info]["Messaging~boot - Success"]
[29716][1786669341089][requester][info]["bootCrashReporter~ Success"]
[29716][1786669341094][requester][info]["Telemetry~boot - Success"]
[29716][1786669341100][requester][info]["bootConfigurations~initialize - Success"]
[29716][1786669341102][requester][info]["migrateLocalStorage: Bailing out"]
[29716][1786669341117][requester][info]["Settings~boot - Success"]
[29716][1786669341120][requester][info]["Migrations: all migrations finished and no version downgrade detected. Skipping migrations."]
[29716][1786669341122][requester][info]["WindowController~initialize - Success"]
[29716][1786669341202][requester][info]["Session~boot - Success"]
[29716][1786669341213][requester][info]["IndependentServices~boot - Success"]
[29716][1786669341246][requester][info]["AppModels~boot - Success"]
[29716][1786669341255][requester][info]["CookiesBootHelper~Migration: Bailing out, no migrations to apply."]
[29716][1786669341476][requester][info]["bootIndependentServicesShared: Success"]
[29716][1786669341477][requester][info]["instrumentSeries ~ Sending metric requester-init-singleton-initializeConfigurationsValues to client envets with value 5.899999999906868"]
[29716][1786669341593][requester][info]["instrumentSeries ~ Sending metric requester-init-singleton-cleanupRunner to client envets with value 1.8000000000465661"]
[29716][1786669341597][requester][info]["instrumentSeries ~ Sending metric requester-init-singleton-migrateCookiesFromElectron to client envets with value 0.8000000000465661"]
[29716][1786669341598][requester][info]["instrumentSeries ~ Sending metric requester-init-singleton-cleanupCookies to client envets with value 205.5"]
[29716][1786669341598][requester][info]["instrumentSeries ~ Sending metric requester-init-singleton-clearEditorDataCache to client envets with value 14.899999999906868"]
[29716][1786669341598][requester][info]["instrumentSeries ~ Sending metric requester-init-singleton-bootIndependentServicesShare to client envets with value 1.3000000000465661"]
[29716][1786669341599][requester][info]["performSingletonJobs: Success"]
[29716][1786669341646][requester][info]["checkVersionLock: Starting version lock check"]
[29716][1786669341667][requester][info]["checkVersionLock: Cached response present. Starting validation"]
[29716][1786669341668][requester][info]["checkVersionLock: Version is valid according to cached response"]
[29716][1786669341668][requester][info]["checkVersionLock: Checking version lock in non-blocking flow"]
[29716][1786669341675][requester][info]["checkVersionLock: Version lock check passed"]
[29716][1786669341747][requester][info]["prefetchWorkspaceData~waitForAuthDuringLoginAction - not a login/signup action, proceeding normally"]
[29716][1786669341773][requester][info]["SyncManagerNew~setSync",true]
[29716][1786669341775][requester][info]["SyncManagerNew~signIn",{"forceConnect":true}]
[29716][1786669341776][requester][info]["Sync~boot - Success"]
[29716][1786669341782][requester][info]["SyncManagerNew~createSocket",{"forceConnect":true}]
[29716][1786669341783][requester][info]["SyncManagerNew~createSocket - socket url","https://bifrost-v4-global.gw.postman.com"]
[29716][1786669341784][requester][info]["SyncManagerNew~createSocket","sailsIO.connect",{"url":"https://bifrost-v4-global.gw.postman.com","opts":{"reconnectionDelay":10000,"reconnectionDelayMax":60000,"reconnectionAttempts":8,"randomizationFactor":0.3}}]
[29716][1786669341784][requester][info]["SyncManagerNew~createSocket - userContext: ",{"userId":"51092757","teamId":"12425541","os":"linux 7.1.8-1-cachyos","type":"app_native","version":"12.20.2-ui-260722-0232","productVersion":"12.20.2"}]
[29716][1786669341827][requester][info]["PostUpdateBackup~init: Success"]
[29716][1786669341842][requester][info]["Shared~boot - Success"]
[29716][1786669341848][requester][info]["IPCAgent~select: IPCAgent selected","89c03083-9eb6-466f-9a1b-f558814acd0b"]
[29716][1786669341910][requester][info]["ExtensibleCollections~boot - Success"]
[29716][1786669341919][requester][info]["DBWatcher~boot - Success"]
[29716][1786669341922][requester][info]["ThemeManager~boot - Success"]
[29716][1786669341927][requester][info]["WorkbenchService~boot - Success"]
[29716][1786669341928][requester][info]["Store~boot - Success"]
[29716][1786669341929][requester][info]["Shortcuts~boot - Success"]
[29716][1786669341945][requester][info]["OfflineAPIClientService~init: started"]
[29716][1786669341945][requester][info]["OfflineAPIClientService~init: settings cache isOfflineAPIClientEnabled",true]
[29716][1786669341948][requester][info]["initializePostV8UpdateCheck: Success"]
[29716][1786669341992][requester][info]["Requester~boot - Success"]
[29716][1786669342018][requester][info]["SharedRuntimeListeners~boot - Success"]
[29716][1786669342023][requester][info]["[AvailabilityManager] Registered panel \"collection\""]
[29716][1786669342023][requester][info]["[AvailabilityManager] Registered panel \"environment\""]
[29716][1786669342025][requester][info]["[AvailabilityManager] Registered panel \"documents\""]
[29716][1786669342026][requester][info]["[AvailabilityManager] Registered panel \"api-builder\""]
[29716][1786669342026][requester][info]["[AvailabilityManager] Registered panel \"specifications\""]
[29716][1786669342027][requester][info]["[AvailabilityManager] Registered panel \"sdks\""]
[29716][1786669342027][requester][info]["[AvailabilityManager] Registered panel \"local-mock\""]
[29716][1786669342028][requester][info]["[AvailabilityManager] Registered panel \"dataset\""]
[29716][1786669342028][requester][info]["[AvailabilityManager] Registered panel \"toolsets-local\""]
[29716][1786669342028][requester][info]["[AvailabilityManager] Registered panel \"flows\""]
[29716][1786669342028][requester][info]["[AvailabilityManager] Registered panel \"mock\""]
[29716][1786669342029][requester][info]["[AvailabilityManager] Registered panel \"monitor\""]
[29716][1786669342029][requester][info]["[AvailabilityManager] Registered panel \"webhooks\""]
[29716][1786669342029][requester][info]["[AvailabilityManager] Registered panel \"insights\""]
[29716][1786669342029][requester][info]["[AvailabilityManager] Registered panel \"deployed-flows\""]
[29716][1786669342030][requester][info]["[AvailabilityManager] Registered panel \"github-sdks-classic\""]
[29716][1786669342030][requester][info]["[AvailabilityManager] Registered panel \"mcp-servers\""]
[29716][1786669342030][requester][info]["[AvailabilityManager] Registered panel \"workspace-sync\""]
[29716][1786669342031][requester][info]["[AvailabilityManager] Registered panel \"workspace-diff-sidebar\""]
[29716][1786669342031][requester][info]["[AvailabilityManager] Registered panel \"history\""]
[29716][1786669342031][requester][info]["[AvailabilityManager] Registered panel \"files\""]
[29716][1786669342031][requester][info]["[AvailabilityManager] Registered panel \"governance-rulesets\""]
[29716][1786669342031][requester][info]["[AvailabilityManager] Registered panel \"governance-custom-functions\""]
[29716][1786669342032][requester][info]["[AvailabilityManager] Registered panel \"governance-workspace-groups\""]
[29716][1786669342032][requester][info]["[AvailabilityManager] Registered panel \"console\""]
[29716][1786669342032][requester][info]["[AvailabilityManager] Registered panel \"terminal\""]
[29716][1786669342032][requester][info]["[AvailabilityManager] Registered panel \"findReplace\""]
[29716][1786669342032][requester][info]["[AvailabilityManager] Registered panel \"diagnostics\""]
[29716][1786669342035][requester][info]["[AvailabilityManager] Registered panel group \"internal-dev-services\""]
[29716][1786669342035][requester][info]["[AvailabilityManager] Registered panel group \"cloud-services\""]
[29716][1786669342037][requester][info]["[AvailabilityManager] Registered panel group \"file-system\""]
[29716][1786669342039][requester][info]["[AvailabilityManager] Registered panel group \"terminal\""]
[29716][1786669342040][requester][info]["[AvailabilityManager] Registered panel group \"findReplace\""]
[29716][1786669342040][requester][info]["[AvailabilityManager] Registered panel group \"diagnostics\""]
[29716][1786669342047][requester][info]["[ManifestService] Registered 10 panel groups, 28 panels, and 0 panel templates"]
[29716][1786669342047][requester][info]["[ManifestService] AvailabilityManager initializing"]
[29716][1786669342047][requester][info]["[AvailabilityManager] Initializing..."]
[29716][1786669342054][requester][info]["[ManifestService] AvailabilityManager initialized"]
[29716][1786669342054][requester][info]["[ManifestService] Initialization complete"]
[29716][1786669342069][requester][info]["booted - requester"]
[29716][1786669342351][requester][info]["[DockService] removePanelFromState: \"workspace-diff-sidebar\" from group \"history-modifications\""]
[29716][1786669342399][requester][info]["CloudProxyHandler: Proxy configuration has not been setup"]
[29716][1786669342458][requester][info]["LocalSecretProtection~setupReactionsForLocalMode: MobX reaction set up for local mode workspace changes",{"context":{"api":"LocalSecretProtection","domain":"secret-scanner"}}]
[29716][1786669342560][requester][info]["performVersionLockCheck: Current version is valid for the user"]
[29716][1786669342569][requester][info]["[DockManager] setAvailability: panel \"collection\" → true"]
[29716][1786669342570][requester][info]["[RegistryService] setAvailability: panel \"collection\" → true"]
[29716][1786669342571][requester][warn]["[DockService] addPanelToState: Unknown group \"internal-dev-services\" for panel \"collection\""]
[29716][1786669342571][requester][info]["[DockManager] setAvailability: panel \"documents\" → false"]
[29716][1786669342572][requester][info]["[RegistryService] setAvailability: panel \"documents\" → false"]
[29716][1786669342572][requester][info]["[DockManager] setAvailability: panel \"api-builder\" → true"]
[29716][1786669342573][requester][info]["[RegistryService] setAvailability: panel \"api-builder\" → true"]
[29716][1786669342573][requester][warn]["[DockService] addPanelToState: Unknown group \"internal-dev-services\" for panel \"api-builder\""]
[29716][1786669342574][requester][info]["[DockManager] setAvailability: panel \"toolsets-local\" → false"]
[29716][1786669342574][requester][info]["[RegistryService] setAvailability: panel \"toolsets-local\" → false"]
[29716][1786669342574][requester][info]["[DockManager] setAvailability: panel \"mock\" → true"]
[29716][1786669342575][requester][info]["[RegistryService] setAvailability: panel \"mock\" → true"]
[29716][1786669342575][requester][warn]["[DockService] addPanelToState: Unknown group \"cloud-services\" for panel \"mock\""]
[29716][1786669342576][requester][info]["[DockManager] setAvailability: panel \"webhooks\" → false"]
[29716][1786669342576][requester][info]["[RegistryService] setAvailability: panel \"webhooks\" → false"]
[29716][1786669342577][requester][info]["[DockManager] setAvailability: panel \"mcp-servers\" → false"]
[29716][1786669342578][requester][info]["[RegistryService] setAvailability: panel \"mcp-servers\" → false"]
[29716][1786669342578][requester][info]["[DockManager] setAvailability: panel \"workspace-sync\" → false"]
[29716][1786669342579][requester][info]["[RegistryService] setAvailability: panel \"workspace-sync\" → false"]
[29716][1786669342579][requester][info]["[DockManager] setAvailability: panelGroup \"terminal\" → true"]
[29716][1786669342580][requester][info]["[RegistryService] setAvailability: panelGroup \"terminal\" → true"]
[29716][1786669342580][requester][info]["[DockService] addPanelGroupToState: \"terminal\""]
[29716][1786669342581][requester][info]["[DockManager] setAvailability: panelGroup \"findReplace\" → true"]
[29716][1786669342581][requester][info]["[RegistryService] setAvailability: panelGroup \"findReplace\" → true"]
[29716][1786669342582][requester][info]["[DockService] addPanelGroupToState: \"findReplace\""]
[29716][1786669342582][requester][info]["[DockManager] setAvailability: panelGroup \"diagnostics\" → false"]
[29716][1786669342583][requester][info]["[RegistryService] setAvailability: panelGroup \"diagnostics\" → false"]
[29716][1786669342584][requester][warn]["[DockManager] disablePanelGroup: Group not found in state",{"panelGroupId":"diagnostics"}]
[29716][1786669342585][requester][info]["[DockService] removePanelFromState: \"workspace-sync\" from group \"history-modifications\""]
[29716][1786669342593][requester][info]["[DockManager] setAvailability: panel \"collection\" → true"]
[29716][1786669342594][requester][info]["[RegistryService] setAvailability: panel \"collection\" → true"]
[29716][1786669342594][requester][warn]["[DockService] addPanelToState: Unknown group \"internal-dev-services\" for panel \"collection\""]
[29716][1786669342595][requester][info]["[DockManager] setAvailability: panel \"documents\" → false"]
[29716][1786669342596][requester][info]["[RegistryService] setAvailability: panel \"documents\" → false"]
[29716][1786669342597][requester][info]["[DockManager] setAvailability: panel \"api-builder\" → true"]
[29716][1786669342597][requester][info]["[RegistryService] setAvailability: panel \"api-builder\" → true"]
[29716][1786669342599][requester][warn]["[DockService] addPanelToState: Unknown group \"internal-dev-services\" for panel \"api-builder\""]
[29716][1786669342600][requester][info]["[DockManager] setAvailability: panel \"toolsets-local\" → false"]
[29716][1786669342600][requester][info]["[RegistryService] setAvailability: panel \"toolsets-local\" → false"]
[29716][1786669342601][requester][info]["[DockManager] setAvailability: panel \"mock\" → true"]
[29716][1786669342602][requester][info]["[RegistryService] setAvailability: panel \"mock\" → true"]
[29716][1786669342603][requester][warn]["[DockService] addPanelToState: Unknown group \"cloud-services\" for panel \"mock\""]
[29716][1786669342603][requester][info]["[DockManager] setAvailability: panel \"webhooks\" → false"]
[29716][1786669342604][requester][info]["[RegistryService] setAvailability: panel \"webhooks\" → false"]
[29716][1786669342604][requester][info]["[DockManager] setAvailability: panel \"mcp-servers\" → false"]
[29716][1786669342605][requester][info]["[RegistryService] setAvailability: panel \"mcp-servers\" → false"]
[29716][1786669342606][requester][info]["[DockManager] setAvailability: panelGroup \"terminal\" → true"]
[29716][1786669342606][requester][info]["[RegistryService] setAvailability: panelGroup \"terminal\" → true"]
[29716][1786669342606][requester][info]["[DockService] addPanelGroupToState: \"terminal\""]
[29716][1786669342607][requester][info]["[DockManager] setAvailability: panelGroup \"findReplace\" → true"]
[29716][1786669342607][requester][info]["[RegistryService] setAvailability: panelGroup \"findReplace\" → true"]
[29716][1786669342608][requester][info]["[DockService] addPanelGroupToState: \"findReplace\""]
[29716][1786669342611][requester][info]["[DockManager] setAvailability: panelGroup \"diagnostics\" → false"]
[29716][1786669342612][requester][info]["[RegistryService] setAvailability: panelGroup \"diagnostics\" → false"]
[29716][1786669342612][requester][warn]["[DockManager] disablePanelGroup: Group not found in state",{"panelGroupId":"diagnostics"}]
[29716][1786669342688][requester][info]["[DockManager] setAvailability: panel \"sdks\" → false"]
[29716][1786669342689][requester][info]["[RegistryService] setAvailability: panel \"sdks\" → false"]
[29716][1786669342689][requester][info]["[DockManager] setAvailability: panel \"local-mock\" → false"]
[29716][1786669342689][requester][info]["[RegistryService] setAvailability: panel \"local-mock\" → false"]
[29716][1786669342690][requester][info]["[DockManager] setAvailability: panel \"dataset\" → false"]
[29716][1786669342690][requester][info]["[RegistryService] setAvailability: panel \"dataset\" → false"]
[29716][1786669342691][requester][info]["[DockManager] setAvailability: panel \"github-sdks-classic\" → false"]
[29716][1786669342691][requester][info]["[RegistryService] setAvailability: panel \"github-sdks-classic\" → false"]
[29716][1786669342694][requester][info]["SyncManagerNew~_onConnect"]
[29716][1786669342701][requester][info]["SyncManagerNew~signIn",{}]
[29716][1786669342703][requester][info]["setupVersionLockListener: Attached listener for version lock check events"]
[29716][1786669342713][requester][info]["SyncTimelineHelper: Force stopping all timelines"]
[29716][1786669342904][requester][info]["BaseSyncTimeline~subscribe: Subscribing to real time changes for user:51092757"]
[29716][1786669342905][requester][info]["BaseSyncTimeline~_sync: Starting sync for user:51092757"]
[29716][1786669342906][requester][info]["BaseSyncTimeline~getPendingClientChanges: Starting to get pending changes for user:51092757"]
[29716][1786669342962][requester][info]["BaseSyncTimeline~getPendingClientChanges: Finished to get pending changes for user:51092757"]
[29716][1786669342965][requester][info]["BaseSyncTimeline~getPendingServerChanges: Starting /sync call for user:51092757"]
[29716][1786669343385][requester][error]["isActiveTabLegacy~ Active workspace session is unavailable"]
[29716][1786669344022][requester][info]["IPCAgent~select: IPCAgent selected","91c6dbe3-f625-4337-ae0b-105b6ab2e224"]
[29716][1786669344023][requester][info]["IPCAgentNew~select: IPCAgentNew selected","91c6dbe3-f625-4337-ae0b-105b6ab2e224"]
[29716][1786669344027][requester][info]["[DockManager] setAvailability: panel \"dataset\" → false"]
[29716][1786669344028][requester][info]["[RegistryService] setAvailability: panel \"dataset\" → false"]
[29716][1786669344028][requester][info]["[DockManager] setAvailability: panel \"flows\" → true"]
[29716][1786669344028][requester][info]["[RegistryService] setAvailability: panel \"flows\" → true"]
[29716][1786669344029][requester][warn]["[DockService] addPanelToState: Unknown group \"internal-dev-services\" for panel \"flows\""]
[29716][1786669344029][requester][info]["[DockManager] setAvailability: panel \"deployed-flows\" → true"]
[29716][1786669344029][requester][info]["[RegistryService] setAvailability: panel \"deployed-flows\" → true"]
[29716][1786669344030][requester][warn]["[DockService] addPanelToState: Unknown group \"cloud-services\" for panel \"deployed-flows\""]
[29716][1786669344030][requester][info]["[DockManager] setAvailability: panel \"local-mock\" → false"]
[29716][1786669344030][requester][info]["[RegistryService] setAvailability: panel \"local-mock\" → false"]
[29716][1786669344031][requester][info]["[DockManager] setAvailability: panel \"github-sdks-classic\" → false"]
[29716][1786669344032][requester][info]["[RegistryService] setAvailability: panel \"github-sdks-classic\" → false"]
[29716][1786669344032][requester][info]["[DockManager] setAvailability: panel \"documents\" → true"]
[29716][1786669344032][requester][info]["[RegistryService] setAvailability: panel \"documents\" → true"]
[29716][1786669344033][requester][warn]["[DockService] addPanelToState: Unknown group \"internal-dev-services\" for panel \"documents\""]
[29716][1786669344033][requester][info]["[DockManager] setAvailability: panelGroup \"diagnostics\" → true"]
[29716][1786669344033][requester][info]["[RegistryService] setAvailability: panelGroup \"diagnostics\" → true"]
[29716][1786669344034][requester][info]["[DockService] addPanelGroupToState: \"diagnostics\""]
[29716][1786669344034][requester][info]["[DockManager] setAvailability: panel \"insights\" → true"]
[29716][1786669344034][requester][info]["[RegistryService] setAvailability: panel \"insights\" → true"]
[29716][1786669344035][requester][warn]["[DockService] addPanelToState: Unknown group \"cloud-services\" for panel \"insights\""]
[29716][1786669344035][requester][info]["[DockManager] setAvailability: panel \"sdks\" → false"]
[29716][1786669344036][requester][info]["[RegistryService] setAvailability: panel \"sdks\" → false"]
[29716][1786669344036][requester][info]["[DockManager] setAvailability: panel \"toolsets-local\" → false"]
[29716][1786669344036][requester][info]["[RegistryService] setAvailability: panel \"toolsets-local\" → false"]
[29716][1786669344037][requester][info]["[DockManager] setAvailability: panel \"webhooks\" → true"]
[29716][1786669344037][requester][info]["[RegistryService] setAvailability: panel \"webhooks\" → true"]
[29716][1786669344037][requester][warn]["[DockService] addPanelToState: Unknown group \"cloud-services\" for panel \"webhooks\""]
[29716][1786669344038][requester][info]["[DockManager] setAvailability: panel \"sdks\" → false"]
[29716][1786669344038][requester][info]["[RegistryService] setAvailability: panel \"sdks\" → false"]
[29716][1786669344039][requester][info]["[DockManager] setAvailability: panel \"dataset\" → false"]
[29716][1786669344039][requester][info]["[RegistryService] setAvailability: panel \"dataset\" → false"]
[29716][1786669344039][requester][info]["[DockManager] setAvailability: panel \"mcp-servers\" → false"]
[29716][1786669344040][requester][info]["[RegistryService] setAvailability: panel \"mcp-servers\" → false"]
[29716][1786669344060][requester][info]["ConnectionModeStore~_isFirstLoad",false]
[29716][1786669344217][requester][info]["VariableSyncSettingsStore~fetchDataAndSubscribe: status 200, retry 0"]
[29716][1786669344236][requester][info]["BaseSyncTimeline~SyncFinishedObservable: Successful sync proceeding with integrity check and force sync for user:51092757"]
[29716][1786669344237][requester][info]["BaseSyncTimeline~_handleForceSync: Bailing out of force sync for user:51092757"]
[29716][1786669344957][requester][info]["TabUIStore~requestingSaveTabId : savingTabId",]
[29716][1786669345165][requester][info]["[OriginScopedMCPManager] Initializing",{"origin":"agent-mode"}]
[29716][1786669345166][requester][info]["[OriginScopedMCPManager] Syncing existing connections",{"origin":"agent-mode","serverCount":0}]
[29716][1786669345166][requester][info]["[OriginScopedMCPManager] No runtime state updates needed",{"origin":"agent-mode"}]
[29716][1786669345166][requester][info]["[OriginScopedMCPManager] Found servers",{"total":0,"enabled":0}]
[29716][1786669345166][requester][info]["[OriginScopedMCPManager] No servers to connect during initialization"]
[29716][1786669345171][requester][info]["[OriginScopedMCPManager] Manually resyncing connections",{"origin":"agent-mode"}]
[29716][1786669345172][requester][info]["[OriginScopedMCPManager] Syncing existing connections",{"origin":"agent-mode","serverCount":0}]
[29716][1786669345172][requester][info]["[OriginScopedMCPManager] No runtime state updates needed",{"origin":"agent-mode"}]
[29716][1786669345850][requester][info]["SessionValidation - Registering listener"]
[29716][1786669345866][requester][info]["AppBootTracker~app no promises registered for boot, marking app as booted"]
[29716][1786669345951][requester][info]["[DockManager] setAvailability: panel \"workspace-sync\" → false"]
[29716][1786669345951][requester][info]["[RegistryService] setAvailability: panel \"workspace-sync\" → false"]
[29716][1786669345991][requester][info]["[DockManager] setAvailability: panel \"insights\" → false"]
[29716][1786669345991][requester][info]["[RegistryService] setAvailability: panel \"insights\" → false"]
[29716][1786669346019][requester][info]["ConnectionModeStore~_isFirstLoad",false]
[29716][1786669346021][requester][info]["ConnectionModeStore~_isFirstLoad",false]
[29716][1786669346022][requester][info]["ConnectionModeStore~_isFirstLoad",false]
[29716][1786669346444][requester][info]["UI pulled the session locked information on init"]
[29716][1786669346796][requester][info]["AgentV2.ui_display",{"context":{"api":"AgentV2Consent","domain":"Postbot"},"timestamp":1786669346796,"source":"local"}]
[29716][1786669347245][requester][error]["EnvironmentSelectorContainer~handleEnvironmentSelect: Failed to set active environment",{"name":"Error","message":"WorkspaceSessionController~setActiveEnvironment: Workspace Session does not exist","stack":"Error: WorkspaceSessionController~setActiveEnvironment: Workspace Session does not exist\n    at Object.setActiveEnvironment (https://desktop.postman.com/_ar-assets/requester-desktop-3e2336d60a41d7fb.min.js:3046:199998)\n    at async D.handleEnvironmentSelect (https://desktop.postman.com/_ar-assets/WorkspaceDetailsPage-ece6d42f27125948.min.js:1225:16353)"}]
[29716][1786669347360][requester][info]["EnvironmentSessionUpdate~updateDependentSession event","2d498b95-d42e-4812-8ea2-f99e68804df5",{"model":"globals","triggerSource":"globals-fetch","workspaceMode":"Cloud","isFilesystemSession":false}]
[29716][1786669347361][requester][info]["VariableSessionController~update - event update","globals/2d498b95-d42e-4812-8ea2-f99e68804df5/057aa423-deb1-4f21-8ae0-c2d55832f386",{"triggerSource":"globals-fetch"}]
[29716][1786669347577][requester][info]["[DockManager] setAvailability: panelGroup \"internal-dev-services\" → true"]
[29716][1786669347578][requester][info]["[RegistryService] setAvailability: panelGroup \"internal-dev-services\" → true"]
[29716][1786669347578][requester][info]["[DockService] addPanelGroupToState: \"internal-dev-services\""]
[29716][1786669347579][requester][info]["[DockManager] setAvailability: panelGroup \"cloud-services\" → true"]
[29716][1786669347580][requester][info]["[RegistryService] setAvailability: panelGroup \"cloud-services\" → true"]
[29716][1786669347580][requester][info]["[DockService] addPanelGroupToState: \"cloud-services\""]
[29716][1786669347753][requester][info]["[DockManager] reinitialize: Starting"]
[29716][1786669347756][requester][info]["[DockManager] setAvailability: panelGroup \"internal-dev-services\" → true"]
[29716][1786669347756][requester][info]["[RegistryService] setAvailability: panelGroup \"internal-dev-services\" → true"]
[29716][1786669347757][requester][info]["[DockService] addPanelGroupToState: \"internal-dev-services\""]
[29716][1786669347757][requester][info]["[DockManager] setAvailability: panelGroup \"cloud-services\" → true"]
[29716][1786669347758][requester][info]["[RegistryService] setAvailability: panelGroup \"cloud-services\" → true"]
[29716][1786669347758][requester][info]["[DockService] addPanelGroupToState: \"cloud-services\""]
[29716][1786669347761][requester][info]["[AvailabilityManager] Initialization complete"]
[29716][1786669348082][requester][info]["[DockService] reinitialize: Rebuilding state from registry"]
[29716][1786669348084][requester][info]["[DockService] reinitialize: State rebuilt",{"hosts":3,"panelGroups":10,"panels":19}]
[29716][1786669348085][requester][info]["[DockManager] applyConfig: Applying config",{"hostId":"primarySidebar"}]
[29716][1786669348087][requester][warn]["[DockService] Cannot apply config to unknown panel \"insights\""]
[29716][1786669348087][requester][warn]["[DockService] Cannot apply config to unknown panel \"sdks\""]
[29716][1786669348087][requester][warn]["[DockService] Cannot apply config to unknown panel \"dataset\""]
[29716][1786669348310][requester][info]["[DockManager] reinitialize: Complete"]
[29716][1786669348329][requester][info]["SyncManagerNew~setSync",true]
[29716][1786669348485][requester][info]["[DockManager] applyConfig: Applying config",{"hostId":"primarySidebar"}]
[29716][1786669349396][requester][warn]["ListingAPIAdapter~_getUnsubscribeAPIResponseWithSocket: Failed to unsubscribe entities",{"name":"Error","message":"CollectionListingAPIAdapter~getListUnsubscribeAPIEndpoint: not implemented for parent workspace","stack":"Error: CollectionListingAPIAdapter~getListUnsubscribeAPIEndpoint: not implemented for parent workspace\n    at s.getListUnsubscribeAPIEndpoint (https://desktop.postman.com/_ar-assets/requester-desktop-3e2336d60a41d7fb.min.js:3712:57080)\n    at s._getUnsubscribeAPIResponseWithSocket (https://desktop.postman.com/_ar-assets/requester-desktop-3e2336d60a41d7fb.min.js:3708:13364)"}]
[29716][1786669349517][requester][info]["GateKeeperService~onWebsocketToggle Key value toggled for Websocket to true"]
[29716][1786669349518][requester][info]["GateKeeperService~onNotificationToggle Key value toggled for Notification to true"]
[29716][1786669349519][requester][info]["GateKeeperService~onSyncToggle Key value toggled for Sync to true"]
[29716][1786669349520][requester][warn]["GateKeeperService~_handleKeyUpdate: Invalid key type provided",{"type":"flags","value":false}]
[29716][1786669349627][requester][info]["EnvironmentSessionUpdate~updateDependentSession event","2dca063f-6053-49b6-8f60-43d1cef5d108",{"model":"collection","triggerSource":"collection-store-sync","workspaceMode":"Cloud","isFilesystemSession":false}]
[29716][1786669349629][requester][info]["VariableSessionController~update - event update","collection/2dca063f-6053-49b6-8f60-43d1cef5d108/057aa423-deb1-4f21-8ae0-c2d55832f386",{"triggerSource":"collection-store-sync"}]
[29716][1786669349636][requester][info]["EnvironmentSessionUpdate~updateDependentSession event","2dca063f-6053-49b6-8f60-43d1cef5d108",{"model":"collection","triggerSource":"collection-store-sync","workspaceMode":"Cloud","isFilesystemSession":false}]
[29716][1786669349637][requester][info]["VariableSessionController~update - event update","collection/2dca063f-6053-49b6-8f60-43d1cef5d108/057aa423-deb1-4f21-8ae0-c2d55832f386",{"triggerSource":"collection-store-sync"}]
[29716][1786669349652][requester][warn]["SyncManagerNew~attachGateKeeperHandlers: listening to notification event",{"name":"notification","namespace":"gatekeeper","data":{"isEnabled":true}}]
[29716][1786669349671][requester][info]["EnvironmentSessionUpdate~updateDependentSession event","2dca063f-6053-49b6-8f60-43d1cef5d108",{"model":"collection","triggerSource":"collection-store-sync","workspaceMode":"Cloud","isFilesystemSession":false}]
[29716][1786669349674][requester][info]["VariableSessionController~update - event update","collection/2dca063f-6053-49b6-8f60-43d1cef5d108/057aa423-deb1-4f21-8ae0-c2d55832f386",{"triggerSource":"collection-store-sync"}]
[29716][1786669351474][requester][warn]["ActiveSessionService~getActiveSessions: Environment null not found."]
[29716][1786669351986][requester][info]["[AppUpdaterNotifier] Checking update after the app launch."]
[29716][1786669352420][requester][info]["TypedRequestDefinitionStore~init: Instance count",1]
[29716][1786669353154][requester][info]["instrumentSeries ~ Sending metric requester-init-series-getLaunchParams to client envets with value 12.800000000046566"]
[29716][1786669353155][requester][info]["instrumentSeries ~ Sending metric requester-init-series-windowConfig to client envets with value 0.4000000001396984"]
[29716][1786669353156][requester][info]["instrumentSeries ~ Sending metric requester-init-series-Logger to client envets with value 6.100000000093132"]
[29716][1786669353156][requester][info]["instrumentSeries ~ Sending metric requester-init-series-initializeNavigation to client envets with value 6.5"]
[29716][1786669353157][requester][info]["instrumentSeries ~ Sending metric requester-init-series-initializeNavigationForDomains to client envets with value 2.699999999953434"]
[29716][1786669353158][requester][info]["instrumentSeries ~ Sending metric requester-init-series-Messaging to client envets with value 5.7999999998137355"]
[29716][1786669353158][requester][info]["instrumentSeries ~ Sending metric requester-init-series-CrashReporter to client envets with value 46.5"]
[29716][1786669353158][requester][info]["instrumentSeries ~ Sending metric requester-init-series-Telemetry to client envets with value 2.9000000001396984"]
[29716][1786669353158][requester][info]["instrumentSeries ~ Sending metric requester-init-series-registerServiceWorkerListeners to client envets with value 0.7000000001862645"]
[29716][1786669353160][requester][info]["instrumentSeries ~ Sending metric requester-init-series-initializeConfigurations to client envets with value 5.899999999906868"]
[29716][1786669353161][requester][info]["instrumentSeries ~ Sending metric requester-init-series-migrateLocalStorage to client envets with value 1.5999999998603016"]
[29716][1786669353161][requester][info]["instrumentSeries ~ Sending metric requester-init-series-Settings to client envets with value 14.100000000093132"]
[29716][1786669353161][requester][info]["instrumentSeries ~ Sending metric requester-init-series-initializeDB to client envets with value 3.7000000001862645"]
[29716][1786669353162][requester][info]["instrumentSeries ~ Sending metric requester-init-series-WLModels to client envets with value 1.1999999999534339"]
[29716][1786669353162][requester][info]["instrumentSeries ~ Sending metric requester-init-series-bootWindowConfig to client envets with value 80.10000000009313"]
[29716][1786669353163][requester][info]["instrumentSeries ~ Sending metric requester-init-series-IndependentServices to client envets with value 10.699999999953434"]
[29716][1786669353163][requester][info]["instrumentSeries ~ Sending metric requester-init-series-initAppBadgeAnalytics to client envets with value 0.6000000000931323"]
[29716][1786669353163][requester][info]["instrumentSeries ~ Sending metric requester-init-series-AppModels to client envets with value 32.39999999990687"]
[29716][1786669353163][requester][info]["instrumentSeries ~ Sending metric requester-init-series-performSingletonSteps to client envets with value 352.69999999995343"]
[29716][1786669353163][requester][info]["instrumentSeries ~ Sending metric requester-init-series-CurrentUserDetailsService to client envets with value 36.5"]
[29716][1786669353164][requester][info]["instrumentSeries ~ Sending metric requester-init-series-i18nService to client envets with value 9.800000000046566"]
[29716][1786669353164][requester][info]["instrumentSeries ~ Sending metric requester-init-series-checkVersionLock to client envets with value 31.699999999953434"]
[29716][1786669353165][requester][info]["instrumentSeries ~ Sending metric requester-init-series-prefetchWorkspaceData to client envets with value 71.30000000004657"]
[29716][1786669353166][requester][info]["instrumentSeries ~ Sending metric requester-init-series-Shared to client envets with value 94.5"]
[29716][1786669353166][requester][info]["instrumentSeries ~ Sending metric requester-init-series-RuntimeInterface to client envets with value 10.199999999953434"]
[29716][1786669353166][requester][info]["instrumentSeries ~ Sending metric requester-init-series-bootExtensibleCollections to client envets with value 56.799999999813735"]
[29716][1786669353167][requester][info]["instrumentSeries ~ Sending metric requester-init-series-bootManifest to client envets with value 7.100000000093132"]
[29716][1786669353167][requester][info]["instrumentSeries ~ Sending metric requester-init-series-initializeCommunicationForCookies to client envets with value 0.5999999998603016"]
[29716][1786669353168][requester][info]["instrumentSeries ~ Sending metric requester-init-series-setupVersionLockListener to client envets with value 0.6000000000931323"]
[29716][1786669353168][requester][info]["instrumentSeries ~ Sending metric requester-init-series-setupProductUpdatesListener to client envets with value 0.09999999986030161"]
[29716][1786669353168][requester][info]["instrumentSeries ~ Sending metric requester-init-series-bootDBWatcher to client envets with value 0.6000000000931323"]
[29716][1786669353168][requester][info]["instrumentSeries ~ Sending metric requester-init-series-bootThemeManager to client envets with value 3.7999999998137355"]
[29716][1786669353168][requester][info]["instrumentSeries ~ Sending metric requester-init-series-bootWorkbenchService to client envets with value 4.2000000001862645"]
[29716][1786669353169][requester][info]["instrumentSeries ~ Sending metric requester-init-series-Requester to client envets with value 65.10000000009313"]
[29716][1786669353170][requester][info]["instrumentSeries ~ Sending metric requester-init-series-bootRuntimeListeners to client envets with value 26"]
[29716][1786669353170][requester][info]["instrumentSeries ~ Sending metric requester-init-series-PlanFeaturesInterface to client envets with value 2.5"]
[29716][1786669353170][requester][info]["instrumentSeries ~ Sending metric requester-init-series-ManifestService to client envets with value 42.799999999813735"]
[29716][1786669353225][requester][info]["ExecuteLowPriorityTasks~starting execution of low priority tasks"]
[29716][1786669353244][requester][info]["Intellisense : Interface-initialization call"]
[29716][1786669353337][requester][info]["Intellisense : Store initialized"]
[29716][1786669353382][requester][info]["applyDesktopUiOnScreenLockEvent~getApplyingVersion, retrieved version from localStorage: null"]
[29716][1786669353383][requester][info]["applyDesktopUiOnScreenLockEvent~subscribing to screen events"]
[29716][1786669353398][requester][info]["[Segment] conditionMet: ",true]
[29716][1786669353399][requester][info]["[Segment] Identify call triggered for userId: ","b906b9e0-5370-4db4-93ca-445f052a8fe3"]
[29716][1786669353999][requester][info]["ServiceWorker registration successful: ","{\"scriptURL\":\"https://desktop.postman.com/service-worker-d28108a50cc597d0.js\",\"state\":\"activated\"}"]
[29716][1786669354021][requester][info]["ServiceWorker~message: Received message: [object ExtendableMessageEvent]"]
[29716][1786669354610][requester][info]["ClientSecretScannerService~logScannerInitializationTime: Initialization time: 1374.5999999998603",{"context":{"api":"ClientSecretScannerService","domain":"product-trust"}}]
[29716][1786669354683][requester][info]["PackageResourceUsageInterface~constructor: Registering reaction to fetch resource usage on package addition or removal"]
[29716][1786669354794][requester][info]["AppUpdateNotifier~ Platform update found. New version - 12.23.2"]
[29716][1786669355012][requester][info]["ServiceWorkerManagement~preFetchAssetsForPlatformVersion: Triggering prefetch flow for ","12.23.2"]
[29716][1786669355016][requester][info]["ServiceWorkerManagement~preFetchAssetsForPlatformVersion: Sending message to service worker for URL - ","https://desktop.postman.com/?desktopVersion=12.23.2&userId=51092757&teamId=12425541&region=us"]
[29716][1786669355088][requester][info]["ServiceWorker~message: Received message: [object ExtendableMessageEvent]"]
[29716][1786669355610][requester][error]["HistorySettingsStore~hydrate: Error in hydrating workspace settings",{"error":{"name":"instanceNotFoundError","message":"We could not find the workspace you are looking for","details":{"model":"workspace","model_id":"057aa423-deb1-4f21-8ae0-c2d55832f386","owner":"51092757"}},"status":404,"headers":{}}]
[29716][1786669356113][requester][error]["AppUpdaterNotifier~App updater event~Update error",{"error":{"errno":-13,"code":"EACCES","syscall":"open","path":"/opt/postman/Postman-1786669354979.tar.gz","name":"Error","message":"EACCES: permission denied, open '/opt/postman/Postman-1786669354979.tar.gz'","stack":"Error: EACCES: permission denied, open '/opt/postman/Postman-1786669354979.tar.gz'"},"updateData":{"packageName":"Postman","eID":"Postman-1786669354979","downloadURL":"https://dl.pstmn.io/download/version/12.23.2/linux_64","downloadDirectory":"/opt/postman","downloadInfo":{"status":"DOWNLOAD_ERROR","error":{},"downloadDirectory":"/opt/postman"}}},{"context":{"api":"AppUpdateNotifier\\x7erenderer","domain":"web-platform"}}]
[29716][1786669356150][requester][error]["AppUpdateNotifier~Error in update flow",{"errno":-13,"code":"EACCES","syscall":"open","path":"/opt/postman/Postman-1786669354979.tar.gz","name":"Error","message":"EACCES: permission denied, open '/opt/postman/Postman-1786669354979.tar.gz'","stack":"Error: EACCES: permission denied, open '/opt/postman/Postman-1786669354979.tar.gz'"},{"context":{"api":"AppUpdateNotifier\\x7erenderer","domain":"web-platform","sessionId":29716,"origin":"requester","timestamp":1786669356115,"context":"AppUpdaterNotifier\\x7eApp updater event~Update error","message":"AppUpdaterNotifier\\x7eApp updater event~Update error","stack":"Error: AppUpdaterNotifier\\x7eApp updater event~Update error\n    at e.exports.log (https://desktop.postman.com/_ar-assets/vendors-b47dc2056e2d15ba.min.js:1:586003)\n    at a._write (https://desktop.postman.com/_ar-assets/vendors-b47dc2056e2d15ba.min.js:1228:546116)\n    at N (https://desktop.postman.com/_ar-assets/vendors-b47dc2056e2d15ba.min.js:1221:90061)\n    at j (https://desktop.postman.com/_ar-assets/vendors-b47dc2056e2d15ba.min.js:1221:89895)\n    at C.write (https://desktop.postman.com/_ar-assets/vendors-b47dc2056e2d15ba.min.js:1221:93127)\n    at s.h (https://desktop.postman.com/_ar-assets/vendors-b47dc2056e2d15ba.min.js:1221:375798)\n    at a.emit (https://desktop.postman.com/_ar-assets/vendors-b47dc2056e2d15ba.min.js:1221:759289)\n    at k (https://desktop.postman.com/_ar-assets/vendors-b47dc2056e2d15ba.min.js:1221:370106)\n    at _ (https://desktop.postman.com/_ar-assets/vendors-b47dc2056e2d15ba.min.js:1221:370012)\n    at A.push (https://desktop.postman.com/_ar-assets/vendors-b47dc2056e2d15ba.min.js:1221:370951)\n    at a.push (https://desktop.postman.com/_ar-assets/vendors-b47dc2056e2d15ba.min.js:1221:379642)\n    at s._transform (https://desktop.postman.com/_ar-assets/vendors-b47dc2056e2d15ba.min.js:3:8283)\n    at a._read (https://desktop.postman.com/_ar-assets/vendors-b47dc2056e2d15ba.min.js:1221:380118)\n    at a._write (https://desktop.postman.com/_ar-assets/vendors-b47dc2056e2d15ba.min.js:1221:379964)\n    at k (https://desktop.postman.com/_ar-assets/vendors-b47dc2056e2d15ba.min.js:1221:383096)\n    at _ (https://desktop.postman.com/_ar-assets/vendors-b47dc2056e2d15ba.min.js:1221:382968)\n    at v.write (https://desktop.postman.com/_ar-assets/vendors-b47dc2056e2d15ba.min.js:1221:386076)\n    at s.log (https://desktop.postman.com/_ar-assets/vendors-b47dc2056e2d15ba.min.js:3:7773)\n    at https://desktop.postman.com/_ar-assets/vendors-b47dc2056e2d15ba.min.js:1:582187\n    at Array.forEach (<anonymous>)\n    at a.log (https://desktop.postman.com/_ar-assets/vendors-b47dc2056e2d15ba.min.js:1:582173)\n    at https://desktop.postman.com/_ar-assets/vendors-b47dc2056e2d15ba.min.js:1:585192\n    at Array.forEach (<anonymous>)\n    at c._log (https://desktop.postman.com/_ar-assets/vendors-b47dc2056e2d15ba.min.js:1:585178)\n    at c.error (https://desktop.postman.com/_ar-assets/vendors-b47dc2056e2d15ba.min.js:1:585296)\n    at a.<anonymous> (https://desktop.postman.com/_ar-assets/requester-desktop-3e2336d60a41d7fb.min.js:3046:48881)\n    at a.emit (https://desktop.postman.com/_ar-assets/vendors-b47dc2056e2d15ba.min.js:1221:759346)\n    at p (https://desktop.postman.com/_ar-assets/requester-desktop-3e2336d60a41d7fb.min.js:2657:3836)\n    at IpcRenderer.<anonymous> (https://desktop.postman.com/_ar-assets/requester-desktop-3e2336d60a41d7fb.min.js:2657:3926)\n    at IpcRenderer.emit (node:events:519:28)\n    at Object.onMessage (node:electron/js2c/renderer_init:2:10679)"}}]
[29716][1786669356412][requester][info]["IPCAgentNew~_init: First subscribe to remote events",{"threadId":1}]
[29716][1786669356448][requester][info]["PackageLibraryMasterStore~deletePackagesDir: Deleted directory ./scriptPackageFiles"]
[29716][1786669356680][requester][info]["ServiceWorker~isHtmlResponseValid: isHtml - true, hasPostmanHeader - true, hasAppVersion - true"]
[29716][1786669357109][requester][info]["ServiceWorker~cleanupHtmlCache: start cleanup"]
[29716][1786669357140][requester][info]["ServiceWorker~cleanupHtmlCache: deleting https://desktop.postman.com/?desktopVersion=12.21.7&userId=51092757&teamId=12425541&region=us, https://desktop.postman.com/?desktopVersion=12.21.7&webVersion=12.21.7-ui-260730-1308&userId=51092757&teamId=12425541&region=us, https://desktop.postman.com/?desktopVersion=12.20.2&userId=51092757&teamId=12425541&region=us"]
[29716][1786669357147][requester][info]["ServiceWorker~cleanupHtmlCache: finished cleanup"]
[29716][1786669364552][requester][error]["Error while fetching extensions for workspaceId 057aa423-deb1-4f21-8ae0-c2d55832f386",{"name":"Error","message":"Cannot parse the response as json","stack":"Error: Cannot parse the response as json\n    at e.request (https://desktop.postman.com/_ar-assets/requester-desktop-3e2336d60a41d7fb.min.js:3801:23336)\n    at async i (https://desktop.postman.com/_ar-assets/LowPriorityTasksBundle-bfa1a8bf7508fe54.min.js:1:3894)\n    at async r (https://desktop.postman.com/_ar-assets/LowPriorityTasksBundle-bfa1a8bf7508fe54.min.js:1:2671)\n    at async i (https://desktop.postman.com/_ar-assets/requester-desktop-3e2336d60a41d7fb.min.js:174:60369)\n    at async https://desktop.postman.com/_ar-assets/requester-desktop-3e2336d60a41d7fb.min.js:174:60516\n    at async https://desktop.postman.com/_ar-assets/requester-desktop-3e2336d60a41d7fb.min.js:174:59453"}]
[29716][1786669364553][requester][error]["Error registering extensions",{"name":"Error","message":"Cannot parse the response as json","stack":"Error: Cannot parse the response as json\n    at e.request (https://desktop.postman.com/_ar-assets/requester-desktop-3e2336d60a41d7fb.min.js:3801:23336)\n    at async i (https://desktop.postman.com/_ar-assets/LowPriorityTasksBundle-bfa1a8bf7508fe54.min.js:1:3894)\n    at async r (https://desktop.postman.com/_ar-assets/LowPriorityTasksBundle-bfa1a8bf7508fe54.min.js:1:2671)\n    at async i (https://desktop.postman.com/_ar-assets/requester-desktop-3e2336d60a41d7fb.min.js:174:60369)\n    at async https://desktop.postman.com/_ar-assets/requester-desktop-3e2336d60a41d7fb.min.js:174:60516\n    at async https://desktop.postman.com/_ar-assets/requester-desktop-3e2336d60a41d7fb.min.js:174:59453"}]
[29716][1786669373229][requester][info]["ExecuteLowPriorityTasks~finished execution of low priority tasks"]
[29716][1786669373241][requester][info]["ServiceWorker~message: Received message: [object ExtendableMessageEvent]"]
[29716][1786669373296][requester][info]["ServiceWorker~prefetchOfflineAssets: all 17 URLs already cached, nothing to fetch"]
[29716][1786669582685][requester][info]["SyncManagerNew~_onDisconnect"]
[29716][1786669583005][requester][info]["SyncManagerNew~_onReconnectScheduled",7362,1]
[29716][1786669590337][requester][info]["SyncManagerNew~_onReconnectAttempt"]
[29716][1786669590342][requester][info]["SyncManagerNew~_onReconnecting",1]
[29716][1786669610348][requester][info]["SyncManagerNew~_onConnectError","timeout"]
[29716][1786669610349][requester][info]["SyncManagerNew~_onReconnectError","timeout"]
[29716][1786669610350][requester][info]["SyncManagerNew~_onConnectTimeout"]
[29716][1786669610352][requester][info]["SyncManagerNew~_onReconnectScheduled",18454,2]
[29716][1786669628804][requester][info]["SyncManagerNew~_onReconnectAttempt"]
[29716][1786669628805][requester][info]["SyncManagerNew~_onReconnecting",2]
[29716][1786669648816][requester][info]["SyncManagerNew~_onConnectError","timeout"]
[29716][1786669648822][requester][info]["SyncManagerNew~_onReconnectError","timeout"]
[29716][1786669648824][requester][info]["SyncManagerNew~_onConnectTimeout"]
[29716][1786669648832][requester][info]["SyncManagerNew~_onReconnectScheduled",46346,3]
[29716][1786669695169][requester][info]["SyncManagerNew~_onReconnectAttempt"]
[29716][1786669695170][requester][info]["SyncManagerNew~_onReconnecting",3]
[29716][1786669695895][requester][info]["SyncManagerNew~_onReconnect",3]
[29716][1786669695898][requester][info]["SyncManagerNew~_onConnect"]
[29716][1786669696005][requester][info]["SyncManagerNew~signIn",{}]
[29716][1786669696009][requester][info]["SyncTimelineHelper: Force stopping all timelines"]
[29716][1786669696009][requester][info]["BaseSyncTimeline~forceStop: Force stop user:51092757"]
[29716][1786669696076][requester][info]["BaseSyncTimeline~subscribe: Subscribing to real time changes for user:51092757"]
[29716][1786669696077][requester][info]["BaseSyncTimeline~_sync: Starting sync for user:51092757"]
[29716][1786669696077][requester][info]["BaseSyncTimeline~getPendingClientChanges: Starting to get pending changes for user:51092757"]
[29716][1786669696078][requester][info]["BaseSyncTimeline~getPendingClientChanges: Finished to get pending changes for user:51092757"]
[29716][1786669696079][requester][info]["BaseSyncTimeline~getPendingServerChanges: Starting /sync call for user:51092757"]
[29716][1786669696524][requester][info]["VariableSyncSettingsStore~fetchDataAndSubscribe: status 200, retry 0"]
[29716][1786669696652][requester][info]["EnvironmentSessionUpdate~updateDependentSession event","2dca063f-6053-49b6-8f60-43d1cef5d108",{"model":"collection","triggerSource":"collection-store-sync","workspaceMode":"Cloud","isFilesystemSession":false}]
[29716][1786669696653][requester][info]["VariableSessionController~update - event update","collection/2dca063f-6053-49b6-8f60-43d1cef5d108/057aa423-deb1-4f21-8ae0-c2d55832f386",{"triggerSource":"collection-store-sync"}]
[29716][1786669710754][requester][info]["BaseSyncTimeline~SyncFinishedObservable: Successful sync proceeding with integrity check and force sync for user:51092757"]
[29716][1786669710755][requester][info]["BaseSyncTimeline~_handleForceSync: Bailing out of force sync for user:51092757"]
[29716][1786669710896][requester][info]["EnvironmentSessionUpdate~updateDependentSession event","2dca063f-6053-49b6-8f60-43d1cef5d108",{"model":"collection","triggerSource":"collection-store-sync","workspaceMode":"Cloud","isFilesystemSession":false}]
[29716][1786669710898][requester][info]["VariableSessionController~update - event update","collection/2dca063f-6053-49b6-8f60-43d1cef5d108/057aa423-deb1-4f21-8ae0-c2d55832f386",{"triggerSource":"collection-store-sync"}]
[29716][1786670996284][requester][warn]["ActiveSessionService~getActiveSessions: Environment null not found."]
[29716][1786670996958][requester][warn]["CollectionStoreV2~findOne: Using collection model id instead of uid is deprecated. Please use uid instead."]
[29716][1786670998326][requester][warn]["ActiveSessionService~getActiveSessions: Environment null not found."]
[29716][1786672387694][requester][info]["AutosaveManager~subscribeToSettingsUpdates: Settings is initialised."]
[29716][1786672388606][requester][info]["EnvironmentSessionUpdate~updateDependentSession event","2dca063f-6053-49b6-8f60-43d1cef5d108",{"model":"collection","triggerSource":"collection-store-sync","workspaceMode":"Cloud","isFilesystemSession":false}]
[29716][1786672388609][requester][info]["VariableSessionController~update - event update","collection/2dca063f-6053-49b6-8f60-43d1cef5d108/057aa423-deb1-4f21-8ae0-c2d55832f386",{"triggerSource":"collection-store-sync"}]
[29716][1786672388613][requester][info]["EnvironmentSessionUpdate~updateDependentSession event","2dca063f-6053-49b6-8f60-43d1cef5d108",{"model":"collection","triggerSource":"collection-store-sync","workspaceMode":"Cloud","isFilesystemSession":false}]
[29716][1786672388613][requester][info]["VariableSessionController~update - event update","collection/2dca063f-6053-49b6-8f60-43d1cef5d108/057aa423-deb1-4f21-8ae0-c2d55832f386",{"triggerSource":"collection-store-sync"}]
[29716][1786672389653][requester][warn]["ActiveSessionService~getActiveSessions: Environment null not found."]
[29716][1786672390046][requester][info]["TypedRequestDefinitionStore~init: Instance count",1]
[29716][1786672394657][requester][info]["FileSystemCoreController.initializeScope","057aa423-deb1-4f21-8ae0-c2d55832f386-Cloud",null]
[29716][1786672399360][requester][info]["RealtimeSyncMessageService~publishRealtimeIncomingMessage: Message received workspace:broadcast Timeline in message: undefined:undefined"]
[29716][1786672399367][requester][info]["CollectionListingAPIAdapter: Adding to CollectionStoreV2",["51092757-2dca063f-6053-49b6-8f60-43d1cef5d108"]]
[29716][1786672405712][requester][info]["RealtimeSyncMessageService~publishRealtimeIncomingMessage: Message received workspace:broadcast Timeline in message: undefined:undefined"]
[29716][1786672405714][requester][info]["CollectionListingAPIAdapter: Adding to CollectionStoreV2",["51092757-2dca063f-6053-49b6-8f60-43d1cef5d108"]]
[29716][1786672407090][requester][info]["AutosaveManager~subscribeToSettingsUpdates: Settings is initialised."]
[29716][1786672407547][requester][info]["EnvironmentSessionUpdate~updateDependentSession event","2dca063f-6053-49b6-8f60-43d1cef5d108",{"model":"collection","triggerSource":"collection-store-sync","workspaceMode":"Cloud","isFilesystemSession":false}]
[29716][1786672407548][requester][info]["VariableSessionController~update - event update","collection/2dca063f-6053-49b6-8f60-43d1cef5d108/057aa423-deb1-4f21-8ae0-c2d55832f386",{"triggerSource":"collection-store-sync"}]
[29716][1786672407550][requester][info]["EnvironmentSessionUpdate~updateDependentSession event","2dca063f-6053-49b6-8f60-43d1cef5d108",{"model":"collection","triggerSource":"collection-store-sync","workspaceMode":"Cloud","isFilesystemSession":false}]
[29716][1786672407550][requester][info]["VariableSessionController~update - event update","collection/2dca063f-6053-49b6-8f60-43d1cef5d108/057aa423-deb1-4f21-8ae0-c2d55832f386",{"triggerSource":"collection-store-sync"}]
[29716][1786672408577][requester][warn]["ActiveSessionService~getActiveSessions: Environment null not found."]
[29716][1786672408668][requester][info]["TypedRequestDefinitionStore~init: Instance count",1]
[29716][1786672414379][requester][info]["RealtimeSyncMessageService~publishRealtimeIncomingMessage: Message received workspace:broadcast Timeline in message: undefined:undefined"]
[29716][1786672414380][requester][info]["CollectionListingAPIAdapter: Adding to CollectionStoreV2",["51092757-2dca063f-6053-49b6-8f60-43d1cef5d108"]]
[29716][1786672415902][requester][info]["AutosaveManager~subscribeToSettingsUpdates: Settings is initialised."]
[29716][1786672416461][requester][info]["EnvironmentSessionUpdate~updateDependentSession event","2dca063f-6053-49b6-8f60-43d1cef5d108",{"model":"collection","triggerSource":"collection-store-sync","workspaceMode":"Cloud","isFilesystemSession":false}]
[29716][1786672416462][requester][info]["VariableSessionController~update - event update","collection/2dca063f-6053-49b6-8f60-43d1cef5d108/057aa423-deb1-4f21-8ae0-c2d55832f386",{"triggerSource":"collection-store-sync"}]
[29716][1786672416464][requester][info]["EnvironmentSessionUpdate~updateDependentSession event","2dca063f-6053-49b6-8f60-43d1cef5d108",{"model":"collection","triggerSource":"collection-store-sync","workspaceMode":"Cloud","isFilesystemSession":false}]
[29716][1786672416465][requester][info]["VariableSessionController~update - event update","collection/2dca063f-6053-49b6-8f60-43d1cef5d108/057aa423-deb1-4f21-8ae0-c2d55832f386",{"triggerSource":"collection-store-sync"}]
[29716][1786672417495][requester][warn]["ActiveSessionService~getActiveSessions: Environment null not found."]
[29716][1786672417580][requester][info]["TypedRequestDefinitionStore~init: Instance count",1]
[29716][1786672428170][requester][info]["RealtimeSyncMessageService~publishRealtimeIncomingMessage: Message received workspace:broadcast Timeline in message: undefined:undefined"]
[29716][1786672428172][requester][info]["CollectionListingAPIAdapter: Adding to CollectionStoreV2",["51092757-2dca063f-6053-49b6-8f60-43d1cef5d108"]]
[29716][1786672429600][requester][info]["AutosaveManager~subscribeToSettingsUpdates: Settings is initialised."]
[29716][1786672430042][requester][info]["EnvironmentSessionUpdate~updateDependentSession event","2dca063f-6053-49b6-8f60-43d1cef5d108",{"model":"collection","triggerSource":"collection-store-sync","workspaceMode":"Cloud","isFilesystemSession":false}]
[29716][1786672430043][requester][info]["VariableSessionController~update - event update","collection/2dca063f-6053-49b6-8f60-43d1cef5d108/057aa423-deb1-4f21-8ae0-c2d55832f386",{"triggerSource":"collection-store-sync"}]
[29716][1786672430046][requester][info]["EnvironmentSessionUpdate~updateDependentSession event","2dca063f-6053-49b6-8f60-43d1cef5d108",{"model":"collection","triggerSource":"collection-store-sync","workspaceMode":"Cloud","isFilesystemSession":false}]
[29716][1786672430047][requester][info]["VariableSessionController~update - event update","collection/2dca063f-6053-49b6-8f60-43d1cef5d108/057aa423-deb1-4f21-8ae0-c2d55832f386",{"triggerSource":"collection-store-sync"}]
[29716][1786672431080][requester][warn]["ActiveSessionService~getActiveSessions: Environment null not found."]
[29716][1786672431195][requester][info]["TypedRequestDefinitionStore~init: Instance count",1]
[29716][1786672440783][requester][info]["RealtimeSyncMessageService~publishRealtimeIncomingMessage: Message received workspace:broadcast Timeline in message: undefined:undefined"]
[29716][1786672440784][requester][info]["CollectionListingAPIAdapter: Adding to CollectionStoreV2",["51092757-2dca063f-6053-49b6-8f60-43d1cef5d108"]]
[29716][1786672447152][requester][info]["RealtimeSyncMessageService~publishRealtimeIncomingMessage: Message received workspace:broadcast Timeline in message: undefined:undefined"]
[29716][1786672447153][requester][info]["CollectionListingAPIAdapter: Adding to CollectionStoreV2",["51092757-2dca063f-6053-49b6-8f60-43d1cef5d108"]]
[29716][1786672447660][requester][info]["AutosaveManager~subscribeToSettingsUpdates: Settings is initialised."]
[29716][1786672448338][requester][info]["EnvironmentSessionUpdate~updateDependentSession event","2dca063f-6053-49b6-8f60-43d1cef5d108",{"model":"collection","triggerSource":"collection-store-sync","workspaceMode":"Cloud","isFilesystemSession":false}]
[29716][1786672448339][requester][info]["VariableSessionController~update - event update","collection/2dca063f-6053-49b6-8f60-43d1cef5d108/057aa423-deb1-4f21-8ae0-c2d55832f386",{"triggerSource":"collection-store-sync"}]
[29716][1786672448341][requester][info]["EnvironmentSessionUpdate~updateDependentSession event","2dca063f-6053-49b6-8f60-43d1cef5d108",{"model":"collection","triggerSource":"collection-store-sync","workspaceMode":"Cloud","isFilesystemSession":false}]
[29716][1786672448342][requester][info]["VariableSessionController~update - event update","collection/2dca063f-6053-49b6-8f60-43d1cef5d108/057aa423-deb1-4f21-8ae0-c2d55832f386",{"triggerSource":"collection-store-sync"}]
[29716][1786672449525][requester][info]["TypedRequestDefinitionStore~init: Instance count",1]
[29716][1786672449639][requester][warn]["ActiveSessionService~getActiveSessions: Environment null not found."]
[29716][1786672467761][requester][info]["RealtimeSyncMessageService~publishRealtimeIncomingMessage: Message received workspace:broadcast Timeline in message: undefined:undefined"]
[29716][1786672467762][requester][info]["CollectionListingAPIAdapter: Adding to CollectionStoreV2",["51092757-2dca063f-6053-49b6-8f60-43d1cef5d108"]]
[29716][1786672472988][requester][warn]["ActiveSessionService~getActiveSessions: Environment null not found."]
[29716][1786672480020][requester][warn]["ActiveSessionService~getActiveSessions: Environment null not found."]
[29716][1786672486374][requester][info]["RealtimeSyncMessageService~publishRealtimeIncomingMessage: Message received workspace:broadcast Timeline in message: undefined:undefined"]
[29716][1786672486375][requester][info]["CollectionListingAPIAdapter: Adding to CollectionStoreV2",["51092757-2dca063f-6053-49b6-8f60-43d1cef5d108"]]
[29716][1786672497460][requester][warn]["ActiveSessionService~getActiveSessions: Environment null not found."]
[29716][1786672513709][requester][warn]["ActiveSessionService~getActiveSessions: Environment null not found."]
[29716][1786672514602][requester][warn]["ActiveSessionService~getActiveSessions: Environment null not found."]
[29716][1786672518018][requester][warn]["ActiveSessionService~getActiveSessions: Environment null not found."]
[29716][1786672524551][requester][warn]["ActiveSessionService~getActiveSessions: Environment null not found."]
[29716][1786672568706][requester][info]["[DockManager] focusPanel: \"environment\""]
[29716][1786672568707][requester][info]["[DockManager] activatePanelGroup: \"internal-dev-services\""]
[29716][1786672569595][requester][info]["RealtimeSyncMessageService~publishRealtimeIncomingMessage: Message received workspace:update_setting Timeline in message: workspace:057aa423-deb1-4f21-8ae0-c2d55832f386"]
[29716][1786672569636][requester][info]["RealtimeSyncMessageService~publishRealtimeIncomingMessage: Message received workspace:update_elements Timeline in message: workspace:057aa423-deb1-4f21-8ae0-c2d55832f386"]
[29716][1786672569640][requester][info]["RealtimeSyncMessageService~publishRealtimeIncomingMessage: Message received workspace:broadcast Timeline in message: undefined:undefined"]
[29716][1786672569641][requester][info]["EnvironmentListingAPIAdapter: Adding to EnvironmentStoreV2",["51092757-c40353bc-04cb-4505-95cb-3556d4dbe395"]]
[29716][1786672570560][requester][info]["IDB lifecycle: scope init","057aa423-deb1-4f21-8ae0-c2d55832f386","Cloud"]
[29716][1786672570667][requester][info]["EnvironmentSessionUpdate~updateDependentSession event","c40353bc-04cb-4505-95cb-3556d4dbe395",{"model":"environment","triggerSource":"fetch-create","workspaceMode":"Cloud","isFilesystemSession":false}]
[29716][1786672570668][requester][info]["VariableSessionController~update - event update","environment/c40353bc-04cb-4505-95cb-3556d4dbe395/057aa423-deb1-4f21-8ae0-c2d55832f386",{"triggerSource":"fetch-create"}]
[29716][1786672571213][requester][error]["StubViewModel~onVisible - error in didActivate hook",{"name":"TypeError","message":"Cannot set properties of null (setting 'isEditorActive')","stack":"TypeError: Cannot set properties of null (setting 'isEditorActive')\n    at E.didActivate (https://desktop.postman.com/_ar-assets/EnvironmentWorkbench-f59cd8c913d3428f.min.js:926:35782)\n    at v.onVisible (https://desktop.postman.com/_ar-assets/requester-desktop-3e2336d60a41d7fb.min.js:3148:151057)\n    at v._onActivate (https://desktop.postman.com/_ar-assets/requester-desktop-3e2336d60a41d7fb.min.js:3148:155883)\n    at v.enableActiveDeactivateHook (https://desktop.postman.com/_ar-assets/requester-desktop-3e2336d60a41d7fb.min.js:3148:157215)\n    at https://desktop.postman.com/_ar-assets/requester-desktop-3e2336d60a41d7fb.min.js:3148:156702\n    at tX (https://desktop.postman.com/_ar-assets/vendors-b47dc2056e2d15ba.min.js:1221:1333685)\n    at v.initializeContributions (https://desktop.postman.com/_ar-assets/requester-desktop-3e2336d60a41d7fb.min.js:3148:156340)\n    at https://desktop.postman.com/_ar-assets/requester-desktop-3e2336d60a41d7fb.min.js:3148:154286\n    at nrWrapper (https://desktop.postman.com/?desktopVersion=12.20.2&userId=51092757&teamId=12425541&region=us:6:17817)"}]
[29716][1786672571411][requester][info]["IDB lifecycle: hydration complete"]
[29716][1786672571425][requester][error]["AutosaveManager~queueActivity",{},{"context":{"api":"autosave-manager","domain":"runtime"}}]
[29716][1786672571434][requester][info]["AutosaveManager~subscribeToSettingsUpdates: Settings is initialised."]
[29716][1786672571908][requester][info]["EnvironmentSessionUpdate~updateDependentSession event","c40353bc-04cb-4505-95cb-3556d4dbe395",{"model":"environment","triggerSource":"realtime-import","workspaceMode":"Cloud","isFilesystemSession":false}]
[29716][1786672571909][requester][info]["VariableSessionController~update - event update","environment/c40353bc-04cb-4505-95cb-3556d4dbe395/057aa423-deb1-4f21-8ae0-c2d55832f386",{"triggerSource":"realtime-import"}]
[29716][1786672571923][requester][info]["IDB lifecycle: listing returned",2,"environments"]
[29716][1786672572406][requester][info]["IDB lifecycle: scope init complete"]
[29716][1786672576810][requester][info]["RealtimeSyncMessageService~publishRealtimeIncomingMessage: Message received workspace:broadcast Timeline in message: undefined:undefined"]
[29716][1786672576810][requester][info]["EnvironmentListingAPIAdapter: Adding to EnvironmentStoreV2",["51092757-c40353bc-04cb-4505-95cb-3556d4dbe395"]]
[29716][1786672584952][requester][info]["VariableSessionController~update - event update","environment/c40353bc-04cb-4505-95cb-3556d4dbe395/057aa423-deb1-4f21-8ae0-c2d55832f386",{"triggerSource":"workbench-edit"}]
[29716][1786672590600][requester][info]["VariableSessionController~update - event update","environment/c40353bc-04cb-4505-95cb-3556d4dbe395/057aa423-deb1-4f21-8ae0-c2d55832f386",{"triggerSource":"workbench-edit"}]
[29716][1786672599058][requester][error]["AutosaveManager~queueActivity",{},{"context":{"api":"autosave-manager","domain":"runtime"}}]
[29716][1786672599062][requester][info]["AutosaveManager~subscribeToSettingsUpdates: Settings is initialised."]
[29716][1786672599514][requester][error]["CollectionWorkbenchController~didCreate: Error while fetching collection meta",{"name":"TypeError","message":"Cannot destructure property 'id' of 'e.getParent(...)' as it is undefined.","stack":"TypeError: Cannot destructure property 'id' of 'e.getParent(...)' as it is undefined.\n    at https://desktop.postman.com/_ar-assets/CollectionWorkbench-a4975f68b15ebffc.min.js:2207:18924\n    at nrWrapper (https://desktop.postman.com/?desktopVersion=12.20.2&userId=51092757&teamId=12425541&region=us:6:17817)"}]
[29716][1786672639668][requester][warn]["ActiveSessionService~getActiveSessions: Environment null not found."]
[29716][1786672640614][requester][warn]["ActiveSessionService~getActiveSessions: Environment null not found."]
[29716][1786672643493][requester][warn]["ActiveSessionService~getActiveSessions: Environment null not found."]
[29716][1786672650131][requester][warn]["ActiveSessionService~getActiveSessions: Environment null not found."]
[29716][1786672653000][requester][warn]["ActiveSessionService~getActiveSessions: Environment null not found."]
[29716][1786672662107][requester][warn]["ActiveSessionService~getActiveSessions: Environment null not found."]
[29716][1786672667820][requester][info]["RealtimeSyncMessageService~publishRealtimeIncomingMessage: Message received workspace:broadcast Timeline in message: undefined:undefined"]
[29716][1786672667821][requester][info]["CollectionListingAPIAdapter: Adding to CollectionStoreV2",["51092757-2dca063f-6053-49b6-8f60-43d1cef5d108"]]
[29716][1786672669639][requester][info]["AutosaveManager~subscribeToSettingsUpdates: Settings is initialised."]
[29716][1786672670246][requester][info]["EnvironmentSessionUpdate~updateDependentSession event","2dca063f-6053-49b6-8f60-43d1cef5d108",{"model":"collection","triggerSource":"collection-store-sync","workspaceMode":"Cloud","isFilesystemSession":false}]
[29716][1786672670247][requester][info]["VariableSessionController~update - event update","collection/2dca063f-6053-49b6-8f60-43d1cef5d108/057aa423-deb1-4f21-8ae0-c2d55832f386",{"triggerSource":"collection-store-sync"}]
[29716][1786672670250][requester][info]["EnvironmentSessionUpdate~updateDependentSession event","2dca063f-6053-49b6-8f60-43d1cef5d108",{"model":"collection","triggerSource":"collection-store-sync","workspaceMode":"Cloud","isFilesystemSession":false}]
[29716][1786672670251][requester][info]["VariableSessionController~update - event update","collection/2dca063f-6053-49b6-8f60-43d1cef5d108/057aa423-deb1-4f21-8ae0-c2d55832f386",{"triggerSource":"collection-store-sync"}]
[29716][1786672671056][requester][info]["RealtimeSyncMessageService~publishRealtimeIncomingMessage: Message received workspace:broadcast Timeline in message: undefined:undefined"]
[29716][1786672671057][requester][info]["CollectionListingAPIAdapter: Adding to CollectionStoreV2",["51092757-2dca063f-6053-49b6-8f60-43d1cef5d108"]]
[29716][1786672672106][requester][warn]["ActiveSessionService~getActiveSessions: Environment null not found."]
[29716][1786672673002][requester][info]["TypedRequestDefinitionStore~init: Instance count",1]
[29716][1786672673344][requester][info]["AutosaveManager~subscribeToSettingsUpdates: Settings is initialised."]
[29716][1786672674522][requester][info]["EnvironmentSessionUpdate~updateDependentSession event","2dca063f-6053-49b6-8f60-43d1cef5d108",{"model":"collection","triggerSource":"collection-store-sync","workspaceMode":"Cloud","isFilesystemSession":false}]
[29716][1786672674522][requester][info]["VariableSessionController~update - event update","collection/2dca063f-6053-49b6-8f60-43d1cef5d108/057aa423-deb1-4f21-8ae0-c2d55832f386",{"triggerSource":"collection-store-sync"}]
[29716][1786672674529][requester][info]["EnvironmentSessionUpdate~updateDependentSession event","2dca063f-6053-49b6-8f60-43d1cef5d108",{"model":"collection","triggerSource":"collection-store-sync","workspaceMode":"Cloud","isFilesystemSession":false}]
[29716][1786672674530][requester][info]["VariableSessionController~update - event update","collection/2dca063f-6053-49b6-8f60-43d1cef5d108/057aa423-deb1-4f21-8ae0-c2d55832f386",{"triggerSource":"collection-store-sync"}]
[29716][1786672675019][requester][info]["TypedRequestDefinitionStore~destroy: Instance count",0]
[29716][1786672676239][requester][warn]["ActiveSessionService~getActiveSessions: Environment null not found."]
[29716][1786672676691][requester][info]["TypedRequestDefinitionStore~init: Instance count",1]
[29716][1786672698221][requester][info]["TypedRequestDefinitionStore~destroy: Instance count",0]
[29716][1786672699324][requester][info]["RealtimeSyncMessageService~publishRealtimeIncomingMessage: Message received workspace:broadcast Timeline in message: undefined:undefined"]
[29716][1786672699326][requester][info]["CollectionListingAPIAdapter: Adding to CollectionStoreV2",["51092757-2dca063f-6053-49b6-8f60-43d1cef5d108"]]
[29716][1786672702327][requester][info]["AutosaveManager~subscribeToSettingsUpdates: Settings is initialised."]
[29716][1786672703706][requester][info]["TypedRequestDefinitionStore~init: Instance count",1]
[29716][1786672703752][requester][warn]["ActiveSessionService~getActiveSessions: Environment null not found."]
[29716][1786672707165][requester][warn]["ActiveSessionService~getActiveSessions: Environment null not found."]
[29716][1786672713668][requester][warn]["ActiveSessionService~getActiveSessions: Environment null not found."]
[29716][1786672719733][requester][warn]["ActiveSessionService~getActiveSessions: Environment null not found."]
[29716][1786672730146][requester][info]["RealtimeSyncMessageService~publishRealtimeIncomingMessage: Message received workspace:broadcast Timeline in message: undefined:undefined"]
[29716][1786672730147][requester][info]["CollectionListingAPIAdapter: Adding to CollectionStoreV2",["51092757-2dca063f-6053-49b6-8f60-43d1cef5d108"]]
[29716][1786672742332][requester][warn]["ActiveSessionService~getActiveSessions: Environment null not found."]
[29716][1786672750846][requester][warn]["ActiveSessionService~getActiveSessions: Environment null not found."]
[29716][1786672756665][requester][warn]["ActiveSessionService~getActiveSessions: Environment null not found."]
[29716][1786672762536][requester][warn]["ActiveSessionService~getActiveSessions: Environment null not found."]
[29716][1786672767449][requester][info]["InlineAutocomplete~validateAutocompleteAccess: Not enabled in local settings"]
[29716][1786672768953][requester][warn]["ActiveSessionService~getActiveSessions: Environment null not found."]
[29716][1786672771522][requester][warn]["ActiveSessionService~getActiveSessions: Environment null not found."]
[29716][1786672773708][requester][warn]["ActiveSessionService~getActiveSessions: Environment null not found."]
[29716][1786672777097][requester][warn]["ActiveSessionService~getActiveSessions: Environment null not found."]
[29716][1786672808961][requester][warn]["ActiveSessionService~getActiveSessions: Environment null not found."]
[29716][1786672811935][requester][warn]["ActiveSessionService~getActiveSessions: Environment null not found."]
[29716][1786672814887][requester][warn]["ActiveSessionService~getActiveSessions: Environment null not found."]
[29716][1786672826997][requester][warn]["ActiveSessionService~getActiveSessions: Environment null not found."]
[29716][1786672829679][requester][warn]["ActiveSessionService~getActiveSessions: Environment null not found."]
[29716][1786672840112][requester][warn]["ActiveSessionService~getActiveSessions: Environment null not found."]
[29716][1786672842557][requester][warn]["ActiveSessionService~getActiveSessions: Environment null not found."]
[29716][1786672864634][requester][warn]["ActiveSessionService~getActiveSessions: Environment null not found."]
[29716][1786672866917][requester][warn]["ActiveSessionService~getActiveSessions: Environment null not found."]
[29716][1786672875535][requester][warn]["ActiveSessionService~getActiveSessions: Environment null not found."]
[29716][1786672877966][requester][warn]["ActiveSessionService~getActiveSessions: Environment null not found."]
[29716][1786672887843][requester][warn]["ActiveSessionService~getActiveSessions: Environment null not found."]
[29716][1786672893090][requester][warn]["ActiveSessionService~getActiveSessions: Environment null not found."]
[29716][1786672908685][requester][info]["VariableSessionController~update - event update","collection/2dca063f-6053-49b6-8f60-43d1cef5d108/057aa423-deb1-4f21-8ae0-c2d55832f386",{"triggerSource":"unknown"}]
[29716][1786672914671][requester][info]["VariableSessionController~update - event update","collection/2dca063f-6053-49b6-8f60-43d1cef5d108/057aa423-deb1-4f21-8ae0-c2d55832f386",{"triggerSource":"unknown"}]
[29716][1786672920646][requester][info]["VariableSessionController~update - event update","collection/2dca063f-6053-49b6-8f60-43d1cef5d108/057aa423-deb1-4f21-8ae0-c2d55832f386",{"triggerSource":"unknown"}]
[29716][1786672927428][requester][info]["VariableSessionController~update - event update","collection/2dca063f-6053-49b6-8f60-43d1cef5d108/057aa423-deb1-4f21-8ae0-c2d55832f386",{"triggerSource":"unknown"}]
[29716][1786672933260][requester][info]["VariableSessionController~update - event update","collection/2dca063f-6053-49b6-8f60-43d1cef5d108/057aa423-deb1-4f21-8ae0-c2d55832f386",{"triggerSource":"unknown"}]
[29716][1786672938107][requester][info]["VariableSessionController~update - event update","collection/2dca063f-6053-49b6-8f60-43d1cef5d108/057aa423-deb1-4f21-8ae0-c2d55832f386",{"triggerSource":"unknown"}]
[29716][1786672944090][requester][info]["VariableSessionController~update - event update","collection/2dca063f-6053-49b6-8f60-43d1cef5d108/057aa423-deb1-4f21-8ae0-c2d55832f386",{"triggerSource":"unknown"}]
[29716][1786672949772][requester][info]["VariableSessionController~update - event update","collection/2dca063f-6053-49b6-8f60-43d1cef5d108/057aa423-deb1-4f21-8ae0-c2d55832f386",{"triggerSource":"unknown"}]
[29716][1786672955783][requester][info]["VariableSessionController~update - event update","collection/2dca063f-6053-49b6-8f60-43d1cef5d108/057aa423-deb1-4f21-8ae0-c2d55832f386",{"triggerSource":"unknown"}]
[29716][1786672961694][requester][info]["VariableSessionController~update - event update","collection/2dca063f-6053-49b6-8f60-43d1cef5d108/057aa423-deb1-4f21-8ae0-c2d55832f386",{"triggerSource":"unknown"}]
[29716][1786672967668][requester][info]["VariableSessionController~update - event update","collection/2dca063f-6053-49b6-8f60-43d1cef5d108/057aa423-deb1-4f21-8ae0-c2d55832f386",{"triggerSource":"unknown"}]
[29716][1786672974873][requester][warn]["ActiveSessionService~getActiveSessions: Environment null not found."]
[29716][1786672976915][requester][warn]["ActiveSessionService~getActiveSessions: Environment null not found."]
[29716][1786672979613][requester][warn]["ActiveSessionService~getActiveSessions: Environment null not found."]
[29716][1786672980829][requester][warn]["ActiveSessionService~getActiveSessions: Environment null not found."]
[29716][1786672983815][requester][warn]["ActiveSessionService~getActiveSessions: Environment null not found."]
[29716][1786672987556][requester][warn]["ActiveSessionService~getActiveSessions: Environment null not found."]
[29716][1786672988954][requester][warn]["ActiveSessionService~getActiveSessions: Environment null not found."]
[29716][1786672992028][requester][warn]["ActiveSessionService~getActiveSessions: Environment null not found."]
[29716][1786673065647][requester][warn]["ActiveSessionService~getActiveSessions: Environment null not found."]
[29716][1786673070401][requester][warn]["ActiveSessionService~getActiveSessions: Environment null not found."]
[29716][1786673097236][requester][warn]["ActiveSessionService~getActiveSessions: Environment null not found."]
[29716][1786673097238][requester][warn]["CollectionStoreV2~findOne: Using collection model id instead of uid is deprecated. Please use uid instead."]
[29716][1786673098884][requester][warn]["ActiveSessionService~getActiveSessions: Environment null not found."]
[29716][1786673387207][requester][warn]["ActiveSessionService~getActiveSessions: Environment null not found."]
[29716][1786673387208][requester][warn]["CollectionStoreV2~findOne: Using collection model id instead of uid is deprecated. Please use uid instead."]
[29716][1786673389094][requester][warn]["ActiveSessionService~getActiveSessions: Environment null not found."]
[29716][1786673396517][requester][warn]["ActiveSessionService~getActiveSessions: Environment null not found."]
[29716][1786673396519][requester][warn]["CollectionStoreV2~findOne: Using collection model id instead of uid is deprecated. Please use uid instead."]
[29716][1786673398052][requester][warn]["ActiveSessionService~getActiveSessions: Environment null not found."]
[29716][1786673814046][requester][warn]["ActiveSessionService~getActiveSessions: Environment null not found."]
[29716][1786673814052][requester][warn]["CollectionStoreV2~findOne: Using collection model id instead of uid is deprecated. Please use uid instead."]
[29716][1786673815818][requester][warn]["ActiveSessionService~getActiveSessions: Environment null not found."]
[29716][1786673826476][requester][warn]["ActiveSessionService~getActiveSessions: Environment null not found."]
[29716][1786673835675][requester][warn]["ActiveSessionService~getActiveSessions: Environment null not found."]
[29716][1786673837955][requester][warn]["ActiveSessionService~getActiveSessions: Environment null not found."]
[29716][1786673869676][requester][warn]["ActiveSessionService~getActiveSessions: Environment null not found."]
[29716][1786673869677][requester][warn]["CollectionStoreV2~findOne: Using collection model id instead of uid is deprecated. Please use uid instead."]
[29716][1786673872874][requester][warn]["ActiveSessionService~getActiveSessions: Environment null not found."]
[29716][1786674149069][requester][warn]["ActiveSessionService~getActiveSessions: Environment null not found."]
[29716][1786674149075][requester][warn]["CollectionStoreV2~findOne: Using collection model id instead of uid is deprecated. Please use uid instead."]
[29716][1786674150984][requester][warn]["ActiveSessionService~getActiveSessions: Environment null not found."]
[29716][1786674171478][requester][warn]["ActiveSessionService~getActiveSessions: Environment null not found."]
[29716][1786674171479][requester][warn]["CollectionStoreV2~findOne: Using collection model id instead of uid is deprecated. Please use uid instead."]
[29716][1786674172692][requester][warn]["ActiveSessionService~getActiveSessions: Environment null not found."]
[29716][1786677273839][requester][info]["RealtimeSyncMessageService~publishRealtimeIncomingMessage: Message received workspace:broadcast Timeline in message: undefined:undefined"]
[29716][1786677273842][requester][info]["CollectionListingAPIAdapter: Adding to CollectionStoreV2",["51092757-2dca063f-6053-49b6-8f60-43d1cef5d108"]]
[29716][1786677279716][requester][info]["AutosaveManager~subscribeToSettingsUpdates: Settings is initialised."]
[29716][1786677281876][requester][info]["RealtimeSyncMessageService~publishRealtimeIncomingMessage: Message received workspace:broadcast Timeline in message: undefined:undefined"]
[29716][1786677281877][requester][info]["CollectionListingAPIAdapter: Adding to CollectionStoreV2",["51092757-2dca063f-6053-49b6-8f60-43d1cef5d108"]]
[29716][1786677284127][requester][warn]["ActiveSessionService~getActiveSessions: Environment null not found."]
[29716][1786677284337][requester][info]["EnvironmentSessionUpdate~updateDependentSession event","2dca063f-6053-49b6-8f60-43d1cef5d108",{"model":"collection","triggerSource":"collection-store-sync","workspaceMode":"Cloud","isFilesystemSession":false}]
[29716][1786677284339][requester][info]["VariableSessionController~update - event update","collection/2dca063f-6053-49b6-8f60-43d1cef5d108/057aa423-deb1-4f21-8ae0-c2d55832f386",{"triggerSource":"collection-store-sync"}]
[29716][1786677284342][requester][info]["EnvironmentSessionUpdate~updateDependentSession event","2dca063f-6053-49b6-8f60-43d1cef5d108",{"model":"collection","triggerSource":"collection-store-sync","workspaceMode":"Cloud","isFilesystemSession":false}]
[29716][1786677284344][requester][info]["VariableSessionController~update - event update","collection/2dca063f-6053-49b6-8f60-43d1cef5d108/057aa423-deb1-4f21-8ae0-c2d55832f386",{"triggerSource":"collection-store-sync"}]
[29716][1786677291777][requester][warn]["ActiveSessionService~getActiveSessions: Environment null not found."]
[29716][1786677292022][requester][info]["AutosaveManager~subscribeToSettingsUpdates: Settings is initialised."]
[29716][1786677292029][requester][info]["EnvironmentSessionUpdate~updateDependentSession event","2dca063f-6053-49b6-8f60-43d1cef5d108",{"model":"collection","triggerSource":"collection-store-sync","workspaceMode":"Cloud","isFilesystemSession":false}]
[29716][1786677292029][requester][info]["VariableSessionController~update - event update","collection/2dca063f-6053-49b6-8f60-43d1cef5d108/057aa423-deb1-4f21-8ae0-c2d55832f386",{"triggerSource":"collection-store-sync"}]
[29716][1786677292031][requester][info]["EnvironmentSessionUpdate~updateDependentSession event","2dca063f-6053-49b6-8f60-43d1cef5d108",{"model":"collection","triggerSource":"collection-store-sync","workspaceMode":"Cloud","isFilesystemSession":false}]
[29716][1786677292031][requester][info]["VariableSessionController~update - event update","collection/2dca063f-6053-49b6-8f60-43d1cef5d108/057aa423-deb1-4f21-8ae0-c2d55832f386",{"triggerSource":"collection-store-sync"}]
[29716][1786677293071][requester][error]["Availability~requestWorkbenchController",{"name":"TypeError","message":"Cannot read properties of null (reading 'collection')","stack":"TypeError: Cannot read properties of null (reading 'collection')\n    at https://desktop.postman.com/_ar-assets/RequestWorkbench-7b7ca4b1b8158328.min.js:1396:595\n    at nrWrapper (https://desktop.postman.com/?desktopVersion=12.20.2&userId=51092757&teamId=12425541&region=us:6:17817)"},{"context":{"api":"RequestFailedToLoad","domain":"runtime"},"type":"team","origin":"didCreate\\x7eloadRequest","workspaceId":"057aa423-deb1-4f21-8ae0-c2d55832f386","entityType":"request","entityId":"6e6df2d9-c3f7-4177-b854-39139de6c888","crash":true,"meta":{"domain":"engineering-foundation","category":"availability"}}]
[29716][1786677293145][requester][error]["RequestWorkbenchController~didCreate: Error in loading request",{"name":"TypeError","message":"Cannot read properties of null (reading 'collection')","stack":"TypeError: Cannot read properties of null (reading 'collection')\n    at https://desktop.postman.com/_ar-assets/RequestWorkbench-7b7ca4b1b8158328.min.js:1396:595\n    at nrWrapper (https://desktop.postman.com/?desktopVersion=12.20.2&userId=51092757&teamId=12425541&region=us:6:17817)"},{"context":{"api":"RequestFailedToLoad","domain":"runtime","sessionId":29716,"origin":"didCreate\\x7eloadRequest","timestamp":1786677293141,"context":"Availability\\x7erequestWorkbenchController","message":"Cannot read properties of null (reading 'collection')","stack":"TypeError: Cannot read properties of null (reading 'collection')\n    at https://desktop.postman.com/_ar-assets/RequestWorkbench-7b7ca4b1b8158328.min.js:1396:595\n    at nrWrapper (https://desktop.postman.com/?desktopVersion=12.20.2&userId=51092757&teamId=12425541&region=us:6:17817)","type":"team","workspaceId":"057aa423-deb1-4f21-8ae0-c2d55832f386","entityType":"request","entityId":"6e6df2d9-c3f7-4177-b854-39139de6c888","crash":true,"meta":"{\"domain\":\"engineering-foundation\",\"category\":\"availability\"}"},"type":"team","workspaceId":"057aa423-deb1-4f21-8ae0-c2d55832f386","entityType":"request","entityId":"6e6df2d9-c3f7-4177-b854-39139de6c888"}]
[29716][1786677293300][requester][info]["RealtimeSyncMessageService~publishRealtimeIncomingMessage: Message received workspace:broadcast Timeline in message: undefined:undefined"]
[29716][1786677293316][requester][info]["CollectionListingAPIAdapter: Adding to CollectionStoreV2",["51092757-2dca063f-6053-49b6-8f60-43d1cef5d108"]]
[29716][1786677293566][requester][info]["TypedRequestDefinitionStore~init: Instance count",1]
[29716][1786677294156][requester][error]["RequestStoreV2~findOnePopulatedFromSync: Error fetching request",{"status":404,"error":{"name":"instanceNotFoundError","message":"We could not find the request you are looking for","details":{"model":"request","model_id":"6e6df2d9-c3f7-4177-b854-39139de6c888","owner":"51092757"}}}]
[29716][1786677294164][requester][error]["TypedRequestDefinitionListStore~fetchItem: Error in fetching item",{"cause":{"status":404,"error":{"name":"instanceNotFoundError","message":"We could not find the request you are looking for","details":{"model":"request","model_id":"6e6df2d9-c3f7-4177-b854-39139de6c888","owner":"51092757"}}},"metadata":{"requestUID":"51092757-6e6df2d9-c3f7-4177-b854-39139de6c888"},"rootCause":{"status":404,"error":{"name":"instanceNotFoundError","message":"We could not find the request you are looking for","details":{"model":"request","model_id":"6e6df2d9-c3f7-4177-b854-39139de6c888","owner":"51092757"}}},"name":"Error","message":"Could not find request on sync","stack":"Error: Could not find request on sync\n    at P (https://desktop.postman.com/_ar-assets/requester-desktop-3e2336d60a41d7fb.min.js:3730:15446)\n    at async c.syncWithRequestFindOne (https://desktop.postman.com/_ar-assets/requester-desktop-3e2336d60a41d7fb.min.js:307:300737)\n    at async c.findOne (https://desktop.postman.com/_ar-assets/requester-desktop-3e2336d60a41d7fb.min.js:307:300036)\n    at async u (https://desktop.postman.com/_ar-assets/requester-desktop-3e2336d60a41d7fb.min.js:3730:18029)\n    at async v.init (https://desktop.postman.com/_ar-assets/requester-desktop-3e2336d60a41d7fb.min.js:3710:56251)\n    at async b.fetchItem (https://desktop.postman.com/_ar-assets/requester-desktop-3e2336d60a41d7fb.min.js:3710:49974)\n    at async d (https://desktop.postman.com/_ar-assets/requester-desktop-3e2336d60a41d7fb.min.js:3710:43163)"},{"context":{"api":"TypedRequestDefinitionListStore","domain":"api-builder"},"errMsg":"Could not find request on sync","errStack":"Error: Could not find request on sync\n    at P (https://desktop.postman.com/_ar-assets/requester-desktop-3e2336d60a41d7fb.min.js:3730:15446)\n    at async c.syncWithRequestFindOne (https://desktop.postman.com/_ar-assets/requester-desktop-3e2336d60a41d7fb.min.js:307:300737)\n    at async c.findOne (https://desktop.postman.com/_ar-assets/requester-desktop-3e2336d60a41d7fb.min.js:307:300036)\n    at async u (https://desktop.postman.com/_ar-assets/requester-desktop-3e2336d60a41d7fb.min.js:3730:18029)\n    at async v.init (https://desktop.postman.com/_ar-assets/requester-desktop-3e2336d60a41d7fb.min.js:3710:56251)\n    at async b.fetchItem (https://desktop.postman.com/_ar-assets/requester-desktop-3e2336d60a41d7fb.min.js:3710:49974)\n    at async d (https://desktop.postman.com/_ar-assets/requester-desktop-3e2336d60a41d7fb.min.js:3710:43163)","errLog":"{\"cause\":{\"status\":404,\"error\":{\"name\":\"instanceNotFoundError\",\"message\":\"We could not find the request you are looking for\",\"details\":{\"model\":\"request\",\"model_id\":\"6e6df2d9-c3f7-4177-b854-39139de6c888\",\"owner\":\"51092757\"}}},\"metadata\":{\"requestUID\":\"51092757-6e6df2d9-c3f7-4177-b854-39139de6c888\"},\"rootCause\":{\"status\":404,\"error\":{\"name\":\"instanceNotFoundError\",\"message\":\"We could not find the request you are looking for\",\"details\":{\"model\":\"request\",\"model_id\":\"6e6df2d9-c3f7-4177-b854-39139de6c888\",\"owner\":\"51092757\"}}}}","userId":"51092757","teamId":"12425541","teamName":"deen-a","isLoggedIn":true,"collectionId":"51092757-2dca063f-6053-49b6-8f60-43d1cef5d108","requestId":"51092757-6e6df2d9-c3f7-4177-b854-39139de6c888"}]
[29716][1786677301714][requester][warn]["ActiveSessionService~getActiveSessions: Environment null not found."]
[29716][1786677304222][requester][warn]["ActiveSessionService~getActiveSessions: Environment null not found."]
[29716][1786677307855][requester][error][{"_e":{"name":"Error","message":"","stack":"Error\n    at U (https://desktop.postman.com/_ar-assets/vendors-b47dc2056e2d15ba.min.js:1221:504585)\n    at new n (https://desktop.postman.com/_ar-assets/vendors-b47dc2056e2d15ba.min.js:1221:506278)\n    at er (https://desktop.postman.com/_ar-assets/vendors-b47dc2056e2d15ba.min.js:1221:506742)\n    at eq (https://desktop.postman.com/_ar-assets/vendors-b47dc2056e2d15ba.min.js:1221:510667)\n    at IDBRequest.<anonymous> (https://desktop.postman.com/_ar-assets/vendors-b47dc2056e2d15ba.min.js:1221:554190)\n    at IDBRequest.<anonymous> (https://desktop.postman.com/_ar-assets/vendors-b47dc2056e2d15ba.min.js:1221:512575)"},"name":"ConstraintError","message":"Key already exists in the object store.","inner":{"name":"ConstraintError","message":"Key already exists in the object store."},"stack":"ConstraintError: Key already exists in the object store.\n    at er (https://desktop.postman.com/_ar-assets/vendors-b47dc2056e2d15ba.min.js:1221:506742)\n    at eq (https://desktop.postman.com/_ar-assets/vendors-b47dc2056e2d15ba.min.js:1221:510667)\n    at IDBRequest.<anonymous> (https://desktop.postman.com/_ar-assets/vendors-b47dc2056e2d15ba.min.js:1221:554190)\n    at IDBRequest.<anonymous> (https://desktop.postman.com/_ar-assets/vendors-b47dc2056e2d15ba.min.js:1221:512575)"}]
[29716][1786677309931][requester][warn]["ActiveSessionService~getActiveSessions: Environment null not found."]
[29716][1786677341641][requester][info]["SyncManagerNew~_onDisconnect"]
[29716][1786677341729][requester][error]["i18n-sdk ~ missingKeyHandler",{"name":"Error","message":"","stack":"Error\n    at Object.error (https://desktop.postman.com/_ar-assets/requester-desktop-3e2336d60a41d7fb.min.js:3046:6549)\n    at Object.missingKeyHandler (https://desktop.postman.com/_ar-assets/requester-desktop-3e2336d60a41d7fb.min.js:94:2603)\n    at n (https://desktop.postman.com/_ar-assets/vendors-b47dc2056e2d15ba.min.js:5654:370293)\n    at N.translate (https://desktop.postman.com/_ar-assets/vendors-b47dc2056e2d15ba.min.js:5654:370790)\n    at ee.t (https://desktop.postman.com/_ar-assets/vendors-b47dc2056e2d15ba.min.js:5654:403719)\n    at ea (https://desktop.postman.com/_ar-assets/88569-4c94965cd14e0900.min.js:23:82870)\n    at Object.isDisabled (https://desktop.postman.com/_ar-assets/88569-4c94965cd14e0900.min.js:23:90371)\n    at R (https://desktop.postman.com/_ar-assets/88569-4c94965cd14e0900.min.js:23:79093)\n    at Array.map (<anonymous>)\n    at https://desktop.postman.com/_ar-assets/88569-4c94965cd14e0900.min.js:23:79936\n    at Array.map (<anonymous>)\n    at https://desktop.postman.com/_ar-assets/88569-4c94965cd14e0900.min.js:23:79845\n    at https://desktop.postman.com/_ar-assets/vendors-b47dc2056e2d15ba.min.js:1221:1280353\n    at https://desktop.postman.com/_ar-assets/vendors-b47dc2056e2d15ba.min.js:1221:1282306\n    at ex (https://desktop.postman.com/_ar-assets/vendors-b47dc2056e2d15ba.min.js:1221:1311838)\n    at e.track (https://desktop.postman.com/_ar-assets/vendors-b47dc2056e2d15ba.min.js:1221:1323110)\n    at https://desktop.postman.com/_ar-assets/vendors-b47dc2056e2d15ba.min.js:1221:1282283\n    at s (https://desktop.postman.com/_ar-assets/vendors-b47dc2056e2d15ba.min.js:1221:1282510)\n    at f (https://desktop.postman.com/_ar-assets/vendors-b47dc2056e2d15ba.min.js:1221:1282258)\n    at u (https://desktop.postman.com/_ar-assets/vendors-b47dc2056e2d15ba.min.js:1221:1280334)\n    at oA (https://desktop.postman.com/_ar-assets/vendors-b47dc2056e2d15ba.min.js:1221:1805189)\n    at ae (https://desktop.postman.com/_ar-assets/vendors-b47dc2056e2d15ba.min.js:1221:1814009)\n    at o9 (https://desktop.postman.com/_ar-assets/vendors-b47dc2056e2d15ba.min.js:1221:1813828)\n    at s (https://desktop.postman.com/_ar-assets/vendors-b47dc2056e2d15ba.min.js:1221:1854452)\n    at sE (https://desktop.postman.com/_ar-assets/vendors-b47dc2056e2d15ba.min.js:1221:1843971)\n    at s_ (https://desktop.postman.com/_ar-assets/vendors-b47dc2056e2d15ba.min.js:1221:1843896)\n    at sh (https://desktop.postman.com/_ar-assets/vendors-b47dc2056e2d15ba.min.js:1221:1840815)\n    at https://desktop.postman.com/_ar-assets/vendors-b47dc2056e2d15ba.min.js:1221:1792632\n    at t.unstable_runWithPriority (https://desktop.postman.com/_ar-assets/vendors-b47dc2056e2d15ba.min.js:1228:14862)\n    at iC (https://desktop.postman.com/_ar-assets/vendors-b47dc2056e2d15ba.min.js:1221:1792338)\n    at ij (https://desktop.postman.com/_ar-assets/vendors-b47dc2056e2d15ba.min.js:1221:1792578)\n    at iT (https://desktop.postman.com/_ar-assets/vendors-b47dc2056e2d15ba.min.js:1221:1792513)\n    at sg (https://desktop.postman.com/_ar-assets/vendors-b47dc2056e2d15ba.min.js:1221:1841199)\n    at te (https://desktop.postman.com/_ar-assets/vendors-b47dc2056e2d15ba.min.js:1221:1324593)\n    at tt (https://desktop.postman.com/_ar-assets/vendors-b47dc2056e2d15ba.min.js:1221:1324173)\n    at e1 (https://desktop.postman.com/_ar-assets/vendors-b47dc2056e2d15ba.min.js:1221:1320044)\n    at eP (https://desktop.postman.com/_ar-assets/vendors-b47dc2056e2d15ba.min.js:1221:1313649)\n    at eM (https://desktop.postman.com/_ar-assets/vendors-b47dc2056e2d15ba.min.js:1221:1313213)\n    at u.n (https://desktop.postman.com/_ar-assets/vendors-b47dc2056e2d15ba.min.js:1221:1313063)\n    at u.handleStatusChange (https://desktop.postman.com/_ar-assets/requester-desktop-3e2336d60a41d7fb.min.js:3148:127823)\n    at u.handleSyncStatusChange (https://desktop.postman.com/_ar-assets/requester-desktop-3e2336d60a41d7fb.min.js:3148:125758)\n    at t._next (https://desktop.postman.com/_ar-assets/requester-desktop-3e2336d60a41d7fb.min.js:3076:183577)\n    at t.__tryOrUnsub (https://desktop.postman.com/_ar-assets/vendors-b47dc2056e2d15ba.min.js:1229:19415)\n    at t.next (https://desktop.postman.com/_ar-assets/vendors-b47dc2056e2d15ba.min.js:1229:18614)\n    at t._next (https://desktop.postman.com/_ar-assets/vendors-b47dc2056e2d15ba.min.js:1229:17698)\n    at t.next (https://desktop.postman.com/_ar-assets/vendors-b47dc2056e2d15ba.min.js:1229:17369)\n    at t._next (https://desktop.postman.com/_ar-assets/vendors-b47dc2056e2d15ba.min.js:1229:50174)\n    at t.next (https://desktop.postman.com/_ar-assets/vendors-b47dc2056e2d15ba.min.js:1229:17369)\n    at t.notifyNext (https://desktop.postman.com/_ar-assets/vendors-b47dc2056e2d15ba.min.js:1229:25514)\n    at t._next (https://desktop.postman.com/_ar-assets/vendors-b47dc2056e2d15ba.min.js:1229:8726)"},{"lngs":["en-US"],"ns":"workspace-sidebar-core","key":"create_new_x.elements.document.offline_text","context":{"api":"i18n","domain":"ux-foundation"}}]
[29716][1786677341817][requester][error]["i18n-sdk ~ missingKeyHandler",{"name":"Error","message":"","stack":"Error\n    at Object.error (https://desktop.postman.com/_ar-assets/requester-desktop-3e2336d60a41d7fb.min.js:3046:6549)\n    at Object.missingKeyHandler (https://desktop.postman.com/_ar-assets/requester-desktop-3e2336d60a41d7fb.min.js:94:2603)\n    at n (https://desktop.postman.com/_ar-assets/vendors-b47dc2056e2d15ba.min.js:5654:370293)\n    at N.translate (https://desktop.postman.com/_ar-assets/vendors-b47dc2056e2d15ba.min.js:5654:370790)\n    at ee.t (https://desktop.postman.com/_ar-assets/vendors-b47dc2056e2d15ba.min.js:5654:403719)\n    at ea (https://desktop.postman.com/_ar-assets/88569-4c94965cd14e0900.min.js:23:82870)\n    at Object.isDisabled (https://desktop.postman.com/_ar-assets/88569-4c94965cd14e0900.min.js:23:90371)\n    at R (https://desktop.postman.com/_ar-assets/88569-4c94965cd14e0900.min.js:23:79146)\n    at Array.map (<anonymous>)\n    at https://desktop.postman.com/_ar-assets/88569-4c94965cd14e0900.min.js:23:79936\n    at Array.map (<anonymous>)\n    at https://desktop.postman.com/_ar-assets/88569-4c94965cd14e0900.min.js:23:79845\n    at https://desktop.postman.com/_ar-assets/vendors-b47dc2056e2d15ba.min.js:1221:1280353\n    at https://desktop.postman.com/_ar-assets/vendors-b47dc2056e2d15ba.min.js:1221:1282306\n    at ex (https://desktop.postman.com/_ar-assets/vendors-b47dc2056e2d15ba.min.js:1221:1311838)\n    at e.track (https://desktop.postman.com/_ar-assets/vendors-b47dc2056e2d15ba.min.js:1221:1323110)\n    at https://desktop.postman.com/_ar-assets/vendors-b47dc2056e2d15ba.min.js:1221:1282283\n    at s (https://desktop.postman.com/_ar-assets/vendors-b47dc2056e2d15ba.min.js:1221:1282510)\n    at f (https://desktop.postman.com/_ar-assets/vendors-b47dc2056e2d15ba.min.js:1221:1282258)\n    at u (https://desktop.postman.com/_ar-assets/vendors-b47dc2056e2d15ba.min.js:1221:1280334)\n    at oA (https://desktop.postman.com/_ar-assets/vendors-b47dc2056e2d15ba.min.js:1221:1805189)\n    at ae (https://desktop.postman.com/_ar-assets/vendors-b47dc2056e2d15ba.min.js:1221:1814009)\n    at o9 (https://desktop.postman.com/_ar-assets/vendors-b47dc2056e2d15ba.min.js:1221:1813828)\n    at s (https://desktop.postman.com/_ar-assets/vendors-b47dc2056e2d15ba.min.js:1221:1854452)\n    at sE (https://desktop.postman.com/_ar-assets/vendors-b47dc2056e2d15ba.min.js:1221:1843971)\n    at s_ (https://desktop.postman.com/_ar-assets/vendors-b47dc2056e2d15ba.min.js:1221:1843896)\n    at sh (https://desktop.postman.com/_ar-assets/vendors-b47dc2056e2d15ba.min.js:1221:1840815)\n    at https://desktop.postman.com/_ar-assets/vendors-b47dc2056e2d15ba.min.js:1221:1792632\n    at t.unstable_runWithPriority (https://desktop.postman.com/_ar-assets/vendors-b47dc2056e2d15ba.min.js:1228:14862)\n    at iC (https://desktop.postman.com/_ar-assets/vendors-b47dc2056e2d15ba.min.js:1221:1792338)\n    at ij (https://desktop.postman.com/_ar-assets/vendors-b47dc2056e2d15ba.min.js:1221:1792578)\n    at iT (https://desktop.postman.com/_ar-assets/vendors-b47dc2056e2d15ba.min.js:1221:1792513)\n    at sg (https://desktop.postman.com/_ar-assets/vendors-b47dc2056e2d15ba.min.js:1221:1841199)\n    at te (https://desktop.postman.com/_ar-assets/vendors-b47dc2056e2d15ba.min.js:1221:1324593)\n    at tt (https://desktop.postman.com/_ar-assets/vendors-b47dc2056e2d15ba.min.js:1221:1324173)\n    at e1 (https://desktop.postman.com/_ar-assets/vendors-b47dc2056e2d15ba.min.js:1221:1320044)\n    at eP (https://desktop.postman.com/_ar-assets/vendors-b47dc2056e2d15ba.min.js:1221:1313649)\n    at eM (https://desktop.postman.com/_ar-assets/vendors-b47dc2056e2d15ba.min.js:1221:1313213)\n    at u.n (https://desktop.postman.com/_ar-assets/vendors-b47dc2056e2d15ba.min.js:1221:1313063)\n    at u.handleStatusChange (https://desktop.postman.com/_ar-assets/requester-desktop-3e2336d60a41d7fb.min.js:3148:127823)\n    at u.handleSyncStatusChange (https://desktop.postman.com/_ar-assets/requester-desktop-3e2336d60a41d7fb.min.js:3148:125758)\n    at t._next (https://desktop.postman.com/_ar-assets/requester-desktop-3e2336d60a41d7fb.min.js:3076:183577)\n    at t.__tryOrUnsub (https://desktop.postman.com/_ar-assets/vendors-b47dc2056e2d15ba.min.js:1229:19415)\n    at t.next (https://desktop.postman.com/_ar-assets/vendors-b47dc2056e2d15ba.min.js:1229:18614)\n    at t._next (https://desktop.postman.com/_ar-assets/vendors-b47dc2056e2d15ba.min.js:1229:17698)\n    at t.next (https://desktop.postman.com/_ar-assets/vendors-b47dc2056e2d15ba.min.js:1229:17369)\n    at t._next (https://desktop.postman.com/_ar-assets/vendors-b47dc2056e2d15ba.min.js:1229:50174)\n    at t.next (https://desktop.postman.com/_ar-assets/vendors-b47dc2056e2d15ba.min.js:1229:17369)\n    at t.notifyNext (https://desktop.postman.com/_ar-assets/vendors-b47dc2056e2d15ba.min.js:1229:25514)\n    at t._next (https://desktop.postman.com/_ar-assets/vendors-b47dc2056e2d15ba.min.js:1229:8726)"},{"lngs":["en-US"],"ns":"workspace-sidebar-core","key":"create_new_x.elements.document.offline_text","context":{"api":"i18n","domain":"ux-foundation"}}]
[29716][1786677341821][requester][error]["i18n-sdk ~ missingKeyHandler",{"name":"Error","message":"","stack":"Error\n    at Object.error (https://desktop.postman.com/_ar-assets/requester-desktop-3e2336d60a41d7fb.min.js:3046:6549)\n    at Object.missingKeyHandler (https://desktop.postman.com/_ar-assets/requester-desktop-3e2336d60a41d7fb.min.js:94:2603)\n    at n (https://desktop.postman.com/_ar-assets/vendors-b47dc2056e2d15ba.min.js:5654:370293)\n    at N.translate (https://desktop.postman.com/_ar-assets/vendors-b47dc2056e2d15ba.min.js:5654:370790)\n    at ee.t (https://desktop.postman.com/_ar-assets/vendors-b47dc2056e2d15ba.min.js:5654:403719)\n    at ea (https://desktop.postman.com/_ar-assets/88569-4c94965cd14e0900.min.js:23:82870)\n    at Object.getDisabledReason (https://desktop.postman.com/_ar-assets/88569-4c94965cd14e0900.min.js:23:90417)\n    at R (https://desktop.postman.com/_ar-assets/88569-4c94965cd14e0900.min.js:23:79180)\n    at Array.map (<anonymous>)\n    at https://desktop.postman.com/_ar-assets/88569-4c94965cd14e0900.min.js:23:79936\n    at Array.map (<anonymous>)\n    at https://desktop.postman.com/_ar-assets/88569-4c94965cd14e0900.min.js:23:79845\n    at https://desktop.postman.com/_ar-assets/vendors-b47dc2056e2d15ba.min.js:1221:1280353\n    at https://desktop.postman.com/_ar-assets/vendors-b47dc2056e2d15ba.min.js:1221:1282306\n    at ex (https://desktop.postman.com/_ar-assets/vendors-b47dc2056e2d15ba.min.js:1221:1311838)\n    at e.track (https://desktop.postman.com/_ar-assets/vendors-b47dc2056e2d15ba.min.js:1221:1323110)\n    at https://desktop.postman.com/_ar-assets/vendors-b47dc2056e2d15ba.min.js:1221:1282283\n    at s (https://desktop.postman.com/_ar-assets/vendors-b47dc2056e2d15ba.min.js:1221:1282510)\n    at f (https://desktop.postman.com/_ar-assets/vendors-b47dc2056e2d15ba.min.js:1221:1282258)\n    at u (https://desktop.postman.com/_ar-assets/vendors-b47dc2056e2d15ba.min.js:1221:1280334)\n    at oA (https://desktop.postman.com/_ar-assets/vendors-b47dc2056e2d15ba.min.js:1221:1805189)\n    at ae (https://desktop.postman.com/_ar-assets/vendors-b47dc2056e2d15ba.min.js:1221:1814009)\n    at o9 (https://desktop.postman.com/_ar-assets/vendors-b47dc2056e2d15ba.min.js:1221:1813828)\n    at s (https://desktop.postman.com/_ar-assets/vendors-b47dc2056e2d15ba.min.js:1221:1854452)\n    at sE (https://desktop.postman.com/_ar-assets/vendors-b47dc2056e2d15ba.min.js:1221:1843971)\n    at s_ (https://desktop.postman.com/_ar-assets/vendors-b47dc2056e2d15ba.min.js:1221:1843896)\n    at sh (https://desktop.postman.com/_ar-assets/vendors-b47dc2056e2d15ba.min.js:1221:1840815)\n    at https://desktop.postman.com/_ar-assets/vendors-b47dc2056e2d15ba.min.js:1221:1792632\n    at t.unstable_runWithPriority (https://desktop.postman.com/_ar-assets/vendors-b47dc2056e2d15ba.min.js:1228:14862)\n    at iC (https://desktop.postman.com/_ar-assets/vendors-b47dc2056e2d15ba.min.js:1221:1792338)\n    at ij (https://desktop.postman.com/_ar-assets/vendors-b47dc2056e2d15ba.min.js:1221:1792578)\n    at iT (https://desktop.postman.com/_ar-assets/vendors-b47dc2056e2d15ba.min.js:1221:1792513)\n    at sg (https://desktop.postman.com/_ar-assets/vendors-b47dc2056e2d15ba.min.js:1221:1841199)\n    at te (https://desktop.postman.com/_ar-assets/vendors-b47dc2056e2d15ba.min.js:1221:1324593)\n    at tt (https://desktop.postman.com/_ar-assets/vendors-b47dc2056e2d15ba.min.js:1221:1324173)\n    at e1 (https://desktop.postman.com/_ar-assets/vendors-b47dc2056e2d15ba.min.js:1221:1320044)\n    at eP (https://desktop.postman.com/_ar-assets/vendors-b47dc2056e2d15ba.min.js:1221:1313649)\n    at eM (https://desktop.postman.com/_ar-assets/vendors-b47dc2056e2d15ba.min.js:1221:1313213)\n    at u.n (https://desktop.postman.com/_ar-assets/vendors-b47dc2056e2d15ba.min.js:1221:1313063)\n    at u.handleStatusChange (https://desktop.postman.com/_ar-assets/requester-desktop-3e2336d60a41d7fb.min.js:3148:127823)\n    at u.handleSyncStatusChange (https://desktop.postman.com/_ar-assets/requester-desktop-3e2336d60a41d7fb.min.js:3148:125758)\n    at t._next (https://desktop.postman.com/_ar-assets/requester-desktop-3e2336d60a41d7fb.min.js:3076:183577)\n    at t.__tryOrUnsub (https://desktop.postman.com/_ar-assets/vendors-b47dc2056e2d15ba.min.js:1229:19415)\n    at t.next (https://desktop.postman.com/_ar-assets/vendors-b47dc2056e2d15ba.min.js:1229:18614)\n    at t._next (https://desktop.postman.com/_ar-assets/vendors-b47dc2056e2d15ba.min.js:1229:17698)\n    at t.next (https://desktop.postman.com/_ar-assets/vendors-b47dc2056e2d15ba.min.js:1229:17369)\n    at t._next (https://desktop.postman.com/_ar-assets/vendors-b47dc2056e2d15ba.min.js:1229:50174)\n    at t.next (https://desktop.postman.com/_ar-assets/vendors-b47dc2056e2d15ba.min.js:1229:17369)\n    at t.notifyNext (https://desktop.postman.com/_ar-assets/vendors-b47dc2056e2d15ba.min.js:1229:25514)\n    at t._next (https://desktop.postman.com/_ar-assets/vendors-b47dc2056e2d15ba.min.js:1229:8726)"},{"lngs":["en-US"],"ns":"workspace-sidebar-core","key":"create_new_x.elements.document.offline_text","context":{"api":"i18n","domain":"ux-foundation"}}]
[29716][1786677342276][requester][info]["SyncManagerNew~_onReconnectScheduled",11592,1]
[29716][1786677342284][requester][warn]["NewRelicService~RecordCustomEvent: API request failed",{"name":"TypeError","message":"Failed to fetch","stack":"TypeError: Failed to fetch\n    at e.<computed> (https://desktop.postman.com/?desktopVersion=12.20.2&userId=51092757&teamId=12425541&region=us:6:19563)\n    at https://desktop.postman.com/_ar-assets/vendors-b47dc2056e2d15ba.min.js:1221:429\n    at f._onFinish (https://desktop.postman.com/_ar-assets/vendors-b47dc2056e2d15ba.min.js:1228:82276)\n    at e.exports.<anonymous> (https://desktop.postman.com/_ar-assets/vendors-b47dc2056e2d15ba.min.js:1228:81167)\n    at a.emit (https://desktop.postman.com/_ar-assets/vendors-b47dc2056e2d15ba.min.js:1221:759289)\n    at U (https://desktop.postman.com/_ar-assets/vendors-b47dc2056e2d15ba.min.js:1221:91807)\n    at P (https://desktop.postman.com/_ar-assets/vendors-b47dc2056e2d15ba.min.js:1221:90629)\n    at h.run (https://desktop.postman.com/_ar-assets/vendors-b47dc2056e2d15ba.min.js:1221:1715472)\n    at p (https://desktop.postman.com/_ar-assets/vendors-b47dc2056e2d15ba.min.js:1221:1715168)\n    at nrWrapper (https://desktop.postman.com/?desktopVersion=12.20.2&userId=51092757&teamId=12425541&region=us:6:17817)"}]
[29716][1786678415789][requester][warn]["NewRelicService~RecordCustomEvent: API request failed",{"name":"TypeError","message":"Failed to fetch","stack":"TypeError: Failed to fetch\n    at e.<computed> (https://desktop.postman.com/?desktopVersion=12.20.2&userId=51092757&teamId=12425541&region=us:6:19563)\n    at https://desktop.postman.com/_ar-assets/vendors-b47dc2056e2d15ba.min.js:1221:429\n    at f._onFinish (https://desktop.postman.com/_ar-assets/vendors-b47dc2056e2d15ba.min.js:1228:82276)\n    at e.exports.<anonymous> (https://desktop.postman.com/_ar-assets/vendors-b47dc2056e2d15ba.min.js:1228:81167)\n    at a.emit (https://desktop.postman.com/_ar-assets/vendors-b47dc2056e2d15ba.min.js:1221:759289)\n    at U (https://desktop.postman.com/_ar-assets/vendors-b47dc2056e2d15ba.min.js:1221:91807)\n    at P (https://desktop.postman.com/_ar-assets/vendors-b47dc2056e2d15ba.min.js:1221:90629)\n    at h.run (https://desktop.postman.com/_ar-assets/vendors-b47dc2056e2d15ba.min.js:1221:1715472)\n    at p (https://desktop.postman.com/_ar-assets/vendors-b47dc2056e2d15ba.min.js:1221:1715168)\n    at nrWrapper (https://desktop.postman.com/?desktopVersion=12.20.2&userId=51092757&teamId=12425541&region=us:6:17817)"}]
[29716][1786678415791][requester][warn]["NewRelicService~RecordCustomEvent: API request failed",{"name":"TypeError","message":"Failed to fetch","stack":"TypeError: Failed to fetch\n    at e.<computed> (https://desktop.postman.com/?desktopVersion=12.20.2&userId=51092757&teamId=12425541&region=us:6:19563)\n    at https://desktop.postman.com/_ar-assets/vendors-b47dc2056e2d15ba.min.js:1221:429\n    at f._onFinish (https://desktop.postman.com/_ar-assets/vendors-b47dc2056e2d15ba.min.js:1228:82276)\n    at e.exports.<anonymous> (https://desktop.postman.com/_ar-assets/vendors-b47dc2056e2d15ba.min.js:1228:81167)\n    at a.emit (https://desktop.postman.com/_ar-assets/vendors-b47dc2056e2d15ba.min.js:1221:759289)\n    at U (https://desktop.postman.com/_ar-assets/vendors-b47dc2056e2d15ba.min.js:1221:91807)\n    at P (https://desktop.postman.com/_ar-assets/vendors-b47dc2056e2d15ba.min.js:1221:90629)\n    at h.run (https://desktop.postman.com/_ar-assets/vendors-b47dc2056e2d15ba.min.js:1221:1715472)\n    at p (https://desktop.postman.com/_ar-assets/vendors-b47dc2056e2d15ba.min.js:1221:1715168)\n    at nrWrapper (https://desktop.postman.com/?desktopVersion=12.20.2&userId=51092757&teamId=12425541&region=us:6:17817)"}]
[29716][1786678415926][requester][info]["SyncManagerNew~_onReconnectAttempt"]
[29716][1786678415951][requester][info]["SyncManagerNew~_onReconnecting",1]
[29716][1786678416588][requester][info]["SyncManagerNew~_onConnectError",{"type":"TransportError","description":{"isTrusted":true},"name":"Error","message":"websocket error","stack":"Error: websocket error\n    at o.onError (https://desktop.postman.com/_ar-assets/vendors-b47dc2056e2d15ba.min.js:1221:669337)\n    at ws.onerror (https://desktop.postman.com/_ar-assets/vendors-b47dc2056e2d15ba.min.js:1221:681157)"}]
[29716][1786678416600][requester][info]["SyncManagerNew~_onReconnectError",{"type":"TransportError","description":{"isTrusted":true},"name":"Error","message":"websocket error","stack":"Error: websocket error\n    at o.onError (https://desktop.postman.com/_ar-assets/vendors-b47dc2056e2d15ba.min.js:1221:669337)\n    at ws.onerror (https://desktop.postman.com/_ar-assets/vendors-b47dc2056e2d15ba.min.js:1221:681157)"}]
[29716][1786678416641][requester][info]["SyncManagerNew~_onReconnectScheduled",25450,2]
[29716][1786678420063][requester][info]["[OriginScopedMCPManager] Manually resyncing connections",{"origin":"agent-mode"}]
[29716][1786678420065][requester][info]["[OriginScopedMCPManager] Syncing existing connections",{"origin":"agent-mode","serverCount":0}]
[29716][1786678420066][requester][info]["[OriginScopedMCPManager] No runtime state updates needed",{"origin":"agent-mode"}]
[29716][1786678420700][requester][warn]["[ai-actions] Prediction trigger failed:",{"name":"TypeError","message":"Failed to fetch","stack":"TypeError: Failed to fetch\n    at e.<computed> (https://desktop.postman.com/?desktopVersion=12.20.2&userId=51092757&teamId=12425541&region=us:6:19563)\n    at https://desktop.postman.com/_ar-assets/vendors-b47dc2056e2d15ba.min.js:1221:429\n    at h (https://desktop.postman.com/_ar-assets/WorkspaceDetailsPage-ece6d42f27125948.min.js:200:12538)\n    at https://desktop.postman.com/_ar-assets/ai-chat-dae96c1db55fa6af.min.js:68:33318"}]
[29716][1786678422078][requester][info]["SyncManagerNew~createSocket",{"forceConnect":true}]
[29716][1786678422949][requester][info]["SyncManagerNew~_onConnect"]
[29716][1786678423676][requester][info]["SyncManagerNew~signIn",{}]
[29716][1786678423699][requester][info]["SyncTimelineHelper: Force stopping all timelines"]
[29716][1786678423701][requester][info]["BaseSyncTimeline~forceStop: Force stop user:51092757"]
[29716][1786678424296][requester][info]["BaseSyncTimeline~subscribe: Subscribing to real time changes for user:51092757"]
[29716][1786678424298][requester][info]["BaseSyncTimeline~_sync: Starting sync for user:51092757"]
[29716][1786678424301][requester][info]["BaseSyncTimeline~getPendingClientChanges: Starting to get pending changes for user:51092757"]
[29716][1786678424308][requester][info]["BaseSyncTimeline~getPendingClientChanges: Finished to get pending changes for user:51092757"]
[29716][1786678424314][requester][info]["BaseSyncTimeline~getPendingServerChanges: Starting /sync call for user:51092757"]
[29716][1786678424373][requester][info]["VariableSyncSettingsStore~fetchDataAndSubscribe: status 200, retry 0"]
[29716][1786678424442][requester][info]["EnvironmentSessionUpdate~updateDependentSession event","2dca063f-6053-49b6-8f60-43d1cef5d108",{"model":"collection","triggerSource":"collection-store-sync","workspaceMode":"Cloud","isFilesystemSession":false}]
[29716][1786678424444][requester][info]["VariableSessionController~update - event update","collection/2dca063f-6053-49b6-8f60-43d1cef5d108/057aa423-deb1-4f21-8ae0-c2d55832f386",{"triggerSource":"collection-store-sync"}]
[29716][1786678424449][requester][info]["EnvironmentSessionUpdate~updateDependentSession event","2dca063f-6053-49b6-8f60-43d1cef5d108",{"model":"collection","triggerSource":"collection-store-sync","workspaceMode":"Cloud","isFilesystemSession":false}]
[29716][1786678424449][requester][info]["VariableSessionController~update - event update","collection/2dca063f-6053-49b6-8f60-43d1cef5d108/057aa423-deb1-4f21-8ae0-c2d55832f386",{"triggerSource":"collection-store-sync"}]
[29716][1786678424496][requester][info]["EnvironmentSessionUpdate~updateDependentSession event","2dca063f-6053-49b6-8f60-43d1cef5d108",{"model":"collection","triggerSource":"collection-store-sync","workspaceMode":"Cloud","isFilesystemSession":false}]
[29716][1786678424499][requester][info]["VariableSessionController~update - event update","collection/2dca063f-6053-49b6-8f60-43d1cef5d108/057aa423-deb1-4f21-8ae0-c2d55832f386",{"triggerSource":"collection-store-sync"}]
[29716][1786678424503][requester][info]["EnvironmentSessionUpdate~updateDependentSession event","2dca063f-6053-49b6-8f60-43d1cef5d108",{"model":"collection","triggerSource":"collection-store-sync","workspaceMode":"Cloud","isFilesystemSession":false}]
[29716][1786678424504][requester][info]["VariableSessionController~update - event update","collection/2dca063f-6053-49b6-8f60-43d1cef5d108/057aa423-deb1-4f21-8ae0-c2d55832f386",{"triggerSource":"collection-store-sync"}]
[29716][1786678424511][requester][info]["EnvironmentSessionUpdate~updateDependentSession event","2dca063f-6053-49b6-8f60-43d1cef5d108",{"model":"collection","triggerSource":"collection-store-sync","workspaceMode":"Cloud","isFilesystemSession":false}]
[29716][1786678424512][requester][info]["VariableSessionController~update - event update","collection/2dca063f-6053-49b6-8f60-43d1cef5d108/057aa423-deb1-4f21-8ae0-c2d55832f386",{"triggerSource":"collection-store-sync"}]
[29716][1786678424520][requester][info]["EnvironmentSessionUpdate~updateDependentSession event","2dca063f-6053-49b6-8f60-43d1cef5d108",{"model":"collection","triggerSource":"collection-store-sync","workspaceMode":"Cloud","isFilesystemSession":false}]
[29716][1786678424521][requester][info]["VariableSessionController~update - event update","collection/2dca063f-6053-49b6-8f60-43d1cef5d108/057aa423-deb1-4f21-8ae0-c2d55832f386",{"triggerSource":"collection-store-sync"}]
[29716][1786678424526][requester][info]["EnvironmentSessionUpdate~updateDependentSession event","2dca063f-6053-49b6-8f60-43d1cef5d108",{"model":"collection","triggerSource":"collection-store-sync","workspaceMode":"Cloud","isFilesystemSession":false}]
[29716][1786678424528][requester][info]["VariableSessionController~update - event update","collection/2dca063f-6053-49b6-8f60-43d1cef5d108/057aa423-deb1-4f21-8ae0-c2d55832f386",{"triggerSource":"collection-store-sync"}]
[29716][1786678424578][requester][info]["EnvironmentSessionUpdate~updateDependentSession event","2dca063f-6053-49b6-8f60-43d1cef5d108",{"model":"collection","triggerSource":"collection-store-sync","workspaceMode":"Cloud","isFilesystemSession":false}]
[29716][1786678424579][requester][info]["VariableSessionController~update - event update","collection/2dca063f-6053-49b6-8f60-43d1cef5d108/057aa423-deb1-4f21-8ae0-c2d55832f386",{"triggerSource":"collection-store-sync"}]
[29716][1786678424581][requester][info]["EnvironmentSessionUpdate~updateDependentSession event","2dca063f-6053-49b6-8f60-43d1cef5d108",{"model":"collection","triggerSource":"collection-store-sync","workspaceMode":"Cloud","isFilesystemSession":false}]
[29716][1786678424582][requester][info]["VariableSessionController~update - event update","collection/2dca063f-6053-49b6-8f60-43d1cef5d108/057aa423-deb1-4f21-8ae0-c2d55832f386",{"triggerSource":"collection-store-sync"}]
[29716][1786678424709][requester][info]["BaseSyncTimeline~SyncFinishedObservable: Successful sync proceeding with integrity check and force sync for user:51092757"]
[29716][1786678424710][requester][info]["BaseSyncTimeline~_handleForceSync: Bailing out of force sync for user:51092757"]
[29716][1786678424813][requester][info]["EnvironmentSessionUpdate~updateDependentSession event","c40353bc-04cb-4505-95cb-3556d4dbe395",{"model":"environment","triggerSource":"realtime-import","workspaceMode":"Cloud","isFilesystemSession":false}]
[29716][1786678424814][requester][info]["VariableSessionController~update - event update","environment/c40353bc-04cb-4505-95cb-3556d4dbe395/057aa423-deb1-4f21-8ae0-c2d55832f386",{"triggerSource":"realtime-import"}]
[29716][1786678481830][requester][info]["RealtimeSyncMessageService~publishRealtimeIncomingMessage: Message received workspace:broadcast Timeline in message: undefined:undefined"]
[29716][1786678481833][requester][info]["CollectionListingAPIAdapter: Adding to CollectionStoreV2",["51092757-2dca063f-6053-49b6-8f60-43d1cef5d108"]]
[29716][1786678489891][requester][info]["InlineAutocomplete~addAutocompleteEditorCommands: Added editor commands"]
[29716][1786678489893][requester][info]["Postbot~Inline autocomplete enabled locally"]
[29716][1786678490556][requester][info]["InlineAutocomplete~initAutocompleteStore: Autocomplete store initialized successfully"]
[29716][1786678557205][requester][info]["InlineAutocomplete~findMatchedTriggerId: Matched Trigger = NONE"]
[29716][1786678559312][requester][warn]["ActiveSessionService~getActiveSessions: Environment null not found."]
[29716][1786678561938][requester][info]["InlineAutocomplete~findMatchedTriggerId: Matched Trigger = NONE"]
[29716][1786678563225][requester][info]["InlineAutocomplete~findMatchedTriggerId: Matched Trigger = NONE"]
[29716][1786678563888][requester][info]["InlineAutocomplete~findMatchedTriggerId: Matched Trigger = Space"]
[29716][1786678563896][requester][error]["InlineAutocomplete~fetchCompletion: Internal error",{"name":"TypeError","message":"this.ts.createSourceFile is not a function","stack":"TypeError: this.ts.createSourceFile is not a function\n    at o.intersectingNodesWithRanges (https://desktop.postman.com/_ar-assets/requester-desktop-3e2336d60a41d7fb.min.js:1756:9599)\n    at async s.getContext (https://desktop.postman.com/_ar-assets/requester-desktop-3e2336d60a41d7fb.min.js:1756:12323)\n    at async f (https://desktop.postman.com/_ar-assets/RequestIntellisense-fc34c0a328eec752.min.js:1:41224)\n    at async Object.T [as getAIContext] (https://desktop.postman.com/_ar-assets/RequestIntellisense-fc34c0a328eec752.min.js:1:41531)\n    at async E.getRequestContext (https://desktop.postman.com/_ar-assets/TextEditorWithInlineAutocomplete-3041d038fb5c8f08.min.js:1:13053)\n    at async E.fireRequest (https://desktop.postman.com/_ar-assets/TextEditorWithInlineAutocomplete-3041d038fb5c8f08.min.js:1:13389)"},{"context":{"api":"InlineAutocomplete","domain":"Postbot"}}]
[29716][1786678564159][requester][info]["InlineAutocomplete~findMatchedTriggerId: Matched Trigger = NONE"]
[29716][1786678564413][requester][info]["InlineAutocomplete~findMatchedTriggerId: Matched Trigger = Space"]
[29716][1786678564415][requester][error]["InlineAutocomplete~fetchCompletion: Internal error",{"name":"TypeError","message":"this.ts.createSourceFile is not a function","stack":"TypeError: this.ts.createSourceFile is not a function\n    at o.intersectingNodesWithRanges (https://desktop.postman.com/_ar-assets/requester-desktop-3e2336d60a41d7fb.min.js:1756:9599)\n    at async s.getContext (https://desktop.postman.com/_ar-assets/requester-desktop-3e2336d60a41d7fb.min.js:1756:12323)\n    at async f (https://desktop.postman.com/_ar-assets/RequestIntellisense-fc34c0a328eec752.min.js:1:41224)\n    at async Object.T [as getAIContext] (https://desktop.postman.com/_ar-assets/RequestIntellisense-fc34c0a328eec752.min.js:1:41531)\n    at async E.getRequestContext (https://desktop.postman.com/_ar-assets/TextEditorWithInlineAutocomplete-3041d038fb5c8f08.min.js:1:13053)\n    at async E.fireRequest (https://desktop.postman.com/_ar-assets/TextEditorWithInlineAutocomplete-3041d038fb5c8f08.min.js:1:13389)"},{"context":{"api":"InlineAutocomplete","domain":"Postbot","sessionId":29716,"origin":"requester","timestamp":1786678563897,"context":"InlineAutocomplete\\x7efetchCompletion: Internal error","message":"this.ts.createSourceFile is not a function","stack":"TypeError: this.ts.createSourceFile is not a function\n    at o.intersectingNodesWithRanges (https://desktop.postman.com/_ar-assets/requester-desktop-3e2336d60a41d7fb.min.js:1756:9599)\n    at async s.getContext (https://desktop.postman.com/_ar-assets/requester-desktop-3e2336d60a41d7fb.min.js:1756:12323)\n    at async f (https://desktop.postman.com/_ar-assets/RequestIntellisense-fc34c0a328eec752.min.js:1:41224)\n    at async Object.T [as getAIContext] (https://desktop.postman.com/_ar-assets/RequestIntellisense-fc34c0a328eec752.min.js:1:41531)\n    at async E.getRequestContext (https://desktop.postman.com/_ar-assets/TextEditorWithInlineAutocomplete-3041d038fb5c8f08.min.js:1:13053)\n    at async E.fireRequest (https://desktop.postman.com/_ar-assets/TextEditorWithInlineAutocomplete-3041d038fb5c8f08.min.js:1:13389)"}}]
[29716][1786678565376][requester][info]["InlineAutocomplete~findMatchedTriggerId: Matched Trigger = NONE"]
[29716][1786678565959][requester][info]["InlineAutocomplete~findMatchedTriggerId: Matched Trigger = NONE"]
[29716][1786678566618][requester][warn]["ActiveSessionService~getActiveSessions: Environment null not found."]
[29716][1786678567007][requester][info]["InlineAutocomplete~findMatchedTriggerId: Matched Trigger = NONE"]
[29716][1786678567471][requester][info]["InlineAutocomplete~findMatchedTriggerId: Matched Trigger = NONE"]
[29716][1786678568193][requester][warn]["ActiveSessionService~getActiveSessions: Environment null not found."]
[29716][1786678599480][requester][info]["InlineAutocomplete~findMatchedTriggerId: Matched Trigger = NONE"]
[29716][1786678599817][requester][info]["InlineAutocomplete~findMatchedTriggerId: Matched Trigger = NONE"]
[29716][1786678600304][requester][info]["InlineAutocomplete~findMatchedTriggerId: Matched Trigger = NONE"]
[29716][1786678600714][requester][info]["InlineAutocomplete~findMatchedTriggerId: Matched Trigger = NONE"]
[29716][1786678601440][requester][warn]["ActiveSessionService~getActiveSessions: Environment null not found."]
[29716][1786678602604][requester][info]["InlineAutocomplete~findMatchedTriggerId: Matched Trigger = NONE"]
[29716][1786678603326][requester][warn]["ActiveSessionService~getActiveSessions: Environment null not found."]
[29716][1786678603957][requester][info]["InlineAutocomplete~findMatchedTriggerId: Matched Trigger = NONE"]
[29716][1786678604544][requester][info]["InlineAutocomplete~findMatchedTriggerId: Matched Trigger = NONE"]
[29716][1786678604788][requester][info]["InlineAutocomplete~findMatchedTriggerId: Matched Trigger = NONE"]
[29716][1786678606084][requester][info]["InlineAutocomplete~findMatchedTriggerId: Matched Trigger = NONE"]
[29716][1786678606846][requester][info]["InlineAutocomplete~findMatchedTriggerId: Matched Trigger = NONE"]
[29716][1786678607472][requester][info]["InlineAutocomplete~findMatchedTriggerId: Matched Trigger = NONE"]
[29716][1786678608192][requester][warn]["ActiveSessionService~getActiveSessions: Environment null not found."]
[29716][1786678609599][requester][info]["InlineAutocomplete~findMatchedTriggerId: Matched Trigger = NONE"]
[29716][1786678610327][requester][warn]["ActiveSessionService~getActiveSessions: Environment null not found."]
[29716][1786678619057][requester][info]["InlineAutocomplete~findMatchedTriggerId: Matched Trigger = NONE"]
[29716][1786678619457][requester][info]["InlineAutocomplete~findMatchedTriggerId: Matched Trigger = NONE"]
[29716][1786678619662][requester][info]["InlineAutocomplete~findMatchedTriggerId: Matched Trigger = NONE"]
[29716][1786678620101][requester][info]["InlineAutocomplete~findMatchedTriggerId: Matched Trigger = NONE"]
[29716][1786678620966][requester][info]["InlineAutocomplete~findMatchedTriggerId: Matched Trigger = NONE"]
[29716][1786678621256][requester][info]["InlineAutocomplete~findMatchedTriggerId: Matched Trigger = NONE"]
[29716][1786678621878][requester][info]["InlineAutocomplete~findMatchedTriggerId: Matched Trigger = NONE"]
[29716][1786678622466][requester][info]["InlineAutocomplete~findMatchedTriggerId: Matched Trigger = NONE"]
[29716][1786678623071][requester][info]["InlineAutocomplete~findMatchedTriggerId: Matched Trigger = NONE"]
[29716][1786678624108][requester][info]["InlineAutocomplete~findMatchedTriggerId: Matched Trigger = NONE"]
[29716][1786678624825][requester][warn]["ActiveSessionService~getActiveSessions: Environment null not found."]
[29716][1786678626831][requester][info]["InlineAutocomplete~findMatchedTriggerId: Matched Trigger = Empty Line"]
[29716][1786678626834][requester][error]["InlineAutocomplete~fetchCompletion: Internal error",{"name":"TypeError","message":"this.ts.createSourceFile is not a function","stack":"TypeError: this.ts.createSourceFile is not a function\n    at o.intersectingNodesWithRanges (https://desktop.postman.com/_ar-assets/requester-desktop-3e2336d60a41d7fb.min.js:1756:9599)\n    at async s.getContext (https://desktop.postman.com/_ar-assets/requester-desktop-3e2336d60a41d7fb.min.js:1756:12323)\n    at async f (https://desktop.postman.com/_ar-assets/RequestIntellisense-fc34c0a328eec752.min.js:1:41224)\n    at async Object.T [as getAIContext] (https://desktop.postman.com/_ar-assets/RequestIntellisense-fc34c0a328eec752.min.js:1:41531)\n    at async E.getRequestContext (https://desktop.postman.com/_ar-assets/TextEditorWithInlineAutocomplete-3041d038fb5c8f08.min.js:1:13053)\n    at async E.fireRequest (https://desktop.postman.com/_ar-assets/TextEditorWithInlineAutocomplete-3041d038fb5c8f08.min.js:1:13389)"},{"context":{"api":"InlineAutocomplete","domain":"Postbot","sessionId":29716,"origin":"requester","timestamp":1786678564416,"context":"InlineAutocomplete\\x7efetchCompletion: Internal error","message":"this.ts.createSourceFile is not a function","stack":"TypeError: this.ts.createSourceFile is not a function\n    at o.intersectingNodesWithRanges (https://desktop.postman.com/_ar-assets/requester-desktop-3e2336d60a41d7fb.min.js:1756:9599)\n    at async s.getContext (https://desktop.postman.com/_ar-assets/requester-desktop-3e2336d60a41d7fb.min.js:1756:12323)\n    at async f (https://desktop.postman.com/_ar-assets/RequestIntellisense-fc34c0a328eec752.min.js:1:41224)\n    at async Object.T [as getAIContext] (https://desktop.postman.com/_ar-assets/RequestIntellisense-fc34c0a328eec752.min.js:1:41531)\n    at async E.getRequestContext (https://desktop.postman.com/_ar-assets/TextEditorWithInlineAutocomplete-3041d038fb5c8f08.min.js:1:13053)\n    at async E.fireRequest (https://desktop.postman.com/_ar-assets/TextEditorWithInlineAutocomplete-3041d038fb5c8f08.min.js:1:13389)"}}]
[29716][1786678627557][requester][warn]["ActiveSessionService~getActiveSessions: Environment null not found."]
[29716][1786678647701][requester][info]["InlineAutocomplete~findMatchedTriggerId: Matched Trigger = Empty Line"]
[29716][1786678647703][requester][error]["InlineAutocomplete~fetchCompletion: Internal error",{"name":"TypeError","message":"this.ts.createSourceFile is not a function","stack":"TypeError: this.ts.createSourceFile is not a function\n    at o.intersectingNodesWithRanges (https://desktop.postman.com/_ar-assets/requester-desktop-3e2336d60a41d7fb.min.js:1756:9599)\n    at async s.getContext (https://desktop.postman.com/_ar-assets/requester-desktop-3e2336d60a41d7fb.min.js:1756:12323)\n    at async f (https://desktop.postman.com/_ar-assets/RequestIntellisense-fc34c0a328eec752.min.js:1:41224)\n    at async Object.T [as getAIContext] (https://desktop.postman.com/_ar-assets/RequestIntellisense-fc34c0a328eec752.min.js:1:41531)\n    at async E.getRequestContext (https://desktop.postman.com/_ar-assets/TextEditorWithInlineAutocomplete-3041d038fb5c8f08.min.js:1:13053)\n    at async E.fireRequest (https://desktop.postman.com/_ar-assets/TextEditorWithInlineAutocomplete-3041d038fb5c8f08.min.js:1:13389)"},{"context":{"api":"InlineAutocomplete","domain":"Postbot","sessionId":29716,"origin":"requester","timestamp":1786678626835,"context":"InlineAutocomplete\\x7efetchCompletion: Internal error","message":"this.ts.createSourceFile is not a function","stack":"TypeError: this.ts.createSourceFile is not a function\n    at o.intersectingNodesWithRanges (https://desktop.postman.com/_ar-assets/requester-desktop-3e2336d60a41d7fb.min.js:1756:9599)\n    at async s.getContext (https://desktop.postman.com/_ar-assets/requester-desktop-3e2336d60a41d7fb.min.js:1756:12323)\n    at async f (https://desktop.postman.com/_ar-assets/RequestIntellisense-fc34c0a328eec752.min.js:1:41224)\n    at async Object.T [as getAIContext] (https://desktop.postman.com/_ar-assets/RequestIntellisense-fc34c0a328eec752.min.js:1:41531)\n    at async E.getRequestContext (https://desktop.postman.com/_ar-assets/TextEditorWithInlineAutocomplete-3041d038fb5c8f08.min.js:1:13053)\n    at async E.fireRequest (https://desktop.postman.com/_ar-assets/TextEditorWithInlineAutocomplete-3041d038fb5c8f08.min.js:1:13389)"}}]
[29716][1786678648656][requester][info]["InlineAutocomplete~findMatchedTriggerId: Matched Trigger = Empty Line"]
[29716][1786678648659][requester][error]["InlineAutocomplete~fetchCompletion: Internal error",{"name":"TypeError","message":"this.ts.createSourceFile is not a function","stack":"TypeError: this.ts.createSourceFile is not a function\n    at o.intersectingNodesWithRanges (https://desktop.postman.com/_ar-assets/requester-desktop-3e2336d60a41d7fb.min.js:1756:9599)\n    at async s.getContext (https://desktop.postman.com/_ar-assets/requester-desktop-3e2336d60a41d7fb.min.js:1756:12323)\n    at async f (https://desktop.postman.com/_ar-assets/RequestIntellisense-fc34c0a328eec752.min.js:1:41224)\n    at async Object.T [as getAIContext] (https://desktop.postman.com/_ar-assets/RequestIntellisense-fc34c0a328eec752.min.js:1:41531)\n    at async E.getRequestContext (https://desktop.postman.com/_ar-assets/TextEditorWithInlineAutocomplete-3041d038fb5c8f08.min.js:1:13053)\n    at async E.fireRequest (https://desktop.postman.com/_ar-assets/TextEditorWithInlineAutocomplete-3041d038fb5c8f08.min.js:1:13389)"},{"context":{"api":"InlineAutocomplete","domain":"Postbot","sessionId":29716,"origin":"requester","timestamp":1786678647704,"context":"InlineAutocomplete\\x7efetchCompletion: Internal error","message":"this.ts.createSourceFile is not a function","stack":"TypeError: this.ts.createSourceFile is not a function\n    at o.intersectingNodesWithRanges (https://desktop.postman.com/_ar-assets/requester-desktop-3e2336d60a41d7fb.min.js:1756:9599)\n    at async s.getContext (https://desktop.postman.com/_ar-assets/requester-desktop-3e2336d60a41d7fb.min.js:1756:12323)\n    at async f (https://desktop.postman.com/_ar-assets/RequestIntellisense-fc34c0a328eec752.min.js:1:41224)\n    at async Object.T [as getAIContext] (https://desktop.postman.com/_ar-assets/RequestIntellisense-fc34c0a328eec752.min.js:1:41531)\n    at async E.getRequestContext (https://desktop.postman.com/_ar-assets/TextEditorWithInlineAutocomplete-3041d038fb5c8f08.min.js:1:13053)\n    at async E.fireRequest (https://desktop.postman.com/_ar-assets/TextEditorWithInlineAutocomplete-3041d038fb5c8f08.min.js:1:13389)"}}]
[29716][1786678649380][requester][warn]["ActiveSessionService~getActiveSessions: Environment null not found."]
[29716][1786678652952][requester][info]["InlineAutocomplete~findMatchedTriggerId: Matched Trigger = NONE"]
[29716][1786678653287][requester][info]["InlineAutocomplete~findMatchedTriggerId: Matched Trigger = NONE"]
[29716][1786678653590][requester][info]["InlineAutocomplete~findMatchedTriggerId: Matched Trigger = NONE"]
[29716][1786678654309][requester][info]["InlineAutocomplete~findMatchedTriggerId: Matched Trigger = NONE"]
[29716][1786678654866][requester][info]["InlineAutocomplete~findMatchedTriggerId: Matched Trigger = NONE"]
[29716][1786678655369][requester][info]["InlineAutocomplete~findMatchedTriggerId: Matched Trigger = NONE"]
[29716][1786678656176][requester][info]["InlineAutocomplete~findMatchedTriggerId: Matched Trigger = NONE"]
[29716][1786678656702][requester][info]["InlineAutocomplete~findMatchedTriggerId: Matched Trigger = NONE"]
[29716][1786678656946][requester][info]["InlineAutocomplete~findMatchedTriggerId: Matched Trigger = NONE"]
[29716][1786678657574][requester][warn]["ActiveSessionService~getActiveSessions: Environment null not found."]
[29716][1786678658064][requester][info]["InlineAutocomplete~findMatchedTriggerId: Matched Trigger = NONE"]
[29716][1786678658504][requester][info]["InlineAutocomplete~findMatchedTriggerId: Matched Trigger = NONE"]
[29716][1786678658742][requester][info]["InlineAutocomplete~findMatchedTriggerId: Matched Trigger = NONE"]
[29716][1786678659617][requester][info]["InlineAutocomplete~findMatchedTriggerId: Matched Trigger = NONE"]
[29716][1786678660365][requester][info]["InlineAutocomplete~findMatchedTriggerId: Matched Trigger = NONE"]
[29716][1786678661092][requester][warn]["ActiveSessionService~getActiveSessions: Environment null not found."]
[29716][1786678664720][requester][warn]["ActiveSessionService~getActiveSessions: Environment null not found."]
[29716][1786678664722][requester][warn]["CollectionStoreV2~findOne: Using collection model id instead of uid is deprecated. Please use uid instead."]
[29716][1786678665958][requester][warn]["ActiveSessionService~getActiveSessions: Environment null not found."]
[29716][1786678685577][requester][warn]["ActiveSessionService~getActiveSessions: Environment null not found."]
[29716][1786678685581][requester][warn]["CollectionStoreV2~findOne: Using collection model id instead of uid is deprecated. Please use uid instead."]
[29716][1786678687661][requester][warn]["ActiveSessionService~getActiveSessions: Environment null not found."]
[29716][1786678702029][requester][info]["InlineAutocomplete~addAutocompleteEditorCommands: Added editor commands"]
[29716][1786678702350][requester][info]["InlineAutocomplete~initAutocompleteStore: Autocomplete store initialized successfully"]
[29716][1786678716665][requester][warn]["ActiveSessionService~getActiveSessions: Environment null not found."]
[29716][1786678716666][requester][warn]["CollectionStoreV2~findOne: Using collection model id instead of uid is deprecated. Please use uid instead."]
[29716][1786678718258][requester][warn]["ActiveSessionService~getActiveSessions: Environment null not found."]
[29716][1786678725288][requester][warn]["ActiveSessionService~getActiveSessions: Environment null not found."]
[29716][1786678725289][requester][warn]["CollectionStoreV2~findOne: Using collection model id instead of uid is deprecated. Please use uid instead."]
[29716][1786678726700][requester][warn]["ActiveSessionService~getActiveSessions: Environment null not found."]
[29716][1786678796426][requester][warn]["ActiveSessionService~getActiveSessions: Environment null not found."]
[29716][1786678852228][requester][info]["InlineAutocomplete~addAutocompleteEditorCommands: Added editor commands"]
[29716][1786678852721][requester][info]["InlineAutocomplete~initAutocompleteStore: Autocomplete store initialized successfully"]
[29716][1786678903144][requester][info]["InlineAutocomplete~findMatchedTriggerId: Matched Trigger = NONE"]
[29716][1786678903403][requester][info]["InlineAutocomplete~findMatchedTriggerId: Matched Trigger = NONE"]
[29716][1786678903509][requester][info]["InlineAutocomplete~findMatchedTriggerId: Matched Trigger = pm.collectionVariables"]
[29716][1786678903543][requester][info]["InlineAutocomplete~handleInlineCompletionActive: Inline suggestion shown, not logging"]
[29716][1786678903551][requester][error]["InlineAutocomplete~fetchCompletion: Internal error",{"name":"TypeError","message":"this.ts.createSourceFile is not a function","stack":"TypeError: this.ts.createSourceFile is not a function\n    at o.intersectingNodesWithRanges (https://desktop.postman.com/_ar-assets/requester-desktop-3e2336d60a41d7fb.min.js:1756:9599)\n    at async s.getContext (https://desktop.postman.com/_ar-assets/requester-desktop-3e2336d60a41d7fb.min.js:1756:12323)\n    at async f (https://desktop.postman.com/_ar-assets/RequestIntellisense-fc34c0a328eec752.min.js:1:41224)\n    at async Object.T [as getAIContext] (https://desktop.postman.com/_ar-assets/RequestIntellisense-fc34c0a328eec752.min.js:1:41531)\n    at async E.getRequestContext (https://desktop.postman.com/_ar-assets/TextEditorWithInlineAutocomplete-3041d038fb5c8f08.min.js:1:13053)\n    at async E.fireRequest (https://desktop.postman.com/_ar-assets/TextEditorWithInlineAutocomplete-3041d038fb5c8f08.min.js:1:13389)"},{"context":{"api":"InlineAutocomplete","domain":"Postbot","sessionId":29716,"origin":"requester","timestamp":1786678648660,"context":"InlineAutocomplete\\x7efetchCompletion: Internal error","message":"this.ts.createSourceFile is not a function","stack":"TypeError: this.ts.createSourceFile is not a function\n    at o.intersectingNodesWithRanges (https://desktop.postman.com/_ar-assets/requester-desktop-3e2336d60a41d7fb.min.js:1756:9599)\n    at async s.getContext (https://desktop.postman.com/_ar-assets/requester-desktop-3e2336d60a41d7fb.min.js:1756:12323)\n    at async f (https://desktop.postman.com/_ar-assets/RequestIntellisense-fc34c0a328eec752.min.js:1:41224)\n    at async Object.T [as getAIContext] (https://desktop.postman.com/_ar-assets/RequestIntellisense-fc34c0a328eec752.min.js:1:41531)\n    at async E.getRequestContext (https://desktop.postman.com/_ar-assets/TextEditorWithInlineAutocomplete-3041d038fb5c8f08.min.js:1:13053)\n    at async E.fireRequest (https://desktop.postman.com/_ar-assets/TextEditorWithInlineAutocomplete-3041d038fb5c8f08.min.js:1:13389)"}}]
[29716][1786678903889][requester][info]["InlineAutocomplete~findMatchedTriggerId: Matched Trigger = pm.request"]
[29716][1786678903893][requester][info]["InlineAutocomplete~handleInlineCompletionActive: Inline suggestion shown, not logging"]
[29716][1786678903895][requester][error]["InlineAutocomplete~fetchCompletion: Internal error",{"name":"TypeError","message":"this.ts.createSourceFile is not a function","stack":"TypeError: this.ts.createSourceFile is not a function\n    at o.intersectingNodesWithRanges (https://desktop.postman.com/_ar-assets/requester-desktop-3e2336d60a41d7fb.min.js:1756:9599)\n    at async s.getContext (https://desktop.postman.com/_ar-assets/requester-desktop-3e2336d60a41d7fb.min.js:1756:12323)\n    at async f (https://desktop.postman.com/_ar-assets/RequestIntellisense-fc34c0a328eec752.min.js:1:41224)\n    at async Object.T [as getAIContext] (https://desktop.postman.com/_ar-assets/RequestIntellisense-fc34c0a328eec752.min.js:1:41531)\n    at async E.getRequestContext (https://desktop.postman.com/_ar-assets/TextEditorWithInlineAutocomplete-3041d038fb5c8f08.min.js:1:13053)\n    at async E.fireRequest (https://desktop.postman.com/_ar-assets/TextEditorWithInlineAutocomplete-3041d038fb5c8f08.min.js:1:13389)"},{"context":{"api":"InlineAutocomplete","domain":"Postbot","sessionId":29716,"origin":"requester","timestamp":1786678903552,"context":"InlineAutocomplete\\x7efetchCompletion: Internal error","message":"this.ts.createSourceFile is not a function","stack":"TypeError: this.ts.createSourceFile is not a function\n    at o.intersectingNodesWithRanges (https://desktop.postman.com/_ar-assets/requester-desktop-3e2336d60a41d7fb.min.js:1756:9599)\n    at async s.getContext (https://desktop.postman.com/_ar-assets/requester-desktop-3e2336d60a41d7fb.min.js:1756:12323)\n    at async f (https://desktop.postman.com/_ar-assets/RequestIntellisense-fc34c0a328eec752.min.js:1:41224)\n    at async Object.T [as getAIContext] (https://desktop.postman.com/_ar-assets/RequestIntellisense-fc34c0a328eec752.min.js:1:41531)\n    at async E.getRequestContext (https://desktop.postman.com/_ar-assets/TextEditorWithInlineAutocomplete-3041d038fb5c8f08.min.js:1:13053)\n    at async E.fireRequest (https://desktop.postman.com/_ar-assets/TextEditorWithInlineAutocomplete-3041d038fb5c8f08.min.js:1:13389)"}}]
[29716][1786678904121][requester][info]["InlineAutocomplete~findMatchedTriggerId: Matched Trigger = pm.response"]
[29716][1786678904126][requester][info]["InlineAutocomplete~handleInlineCompletionActive: Inline suggestion shown, not logging"]
[29716][1786678904128][requester][error]["InlineAutocomplete~fetchCompletion: Internal error",{"name":"TypeError","message":"this.ts.createSourceFile is not a function","stack":"TypeError: this.ts.createSourceFile is not a function\n    at o.intersectingNodesWithRanges (https://desktop.postman.com/_ar-assets/requester-desktop-3e2336d60a41d7fb.min.js:1756:9599)\n    at async s.getContext (https://desktop.postman.com/_ar-assets/requester-desktop-3e2336d60a41d7fb.min.js:1756:12323)\n    at async f (https://desktop.postman.com/_ar-assets/RequestIntellisense-fc34c0a328eec752.min.js:1:41224)\n    at async Object.T [as getAIContext] (https://desktop.postman.com/_ar-assets/RequestIntellisense-fc34c0a328eec752.min.js:1:41531)\n    at async E.getRequestContext (https://desktop.postman.com/_ar-assets/TextEditorWithInlineAutocomplete-3041d038fb5c8f08.min.js:1:13053)\n    at async E.fireRequest (https://desktop.postman.com/_ar-assets/TextEditorWithInlineAutocomplete-3041d038fb5c8f08.min.js:1:13389)"},{"context":{"api":"InlineAutocomplete","domain":"Postbot","sessionId":29716,"origin":"requester","timestamp":1786678903896,"context":"InlineAutocomplete\\x7efetchCompletion: Internal error","message":"this.ts.createSourceFile is not a function","stack":"TypeError: this.ts.createSourceFile is not a function\n    at o.intersectingNodesWithRanges (https://desktop.postman.com/_ar-assets/requester-desktop-3e2336d60a41d7fb.min.js:1756:9599)\n    at async s.getContext (https://desktop.postman.com/_ar-assets/requester-desktop-3e2336d60a41d7fb.min.js:1756:12323)\n    at async f (https://desktop.postman.com/_ar-assets/RequestIntellisense-fc34c0a328eec752.min.js:1:41224)\n    at async Object.T [as getAIContext] (https://desktop.postman.com/_ar-assets/RequestIntellisense-fc34c0a328eec752.min.js:1:41531)\n    at async E.getRequestContext (https://desktop.postman.com/_ar-assets/TextEditorWithInlineAutocomplete-3041d038fb5c8f08.min.js:1:13053)\n    at async E.fireRequest (https://desktop.postman.com/_ar-assets/TextEditorWithInlineAutocomplete-3041d038fb5c8f08.min.js:1:13389)"}}]
[29716][1786678904585][requester][info]["InlineAutocomplete~findMatchedTriggerId: Matched Trigger = pm.response"]
[29716][1786678904590][requester][info]["InlineAutocomplete~handleInlineCompletionActive: Inline suggestion shown, not logging"]
[29716][1786678904592][requester][error]["InlineAutocomplete~fetchCompletion: Internal error",{"name":"TypeError","message":"this.ts.createSourceFile is not a function","stack":"TypeError: this.ts.createSourceFile is not a function\n    at o.intersectingNodesWithRanges (https://desktop.postman.com/_ar-assets/requester-desktop-3e2336d60a41d7fb.min.js:1756:9599)\n    at async s.getContext (https://desktop.postman.com/_ar-assets/requester-desktop-3e2336d60a41d7fb.min.js:1756:12323)\n    at async f (https://desktop.postman.com/_ar-assets/RequestIntellisense-fc34c0a328eec752.min.js:1:41224)\n    at async Object.T [as getAIContext] (https://desktop.postman.com/_ar-assets/RequestIntellisense-fc34c0a328eec752.min.js:1:41531)\n    at async E.getRequestContext (https://desktop.postman.com/_ar-assets/TextEditorWithInlineAutocomplete-3041d038fb5c8f08.min.js:1:13053)\n    at async E.fireRequest (https://desktop.postman.com/_ar-assets/TextEditorWithInlineAutocomplete-3041d038fb5c8f08.min.js:1:13389)"},{"context":{"api":"InlineAutocomplete","domain":"Postbot","sessionId":29716,"origin":"requester","timestamp":1786678904129,"context":"InlineAutocomplete\\x7efetchCompletion: Internal error","message":"this.ts.createSourceFile is not a function","stack":"TypeError: this.ts.createSourceFile is not a function\n    at o.intersectingNodesWithRanges (https://desktop.postman.com/_ar-assets/requester-desktop-3e2336d60a41d7fb.min.js:1756:9599)\n    at async s.getContext (https://desktop.postman.com/_ar-assets/requester-desktop-3e2336d60a41d7fb.min.js:1756:12323)\n    at async f (https://desktop.postman.com/_ar-assets/RequestIntellisense-fc34c0a328eec752.min.js:1:41224)\n    at async Object.T [as getAIContext] (https://desktop.postman.com/_ar-assets/RequestIntellisense-fc34c0a328eec752.min.js:1:41531)\n    at async E.getRequestContext (https://desktop.postman.com/_ar-assets/TextEditorWithInlineAutocomplete-3041d038fb5c8f08.min.js:1:13053)\n    at async E.fireRequest (https://desktop.postman.com/_ar-assets/TextEditorWithInlineAutocomplete-3041d038fb5c8f08.min.js:1:13389)"}}]
[29716][1786678905023][requester][info]["InlineAutocomplete~findMatchedTriggerId: Matched Trigger = pm.response"]
[29716][1786678905026][requester][info]["InlineAutocomplete~handleInlineCompletionActive: Inline suggestion shown, not logging"]
[29716][1786678905028][requester][error]["InlineAutocomplete~fetchCompletion: Internal error",{"name":"TypeError","message":"this.ts.createSourceFile is not a function","stack":"TypeError: this.ts.createSourceFile is not a function\n    at o.intersectingNodesWithRanges (https://desktop.postman.com/_ar-assets/requester-desktop-3e2336d60a41d7fb.min.js:1756:9599)\n    at async s.getContext (https://desktop.postman.com/_ar-assets/requester-desktop-3e2336d60a41d7fb.min.js:1756:12323)\n    at async f (https://desktop.postman.com/_ar-assets/RequestIntellisense-fc34c0a328eec752.min.js:1:41224)\n    at async Object.T [as getAIContext] (https://desktop.postman.com/_ar-assets/RequestIntellisense-fc34c0a328eec752.min.js:1:41531)\n    at async E.getRequestContext (https://desktop.postman.com/_ar-assets/TextEditorWithInlineAutocomplete-3041d038fb5c8f08.min.js:1:13053)\n    at async E.fireRequest (https://desktop.postman.com/_ar-assets/TextEditorWithInlineAutocomplete-3041d038fb5c8f08.min.js:1:13389)"},{"context":{"api":"InlineAutocomplete","domain":"Postbot","sessionId":29716,"origin":"requester","timestamp":1786678904592,"context":"InlineAutocomplete\\x7efetchCompletion: Internal error","message":"this.ts.createSourceFile is not a function","stack":"TypeError: this.ts.createSourceFile is not a function\n    at o.intersectingNodesWithRanges (https://desktop.postman.com/_ar-assets/requester-desktop-3e2336d60a41d7fb.min.js:1756:9599)\n    at async s.getContext (https://desktop.postman.com/_ar-assets/requester-desktop-3e2336d60a41d7fb.min.js:1756:12323)\n    at async f (https://desktop.postman.com/_ar-assets/RequestIntellisense-fc34c0a328eec752.min.js:1:41224)\n    at async Object.T [as getAIContext] (https://desktop.postman.com/_ar-assets/RequestIntellisense-fc34c0a328eec752.min.js:1:41531)\n    at async E.getRequestContext (https://desktop.postman.com/_ar-assets/TextEditorWithInlineAutocomplete-3041d038fb5c8f08.min.js:1:13053)\n    at async E.fireRequest (https://desktop.postman.com/_ar-assets/TextEditorWithInlineAutocomplete-3041d038fb5c8f08.min.js:1:13389)"}}]
[29716][1786678905257][requester][info]["InlineAutocomplete~findMatchedTriggerId: Matched Trigger = pm.response"]
[29716][1786678905261][requester][info]["InlineAutocomplete~handleInlineCompletionActive: Inline suggestion shown, not logging"]
[29716][1786678905264][requester][error]["InlineAutocomplete~fetchCompletion: Internal error",{"name":"TypeError","message":"this.ts.createSourceFile is not a function","stack":"TypeError: this.ts.createSourceFile is not a function\n    at o.intersectingNodesWithRanges (https://desktop.postman.com/_ar-assets/requester-desktop-3e2336d60a41d7fb.min.js:1756:9599)\n    at async s.getContext (https://desktop.postman.com/_ar-assets/requester-desktop-3e2336d60a41d7fb.min.js:1756:12323)\n    at async f (https://desktop.postman.com/_ar-assets/RequestIntellisense-fc34c0a328eec752.min.js:1:41224)\n    at async Object.T [as getAIContext] (https://desktop.postman.com/_ar-assets/RequestIntellisense-fc34c0a328eec752.min.js:1:41531)\n    at async E.getRequestContext (https://desktop.postman.com/_ar-assets/TextEditorWithInlineAutocomplete-3041d038fb5c8f08.min.js:1:13053)\n    at async E.fireRequest (https://desktop.postman.com/_ar-assets/TextEditorWithInlineAutocomplete-3041d038fb5c8f08.min.js:1:13389)"},{"context":{"api":"InlineAutocomplete","domain":"Postbot","sessionId":29716,"origin":"requester","timestamp":1786678905029,"context":"InlineAutocomplete\\x7efetchCompletion: Internal error","message":"this.ts.createSourceFile is not a function","stack":"TypeError: this.ts.createSourceFile is not a function\n    at o.intersectingNodesWithRanges (https://desktop.postman.com/_ar-assets/requester-desktop-3e2336d60a41d7fb.min.js:1756:9599)\n    at async s.getContext (https://desktop.postman.com/_ar-assets/requester-desktop-3e2336d60a41d7fb.min.js:1756:12323)\n    at async f (https://desktop.postman.com/_ar-assets/RequestIntellisense-fc34c0a328eec752.min.js:1:41224)\n    at async Object.T [as getAIContext] (https://desktop.postman.com/_ar-assets/RequestIntellisense-fc34c0a328eec752.min.js:1:41531)\n    at async E.getRequestContext (https://desktop.postman.com/_ar-assets/TextEditorWithInlineAutocomplete-3041d038fb5c8f08.min.js:1:13053)\n    at async E.fireRequest (https://desktop.postman.com/_ar-assets/TextEditorWithInlineAutocomplete-3041d038fb5c8f08.min.js:1:13389)"}}]
[29716][1786678905385][requester][info]["InlineAutocomplete~findMatchedTriggerId: Matched Trigger = pm.response"]
[29716][1786678905390][requester][info]["InlineAutocomplete~handleInlineCompletionActive: Inline suggestion shown, not logging"]
[29716][1786678905392][requester][error]["InlineAutocomplete~fetchCompletion: Internal error",{"name":"TypeError","message":"this.ts.createSourceFile is not a function","stack":"TypeError: this.ts.createSourceFile is not a function\n    at o.intersectingNodesWithRanges (https://desktop.postman.com/_ar-assets/requester-desktop-3e2336d60a41d7fb.min.js:1756:9599)\n    at async s.getContext (https://desktop.postman.com/_ar-assets/requester-desktop-3e2336d60a41d7fb.min.js:1756:12323)\n    at async f (https://desktop.postman.com/_ar-assets/RequestIntellisense-fc34c0a328eec752.min.js:1:41224)\n    at async Object.T [as getAIContext] (https://desktop.postman.com/_ar-assets/RequestIntellisense-fc34c0a328eec752.min.js:1:41531)\n    at async E.getRequestContext (https://desktop.postman.com/_ar-assets/TextEditorWithInlineAutocomplete-3041d038fb5c8f08.min.js:1:13053)\n    at async E.fireRequest (https://desktop.postman.com/_ar-assets/TextEditorWithInlineAutocomplete-3041d038fb5c8f08.min.js:1:13389)"},{"context":{"api":"InlineAutocomplete","domain":"Postbot","sessionId":29716,"origin":"requester","timestamp":1786678905264,"context":"InlineAutocomplete\\x7efetchCompletion: Internal error","message":"this.ts.createSourceFile is not a function","stack":"TypeError: this.ts.createSourceFile is not a function\n    at o.intersectingNodesWithRanges (https://desktop.postman.com/_ar-assets/requester-desktop-3e2336d60a41d7fb.min.js:1756:9599)\n    at async s.getContext (https://desktop.postman.com/_ar-assets/requester-desktop-3e2336d60a41d7fb.min.js:1756:12323)\n    at async f (https://desktop.postman.com/_ar-assets/RequestIntellisense-fc34c0a328eec752.min.js:1:41224)\n    at async Object.T [as getAIContext] (https://desktop.postman.com/_ar-assets/RequestIntellisense-fc34c0a328eec752.min.js:1:41531)\n    at async E.getRequestContext (https://desktop.postman.com/_ar-assets/TextEditorWithInlineAutocomplete-3041d038fb5c8f08.min.js:1:13053)\n    at async E.fireRequest (https://desktop.postman.com/_ar-assets/TextEditorWithInlineAutocomplete-3041d038fb5c8f08.min.js:1:13389)"}}]
[29716][1786678905748][requester][info]["InlineAutocomplete~findMatchedTriggerId: Matched Trigger = NONE"]
[29716][1786678905750][requester][info]["InlineAutocomplete~handleInlineCompletionActive: Inline suggestion shown, not logging"]
[29716][1786678906594][requester][warn]["ActiveSessionService~getActiveSessions: Environment null not found."]
[29716][1786678917258][requester][info]["InlineAutocomplete~findMatchedTriggerId: Matched Trigger = NONE"]
[29716][1786678917941][requester][warn]["ActiveSessionService~getActiveSessions: Environment null not found."]
[29716][1786678923037][requester][info]["InlineAutocomplete~findMatchedTriggerId: Matched Trigger = NONE"]
[29716][1786678923764][requester][warn]["ActiveSessionService~getActiveSessions: Environment null not found."]
[29716][1786678930553][requester][info]["InlineAutocomplete~findMatchedTriggerId: Matched Trigger = NONE"]
[29716][1786678931270][requester][warn]["ActiveSessionService~getActiveSessions: Environment null not found."]
[29716][1786678934071][requester][info]["InlineAutocomplete~findMatchedTriggerId: Matched Trigger = NONE"]
[29716][1786678934789][requester][warn]["ActiveSessionService~getActiveSessions: Environment null not found."]
[29716][1786678937630][requester][info]["InlineAutocomplete~findMatchedTriggerId: Matched Trigger = NONE"]
[29716][1786678938227][requester][warn]["ActiveSessionService~getActiveSessions: Environment null not found."]
[29716][1786678953211][requester][warn]["ActiveSessionService~getActiveSessions: Environment null not found."]
[29716][1786678956666][requester][info]["InlineAutocomplete~findMatchedTriggerId: Matched Trigger = NONE"]
[29716][1786678957361][requester][warn]["ActiveSessionService~getActiveSessions: Environment null not found."]
[29716][1786678960557][requester][warn]["ActiveSessionService~getActiveSessions: Environment null not found."]
[29716][1786678960559][requester][warn]["CollectionStoreV2~findOne: Using collection model id instead of uid is deprecated. Please use uid instead."]
[29716][1786678962039][requester][warn]["ActiveSessionService~getActiveSessions: Environment null not found."]
[29716][1786678962336][requester][warn]["CollectionStoreV2~findOne: Using collection model id instead of uid is deprecated. Please use uid instead."]
[29716][1786678962338][requester][info]["VariableSessionController~update - event update","collection/2dca063f-6053-49b6-8f60-43d1cef5d108/057aa423-deb1-4f21-8ae0-c2d55832f386",{"triggerSource":"request-execution"}]
[29716][1786679002498][requester][warn]["ActiveSessionService~getActiveSessions: Environment null not found."]
[29716][1786679002500][requester][warn]["CollectionStoreV2~findOne: Using collection model id instead of uid is deprecated. Please use uid instead."]
[29716][1786679003361][requester][info]["RequestExecutionItemStore~done: Response completed before the request history was completed, waiting on request history creation."]
[29716][1786679003484][requester][warn]["ActiveSessionService~getActiveSessions: Environment null not found."]
[29716][1786679049700][requester][warn]["ActiveSessionService~getActiveSessions: Environment null not found."]
[29716][1786679050756][requester][warn]["ActiveSessionService~getActiveSessions: Environment null not found."]
[29716][1786679050758][requester][warn]["CollectionStoreV2~findOne: Using collection model id instead of uid is deprecated. Please use uid instead."]
[29716][1786679051594][requester][warn]["ActiveSessionService~getActiveSessions: Environment null not found."]
[29716][1786679061798][requester][warn]["ActiveSessionService~getActiveSessions: Environment null not found."]
[29716][1786679061799][requester][warn]["CollectionStoreV2~findOne: Using collection model id instead of uid is deprecated. Please use uid instead."]
[29716][1786679063371][requester][warn]["ActiveSessionService~getActiveSessions: Environment null not found."]
[29716][1786679087986][requester][info]["MasterCloudFileStore~deleteCloudFileDir: Deleted directory /home/shana/Postman/files/cloudFiles"]
[29716][1786679088801][requester][warn]["ActiveSessionService~getActiveSessions: Environment null not found."]
[29716][1786679090038][requester][warn]["ActiveSessionService~getActiveSessions: Environment null not found."]
[29716][1786679091236][requester][info]["InlineAutocomplete~addAutocompleteEditorCommands: Added editor commands"]
[29716][1786679091709][requester][info]["InlineAutocomplete~initAutocompleteStore: Autocomplete store initialized successfully"]
[29716][1786679093060][requester][info]["InlineAutocomplete~findMatchedTriggerId: Matched Trigger = NONE"]
[29716][1786679093745][requester][warn]["ActiveSessionService~getActiveSessions: Environment null not found."]
[29716][1786679249467][requester][info]["SyncManagerNew~_onDisconnect"]
[29716][1786679249649][requester][error]["i18n-sdk ~ missingKeyHandler",{"name":"Error","message":"","stack":"Error\n    at Object.error (https://desktop.postman.com/_ar-assets/requester-desktop-3e2336d60a41d7fb.min.js:3046:6549)\n    at Object.missingKeyHandler (https://desktop.postman.com/_ar-assets/requester-desktop-3e2336d60a41d7fb.min.js:94:2603)\n    at n (https://desktop.postman.com/_ar-assets/vendors-b47dc2056e2d15ba.min.js:5654:370293)\n    at N.translate (https://desktop.postman.com/_ar-assets/vendors-b47dc2056e2d15ba.min.js:5654:370790)\n    at ee.t (https://desktop.postman.com/_ar-assets/vendors-b47dc2056e2d15ba.min.js:5654:403719)\n    at ea (https://desktop.postman.com/_ar-assets/88569-4c94965cd14e0900.min.js:23:82870)\n    at Object.isDisabled (https://desktop.postman.com/_ar-assets/88569-4c94965cd14e0900.min.js:23:90371)\n    at R (https://desktop.postman.com/_ar-assets/88569-4c94965cd14e0900.min.js:23:79093)\n    at Array.map (<anonymous>)\n    at https://desktop.postman.com/_ar-assets/88569-4c94965cd14e0900.min.js:23:79936\n    at Array.map (<anonymous>)\n    at https://desktop.postman.com/_ar-assets/88569-4c94965cd14e0900.min.js:23:79845\n    at https://desktop.postman.com/_ar-assets/vendors-b47dc2056e2d15ba.min.js:1221:1280353\n    at https://desktop.postman.com/_ar-assets/vendors-b47dc2056e2d15ba.min.js:1221:1282306\n    at ex (https://desktop.postman.com/_ar-assets/vendors-b47dc2056e2d15ba.min.js:1221:1311838)\n    at e.track (https://desktop.postman.com/_ar-assets/vendors-b47dc2056e2d15ba.min.js:1221:1323110)\n    at https://desktop.postman.com/_ar-assets/vendors-b47dc2056e2d15ba.min.js:1221:1282283\n    at s (https://desktop.postman.com/_ar-assets/vendors-b47dc2056e2d15ba.min.js:1221:1282510)\n    at f (https://desktop.postman.com/_ar-assets/vendors-b47dc2056e2d15ba.min.js:1221:1282258)\n    at u (https://desktop.postman.com/_ar-assets/vendors-b47dc2056e2d15ba.min.js:1221:1280334)\n    at oA (https://desktop.postman.com/_ar-assets/vendors-b47dc2056e2d15ba.min.js:1221:1805189)\n    at ae (https://desktop.postman.com/_ar-assets/vendors-b47dc2056e2d15ba.min.js:1221:1814009)\n    at o9 (https://desktop.postman.com/_ar-assets/vendors-b47dc2056e2d15ba.min.js:1221:1813828)\n    at s (https://desktop.postman.com/_ar-assets/vendors-b47dc2056e2d15ba.min.js:1221:1854452)\n    at sE (https://desktop.postman.com/_ar-assets/vendors-b47dc2056e2d15ba.min.js:1221:1843971)\n    at s_ (https://desktop.postman.com/_ar-assets/vendors-b47dc2056e2d15ba.min.js:1221:1843896)\n    at sh (https://desktop.postman.com/_ar-assets/vendors-b47dc2056e2d15ba.min.js:1221:1840815)\n    at https://desktop.postman.com/_ar-assets/vendors-b47dc2056e2d15ba.min.js:1221:1792632\n    at t.unstable_runWithPriority (https://desktop.postman.com/_ar-assets/vendors-b47dc2056e2d15ba.min.js:1228:14862)\n    at iC (https://desktop.postman.com/_ar-assets/vendors-b47dc2056e2d15ba.min.js:1221:1792338)\n    at ij (https://desktop.postman.com/_ar-assets/vendors-b47dc2056e2d15ba.min.js:1221:1792578)\n    at iT (https://desktop.postman.com/_ar-assets/vendors-b47dc2056e2d15ba.min.js:1221:1792513)\n    at sg (https://desktop.postman.com/_ar-assets/vendors-b47dc2056e2d15ba.min.js:1221:1841199)\n    at te (https://desktop.postman.com/_ar-assets/vendors-b47dc2056e2d15ba.min.js:1221:1324593)\n    at tt (https://desktop.postman.com/_ar-assets/vendors-b47dc2056e2d15ba.min.js:1221:1324173)\n    at e1 (https://desktop.postman.com/_ar-assets/vendors-b47dc2056e2d15ba.min.js:1221:1320044)\n    at eP (https://desktop.postman.com/_ar-assets/vendors-b47dc2056e2d15ba.min.js:1221:1313649)\n    at eM (https://desktop.postman.com/_ar-assets/vendors-b47dc2056e2d15ba.min.js:1221:1313213)\n    at u.n (https://desktop.postman.com/_ar-assets/vendors-b47dc2056e2d15ba.min.js:1221:1313063)\n    at u.handleStatusChange (https://desktop.postman.com/_ar-assets/requester-desktop-3e2336d60a41d7fb.min.js:3148:127823)\n    at u.handleSyncStatusChange (https://desktop.postman.com/_ar-assets/requester-desktop-3e2336d60a41d7fb.min.js:3148:125758)\n    at t._next (https://desktop.postman.com/_ar-assets/requester-desktop-3e2336d60a41d7fb.min.js:3076:183577)\n    at t.__tryOrUnsub (https://desktop.postman.com/_ar-assets/vendors-b47dc2056e2d15ba.min.js:1229:19415)\n    at t.next (https://desktop.postman.com/_ar-assets/vendors-b47dc2056e2d15ba.min.js:1229:18614)\n    at t._next (https://desktop.postman.com/_ar-assets/vendors-b47dc2056e2d15ba.min.js:1229:17698)\n    at t.next (https://desktop.postman.com/_ar-assets/vendors-b47dc2056e2d15ba.min.js:1229:17369)\n    at t._next (https://desktop.postman.com/_ar-assets/vendors-b47dc2056e2d15ba.min.js:1229:50174)\n    at t.next (https://desktop.postman.com/_ar-assets/vendors-b47dc2056e2d15ba.min.js:1229:17369)\n    at t.notifyNext (https://desktop.postman.com/_ar-assets/vendors-b47dc2056e2d15ba.min.js:1229:25514)\n    at t._next (https://desktop.postman.com/_ar-assets/vendors-b47dc2056e2d15ba.min.js:1229:8726)"},{"lngs":["en-US"],"ns":"workspace-sidebar-core","key":"create_new_x.elements.document.offline_text","context":{"api":"i18n","domain":"ux-foundation"}}]
[29716][1786679249678][requester][error]["i18n-sdk ~ missingKeyHandler",{"name":"Error","message":"","stack":"Error\n    at Object.error (https://desktop.postman.com/_ar-assets/requester-desktop-3e2336d60a41d7fb.min.js:3046:6549)\n    at Object.missingKeyHandler (https://desktop.postman.com/_ar-assets/requester-desktop-3e2336d60a41d7fb.min.js:94:2603)\n    at n (https://desktop.postman.com/_ar-assets/vendors-b47dc2056e2d15ba.min.js:5654:370293)\n    at N.translate (https://desktop.postman.com/_ar-assets/vendors-b47dc2056e2d15ba.min.js:5654:370790)\n    at ee.t (https://desktop.postman.com/_ar-assets/vendors-b47dc2056e2d15ba.min.js:5654:403719)\n    at ea (https://desktop.postman.com/_ar-assets/88569-4c94965cd14e0900.min.js:23:82870)\n    at Object.isDisabled (https://desktop.postman.com/_ar-assets/88569-4c94965cd14e0900.min.js:23:90371)\n    at R (https://desktop.postman.com/_ar-assets/88569-4c94965cd14e0900.min.js:23:79146)\n    at Array.map (<anonymous>)\n    at https://desktop.postman.com/_ar-assets/88569-4c94965cd14e0900.min.js:23:79936\n    at Array.map (<anonymous>)\n    at https://desktop.postman.com/_ar-assets/88569-4c94965cd14e0900.min.js:23:79845\n    at https://desktop.postman.com/_ar-assets/vendors-b47dc2056e2d15ba.min.js:1221:1280353\n    at https://desktop.postman.com/_ar-assets/vendors-b47dc2056e2d15ba.min.js:1221:1282306\n    at ex (https://desktop.postman.com/_ar-assets/vendors-b47dc2056e2d15ba.min.js:1221:1311838)\n    at e.track (https://desktop.postman.com/_ar-assets/vendors-b47dc2056e2d15ba.min.js:1221:1323110)\n    at https://desktop.postman.com/_ar-assets/vendors-b47dc2056e2d15ba.min.js:1221:1282283\n    at s (https://desktop.postman.com/_ar-assets/vendors-b47dc2056e2d15ba.min.js:1221:1282510)\n    at f (https://desktop.postman.com/_ar-assets/vendors-b47dc2056e2d15ba.min.js:1221:1282258)\n    at u (https://desktop.postman.com/_ar-assets/vendors-b47dc2056e2d15ba.min.js:1221:1280334)\n    at oA (https://desktop.postman.com/_ar-assets/vendors-b47dc2056e2d15ba.min.js:1221:1805189)\n    at ae (https://desktop.postman.com/_ar-assets/vendors-b47dc2056e2d15ba.min.js:1221:1814009)\n    at o9 (https://desktop.postman.com/_ar-assets/vendors-b47dc2056e2d15ba.min.js:1221:1813828)\n    at s (https://desktop.postman.com/_ar-assets/vendors-b47dc2056e2d15ba.min.js:1221:1854452)\n    at sE (https://desktop.postman.com/_ar-assets/vendors-b47dc2056e2d15ba.min.js:1221:1843971)\n    at s_ (https://desktop.postman.com/_ar-assets/vendors-b47dc2056e2d15ba.min.js:1221:1843896)\n    at sh (https://desktop.postman.com/_ar-assets/vendors-b47dc2056e2d15ba.min.js:1221:1840815)\n    at https://desktop.postman.com/_ar-assets/vendors-b47dc2056e2d15ba.min.js:1221:1792632\n    at t.unstable_runWithPriority (https://desktop.postman.com/_ar-assets/vendors-b47dc2056e2d15ba.min.js:1228:14862)\n    at iC (https://desktop.postman.com/_ar-assets/vendors-b47dc2056e2d15ba.min.js:1221:1792338)\n    at ij (https://desktop.postman.com/_ar-assets/vendors-b47dc2056e2d15ba.min.js:1221:1792578)\n    at iT (https://desktop.postman.com/_ar-assets/vendors-b47dc2056e2d15ba.min.js:1221:1792513)\n    at sg (https://desktop.postman.com/_ar-assets/vendors-b47dc2056e2d15ba.min.js:1221:1841199)\n    at te (https://desktop.postman.com/_ar-assets/vendors-b47dc2056e2d15ba.min.js:1221:1324593)\n    at tt (https://desktop.postman.com/_ar-assets/vendors-b47dc2056e2d15ba.min.js:1221:1324173)\n    at e1 (https://desktop.postman.com/_ar-assets/vendors-b47dc2056e2d15ba.min.js:1221:1320044)\n    at eP (https://desktop.postman.com/_ar-assets/vendors-b47dc2056e2d15ba.min.js:1221:1313649)\n    at eM (https://desktop.postman.com/_ar-assets/vendors-b47dc2056e2d15ba.min.js:1221:1313213)\n    at u.n (https://desktop.postman.com/_ar-assets/vendors-b47dc2056e2d15ba.min.js:1221:1313063)\n    at u.handleStatusChange (https://desktop.postman.com/_ar-assets/requester-desktop-3e2336d60a41d7fb.min.js:3148:127823)\n    at u.handleSyncStatusChange (https://desktop.postman.com/_ar-assets/requester-desktop-3e2336d60a41d7fb.min.js:3148:125758)\n    at t._next (https://desktop.postman.com/_ar-assets/requester-desktop-3e2336d60a41d7fb.min.js:3076:183577)\n    at t.__tryOrUnsub (https://desktop.postman.com/_ar-assets/vendors-b47dc2056e2d15ba.min.js:1229:19415)\n    at t.next (https://desktop.postman.com/_ar-assets/vendors-b47dc2056e2d15ba.min.js:1229:18614)\n    at t._next (https://desktop.postman.com/_ar-assets/vendors-b47dc2056e2d15ba.min.js:1229:17698)\n    at t.next (https://desktop.postman.com/_ar-assets/vendors-b47dc2056e2d15ba.min.js:1229:17369)\n    at t._next (https://desktop.postman.com/_ar-assets/vendors-b47dc2056e2d15ba.min.js:1229:50174)\n    at t.next (https://desktop.postman.com/_ar-assets/vendors-b47dc2056e2d15ba.min.js:1229:17369)\n    at t.notifyNext (https://desktop.postman.com/_ar-assets/vendors-b47dc2056e2d15ba.min.js:1229:25514)\n    at t._next (https://desktop.postman.com/_ar-assets/vendors-b47dc2056e2d15ba.min.js:1229:8726)"},{"lngs":["en-US"],"ns":"workspace-sidebar-core","key":"create_new_x.elements.document.offline_text","context":{"api":"i18n","domain":"ux-foundation"}}]
[29716][1786679249685][requester][error]["i18n-sdk ~ missingKeyHandler",{"name":"Error","message":"","stack":"Error\n    at Object.error (https://desktop.postman.com/_ar-assets/requester-desktop-3e2336d60a41d7fb.min.js:3046:6549)\n    at Object.missingKeyHandler (https://desktop.postman.com/_ar-assets/requester-desktop-3e2336d60a41d7fb.min.js:94:2603)\n    at n (https://desktop.postman.com/_ar-assets/vendors-b47dc2056e2d15ba.min.js:5654:370293)\n    at N.translate (https://desktop.postman.com/_ar-assets/vendors-b47dc2056e2d15ba.min.js:5654:370790)\n    at ee.t (https://desktop.postman.com/_ar-assets/vendors-b47dc2056e2d15ba.min.js:5654:403719)\n    at ea (https://desktop.postman.com/_ar-assets/88569-4c94965cd14e0900.min.js:23:82870)\n    at Object.getDisabledReason (https://desktop.postman.com/_ar-assets/88569-4c94965cd14e0900.min.js:23:90417)\n    at R (https://desktop.postman.com/_ar-assets/88569-4c94965cd14e0900.min.js:23:79180)\n    at Array.map (<anonymous>)\n    at https://desktop.postman.com/_ar-assets/88569-4c94965cd14e0900.min.js:23:79936\n    at Array.map (<anonymous>)\n    at https://desktop.postman.com/_ar-assets/88569-4c94965cd14e0900.min.js:23:79845\n    at https://desktop.postman.com/_ar-assets/vendors-b47dc2056e2d15ba.min.js:1221:1280353\n    at https://desktop.postman.com/_ar-assets/vendors-b47dc2056e2d15ba.min.js:1221:1282306\n    at ex (https://desktop.postman.com/_ar-assets/vendors-b47dc2056e2d15ba.min.js:1221:1311838)\n    at e.track (https://desktop.postman.com/_ar-assets/vendors-b47dc2056e2d15ba.min.js:1221:1323110)\n    at https://desktop.postman.com/_ar-assets/vendors-b47dc2056e2d15ba.min.js:1221:1282283\n    at s (https://desktop.postman.com/_ar-assets/vendors-b47dc2056e2d15ba.min.js:1221:1282510)\n    at f (https://desktop.postman.com/_ar-assets/vendors-b47dc2056e2d15ba.min.js:1221:1282258)\n    at u (https://desktop.postman.com/_ar-assets/vendors-b47dc2056e2d15ba.min.js:1221:1280334)\n    at oA (https://desktop.postman.com/_ar-assets/vendors-b47dc2056e2d15ba.min.js:1221:1805189)\n    at ae (https://desktop.postman.com/_ar-assets/vendors-b47dc2056e2d15ba.min.js:1221:1814009)\n    at o9 (https://desktop.postman.com/_ar-assets/vendors-b47dc2056e2d15ba.min.js:1221:1813828)\n    at s (https://desktop.postman.com/_ar-assets/vendors-b47dc2056e2d15ba.min.js:1221:1854452)\n    at sE (https://desktop.postman.com/_ar-assets/vendors-b47dc2056e2d15ba.min.js:1221:1843971)\n    at s_ (https://desktop.postman.com/_ar-assets/vendors-b47dc2056e2d15ba.min.js:1221:1843896)\n    at sh (https://desktop.postman.com/_ar-assets/vendors-b47dc2056e2d15ba.min.js:1221:1840815)\n    at https://desktop.postman.com/_ar-assets/vendors-b47dc2056e2d15ba.min.js:1221:1792632\n    at t.unstable_runWithPriority (https://desktop.postman.com/_ar-assets/vendors-b47dc2056e2d15ba.min.js:1228:14862)\n    at iC (https://desktop.postman.com/_ar-assets/vendors-b47dc2056e2d15ba.min.js:1221:1792338)\n    at ij (https://desktop.postman.com/_ar-assets/vendors-b47dc2056e2d15ba.min.js:1221:1792578)\n    at iT (https://desktop.postman.com/_ar-assets/vendors-b47dc2056e2d15ba.min.js:1221:1792513)\n    at sg (https://desktop.postman.com/_ar-assets/vendors-b47dc2056e2d15ba.min.js:1221:1841199)\n    at te (https://desktop.postman.com/_ar-assets/vendors-b47dc2056e2d15ba.min.js:1221:1324593)\n    at tt (https://desktop.postman.com/_ar-assets/vendors-b47dc2056e2d15ba.min.js:1221:1324173)\n    at e1 (https://desktop.postman.com/_ar-assets/vendors-b47dc2056e2d15ba.min.js:1221:1320044)\n    at eP (https://desktop.postman.com/_ar-assets/vendors-b47dc2056e2d15ba.min.js:1221:1313649)\n    at eM (https://desktop.postman.com/_ar-assets/vendors-b47dc2056e2d15ba.min.js:1221:1313213)\n    at u.n (https://desktop.postman.com/_ar-assets/vendors-b47dc2056e2d15ba.min.js:1221:1313063)\n    at u.handleStatusChange (https://desktop.postman.com/_ar-assets/requester-desktop-3e2336d60a41d7fb.min.js:3148:127823)\n    at u.handleSyncStatusChange (https://desktop.postman.com/_ar-assets/requester-desktop-3e2336d60a41d7fb.min.js:3148:125758)\n    at t._next (https://desktop.postman.com/_ar-assets/requester-desktop-3e2336d60a41d7fb.min.js:3076:183577)\n    at t.__tryOrUnsub (https://desktop.postman.com/_ar-assets/vendors-b47dc2056e2d15ba.min.js:1229:19415)\n    at t.next (https://desktop.postman.com/_ar-assets/vendors-b47dc2056e2d15ba.min.js:1229:18614)\n    at t._next (https://desktop.postman.com/_ar-assets/vendors-b47dc2056e2d15ba.min.js:1229:17698)\n    at t.next (https://desktop.postman.com/_ar-assets/vendors-b47dc2056e2d15ba.min.js:1229:17369)\n    at t._next (https://desktop.postman.com/_ar-assets/vendors-b47dc2056e2d15ba.min.js:1229:50174)\n    at t.next (https://desktop.postman.com/_ar-assets/vendors-b47dc2056e2d15ba.min.js:1229:17369)\n    at t.notifyNext (https://desktop.postman.com/_ar-assets/vendors-b47dc2056e2d15ba.min.js:1229:25514)\n    at t._next (https://desktop.postman.com/_ar-assets/vendors-b47dc2056e2d15ba.min.js:1229:8726)"},{"lngs":["en-US"],"ns":"workspace-sidebar-core","key":"create_new_x.elements.document.offline_text","context":{"api":"i18n","domain":"ux-foundation"}}]
[29716][1786679250324][requester][info]["SyncManagerNew~_onReconnectScheduled",11144,1]
[29716][1786682273950][requester][warn]["NewRelicService~RecordCustomEvent: API request failed",{"name":"TypeError","message":"Failed to fetch","stack":"TypeError: Failed to fetch\n    at e.<computed> (https://desktop.postman.com/?desktopVersion=12.20.2&userId=51092757&teamId=12425541&region=us:6:19563)\n    at https://desktop.postman.com/_ar-assets/vendors-b47dc2056e2d15ba.min.js:1221:429\n    at f._onFinish (https://desktop.postman.com/_ar-assets/vendors-b47dc2056e2d15ba.min.js:1228:82276)\n    at e.exports.<anonymous> (https://desktop.postman.com/_ar-assets/vendors-b47dc2056e2d15ba.min.js:1228:81167)\n    at a.emit (https://desktop.postman.com/_ar-assets/vendors-b47dc2056e2d15ba.min.js:1221:759289)\n    at U (https://desktop.postman.com/_ar-assets/vendors-b47dc2056e2d15ba.min.js:1221:91807)\n    at P (https://desktop.postman.com/_ar-assets/vendors-b47dc2056e2d15ba.min.js:1221:90629)\n    at h.run (https://desktop.postman.com/_ar-assets/vendors-b47dc2056e2d15ba.min.js:1221:1715472)\n    at p (https://desktop.postman.com/_ar-assets/vendors-b47dc2056e2d15ba.min.js:1221:1715168)\n    at nrWrapper (https://desktop.postman.com/?desktopVersion=12.20.2&userId=51092757&teamId=12425541&region=us:6:17817)"}]
[29716][1786682273953][requester][warn]["NewRelicService~RecordCustomEvent: API request failed",{"name":"TypeError","message":"Failed to fetch","stack":"TypeError: Failed to fetch\n    at e.<computed> (https://desktop.postman.com/?desktopVersion=12.20.2&userId=51092757&teamId=12425541&region=us:6:19563)\n    at https://desktop.postman.com/_ar-assets/vendors-b47dc2056e2d15ba.min.js:1221:429\n    at f._onFinish (https://desktop.postman.com/_ar-assets/vendors-b47dc2056e2d15ba.min.js:1228:82276)\n    at e.exports.<anonymous> (https://desktop.postman.com/_ar-assets/vendors-b47dc2056e2d15ba.min.js:1228:81167)\n    at a.emit (https://desktop.postman.com/_ar-assets/vendors-b47dc2056e2d15ba.min.js:1221:759289)\n    at U (https://desktop.postman.com/_ar-assets/vendors-b47dc2056e2d15ba.min.js:1221:91807)\n    at P (https://desktop.postman.com/_ar-assets/vendors-b47dc2056e2d15ba.min.js:1221:90629)\n    at h.run (https://desktop.postman.com/_ar-assets/vendors-b47dc2056e2d15ba.min.js:1221:1715472)\n    at p (https://desktop.postman.com/_ar-assets/vendors-b47dc2056e2d15ba.min.js:1221:1715168)\n    at nrWrapper (https://desktop.postman.com/?desktopVersion=12.20.2&userId=51092757&teamId=12425541&region=us:6:17817)"}]
[29716][1786682273955][requester][warn]["NewRelicService~RecordCustomEvent: API request failed",{"name":"TypeError","message":"Failed to fetch","stack":"TypeError: Failed to fetch\n    at e.<computed> (https://desktop.postman.com/?desktopVersion=12.20.2&userId=51092757&teamId=12425541&region=us:6:19563)\n    at https://desktop.postman.com/_ar-assets/vendors-b47dc2056e2d15ba.min.js:1221:429\n    at f._onFinish (https://desktop.postman.com/_ar-assets/vendors-b47dc2056e2d15ba.min.js:1228:82276)\n    at e.exports.<anonymous> (https://desktop.postman.com/_ar-assets/vendors-b47dc2056e2d15ba.min.js:1228:81167)\n    at a.emit (https://desktop.postman.com/_ar-assets/vendors-b47dc2056e2d15ba.min.js:1221:759289)\n    at U (https://desktop.postman.com/_ar-assets/vendors-b47dc2056e2d15ba.min.js:1221:91807)\n    at P (https://desktop.postman.com/_ar-assets/vendors-b47dc2056e2d15ba.min.js:1221:90629)\n    at h.run (https://desktop.postman.com/_ar-assets/vendors-b47dc2056e2d15ba.min.js:1221:1715472)\n    at p (https://desktop.postman.com/_ar-assets/vendors-b47dc2056e2d15ba.min.js:1221:1715168)\n    at nrWrapper (https://desktop.postman.com/?desktopVersion=12.20.2&userId=51092757&teamId=12425541&region=us:6:17817)"}]
[29716][1786682277481][requester][info]["[OriginScopedMCPManager] Manually resyncing connections",{"origin":"agent-mode"}]
[29716][1786682277482][requester][info]["[OriginScopedMCPManager] Syncing existing connections",{"origin":"agent-mode","serverCount":0}]
[29716][1786682277483][requester][info]["[OriginScopedMCPManager] No runtime state updates needed",{"origin":"agent-mode"}]
[29716][1786682278183][requester][warn]["[ai-actions] Prediction trigger failed:",{"name":"TypeError","message":"Failed to fetch","stack":"TypeError: Failed to fetch\n    at e.<computed> (https://desktop.postman.com/?desktopVersion=12.20.2&userId=51092757&teamId=12425541&region=us:6:19563)\n    at https://desktop.postman.com/_ar-assets/vendors-b47dc2056e2d15ba.min.js:1221:429\n    at h (https://desktop.postman.com/_ar-assets/WorkspaceDetailsPage-ece6d42f27125948.min.js:200:12538)\n    at https://desktop.postman.com/_ar-assets/ai-chat-dae96c1db55fa6af.min.js:68:33318"}]
[29716][1786682279498][requester][info]["SyncManagerNew~createSocket",{"forceConnect":true}]
[29716][1786682280333][requester][info]["SyncManagerNew~_onConnect"]
[29716][1786682280673][requester][info]["SyncManagerNew~signIn",{}]
[29716][1786682280682][requester][info]["SyncTimelineHelper: Force stopping all timelines"]
[29716][1786682280683][requester][info]["BaseSyncTimeline~forceStop: Force stop user:51092757"]
[29716][1786682280757][requester][info]["BaseSyncTimeline~subscribe: Subscribing to real time changes for user:51092757"]
[29716][1786682280758][requester][info]["BaseSyncTimeline~_sync: Starting sync for user:51092757"]
[29716][1786682280759][requester][info]["BaseSyncTimeline~getPendingClientChanges: Starting to get pending changes for user:51092757"]
[29716][1786682280766][requester][info]["BaseSyncTimeline~getPendingClientChanges: Finished to get pending changes for user:51092757"]
[29716][1786682280769][requester][info]["BaseSyncTimeline~getPendingServerChanges: Starting /sync call for user:51092757"]
[29716][1786682281345][requester][info]["VariableSyncSettingsStore~fetchDataAndSubscribe: status 200, retry 0"]
[29716][1786682281416][requester][info]["EnvironmentSessionUpdate~updateDependentSession event","2dca063f-6053-49b6-8f60-43d1cef5d108",{"model":"collection","triggerSource":"collection-store-sync","workspaceMode":"Cloud","isFilesystemSession":false}]
[29716][1786682281417][requester][info]["VariableSessionController~update - event update","collection/2dca063f-6053-49b6-8f60-43d1cef5d108/057aa423-deb1-4f21-8ae0-c2d55832f386",{"triggerSource":"collection-store-sync"}]
[29716][1786682281419][requester][info]["EnvironmentSessionUpdate~updateDependentSession event","2dca063f-6053-49b6-8f60-43d1cef5d108",{"model":"collection","triggerSource":"collection-store-sync","workspaceMode":"Cloud","isFilesystemSession":false}]
[29716][1786682281419][requester][info]["VariableSessionController~update - event update","collection/2dca063f-6053-49b6-8f60-43d1cef5d108/057aa423-deb1-4f21-8ae0-c2d55832f386",{"triggerSource":"collection-store-sync"}]
[29716][1786682281422][requester][info]["EnvironmentSessionUpdate~updateDependentSession event","2dca063f-6053-49b6-8f60-43d1cef5d108",{"model":"collection","triggerSource":"collection-store-sync","workspaceMode":"Cloud","isFilesystemSession":false}]
[29716][1786682281423][requester][info]["VariableSessionController~update - event update","collection/2dca063f-6053-49b6-8f60-43d1cef5d108/057aa423-deb1-4f21-8ae0-c2d55832f386",{"triggerSource":"collection-store-sync"}]
[29716][1786682281424][requester][info]["EnvironmentSessionUpdate~updateDependentSession event","2dca063f-6053-49b6-8f60-43d1cef5d108",{"model":"collection","triggerSource":"collection-store-sync","workspaceMode":"Cloud","isFilesystemSession":false}]
[29716][1786682281425][requester][info]["VariableSessionController~update - event update","collection/2dca063f-6053-49b6-8f60-43d1cef5d108/057aa423-deb1-4f21-8ae0-c2d55832f386",{"triggerSource":"collection-store-sync"}]
[29716][1786682281429][requester][info]["EnvironmentSessionUpdate~updateDependentSession event","2dca063f-6053-49b6-8f60-43d1cef5d108",{"model":"collection","triggerSource":"collection-store-sync","workspaceMode":"Cloud","isFilesystemSession":false}]
[29716][1786682281429][requester][info]["VariableSessionController~update - event update","collection/2dca063f-6053-49b6-8f60-43d1cef5d108/057aa423-deb1-4f21-8ae0-c2d55832f386",{"triggerSource":"collection-store-sync"}]
[29716][1786682281432][requester][info]["EnvironmentSessionUpdate~updateDependentSession event","2dca063f-6053-49b6-8f60-43d1cef5d108",{"model":"collection","triggerSource":"collection-store-sync","workspaceMode":"Cloud","isFilesystemSession":false}]
[29716][1786682281432][requester][info]["VariableSessionController~update - event update","collection/2dca063f-6053-49b6-8f60-43d1cef5d108/057aa423-deb1-4f21-8ae0-c2d55832f386",{"triggerSource":"collection-store-sync"}]
[29716][1786682281442][requester][info]["EnvironmentSessionUpdate~updateDependentSession event","2dca063f-6053-49b6-8f60-43d1cef5d108",{"model":"collection","triggerSource":"collection-store-sync","workspaceMode":"Cloud","isFilesystemSession":false}]
[29716][1786682281442][requester][info]["VariableSessionController~update - event update","collection/2dca063f-6053-49b6-8f60-43d1cef5d108/057aa423-deb1-4f21-8ae0-c2d55832f386",{"triggerSource":"collection-store-sync"}]
[29716][1786682281444][requester][info]["EnvironmentSessionUpdate~updateDependentSession event","2dca063f-6053-49b6-8f60-43d1cef5d108",{"model":"collection","triggerSource":"collection-store-sync","workspaceMode":"Cloud","isFilesystemSession":false}]
[29716][1786682281445][requester][info]["VariableSessionController~update - event update","collection/2dca063f-6053-49b6-8f60-43d1cef5d108/057aa423-deb1-4f21-8ae0-c2d55832f386",{"triggerSource":"collection-store-sync"}]
[29716][1786682281448][requester][info]["EnvironmentSessionUpdate~updateDependentSession event","c40353bc-04cb-4505-95cb-3556d4dbe395",{"model":"environment","triggerSource":"realtime-import","workspaceMode":"Cloud","isFilesystemSession":false}]
[29716][1786682281449][requester][info]["VariableSessionController~update - event update","environment/c40353bc-04cb-4505-95cb-3556d4dbe395/057aa423-deb1-4f21-8ae0-c2d55832f386",{"triggerSource":"realtime-import"}]
[29716][1786682295216][requester][info]["BaseSyncTimeline~SyncFinishedObservable: Successful sync proceeding with integrity check and force sync for user:51092757"]
[29716][1786682295217][requester][info]["BaseSyncTimeline~_handleForceSync: Bailing out of force sync for user:51092757"]
[29716][1786682295292][requester][info]["EnvironmentSessionUpdate~updateDependentSession event","2dca063f-6053-49b6-8f60-43d1cef5d108",{"model":"collection","triggerSource":"collection-store-sync","workspaceMode":"Cloud","isFilesystemSession":false}]
[29716][1786682295292][requester][info]["VariableSessionController~update - event update","collection/2dca063f-6053-49b6-8f60-43d1cef5d108/057aa423-deb1-4f21-8ae0-c2d55832f386",{"triggerSource":"collection-store-sync"}]
